{"x": -0.0898652520408432, "y": -0.11886826982338447, "r": 0.3110861725663421, "b": 0.3330268429513334}