{"x": 0.3192172472568657, "y": 0.05785766602875572, "r": 0.1435256149546152, "b": -0.09152625241080042}