{"x": -0.03178404576876997, "y": 0.1362716752083908, "r": -0.23986928683666356, "b": -0.020612180583720028}