{"x": 0.21648661520387144, "y": 0.2856459071392332, "r": 0.046347415430667505, "b": 0.13202135015661226}