{"x": 0.039773015151064774, "y": 0.3285381326473316, "r": -0.08229525349033645, "b": 0.17155212469053155}