{"x": -0.038688451626775824, "y": -0.08803234736919265, "r": -0.17210185164410371, "b": -0.15070398412262895}