{"x": 0.15928822717560628, "y": 0.34162512217456126, "r": -0.2041422067269485, "b": -0.0005863261914120236}