{"x": 0.15520396702937622, "y": 0.28601817299647636, "r": -0.14682863286217596, "b": 0.025042478993656365}