{"x": 0.22946691344918002, "y": 0.25499922064542213, "r": -0.13907818758569732, "b": -0.10270545293941029}