{"x": 0.06023749923657044, "y": 0.1723728727588678, "r": -0.26290650907307866, "b": -0.17769154431119294}