{"x": 0.18388271990973967, "y": -0.007284854918982039, "r": 0.1733985447596845, "b": -0.037658795392654335}