{"x": -0.0625747088133722, "y": 0.2335656136499181, "r": 0.006484483285145186, "b": 0.3238996155414408}