{"x": -0.011645151728096423, "y": 0.37357034556751384, "r": -0.3303019543895937, "b": 0.03942847023923245}