{"x": 0.08841530127652353, "y": -0.31035821382651785, "r": 0.04602779659815384, "b": -0.31792344594773736}