{"x": -0.07974054193204227, "y": -0.028632785559254047, "r": -0.33621246515294156, "b": -0.28101938967697143}