{"x": 0.08185183744794461, "y": 0.15954354604540832, "r": -0.28075777308894007, "b": -0.20008760472763004}