{"x": -0.007888001402088689, "y": 0.1931545735898676, "r": 0.06492261754892587, "b": 0.3353279480765081}