{"x": 0.20039132033730003, "y": 0.10350876712928629, "r": 0.06339576433344596, "b": -0.050833611869465264}