{"x": 0.13704613000732557, "y": 0.13359625900210423, "r": -0.23377058853722432, "b": -0.20343880684685164}