{"x": 0.15945239755133825, "y": 0.08182980344451951, "r": -0.11912443369306858, "b": -0.1889897894261711}