{"x": 0.036304011147840494, "y": 0.10310706388992652, "r": -0.3062123256477999, "b": -0.1857371371339294}