{"x": 0.26448255428347683, "y": -0.18971882751801852, "r": 0.2440199543893098, "b": -0.22212700546225606}