{"x": -0.03601538256378394, "y": -0.2554840514855982, "r": 0.09585446672331847, "b": -0.1374174930434605}