{"x": -0.1616711434229089, "y": -0.12397003967351747, "r": 0.23733694063555247, "b": 0.257976970189109}