{"x": 0.1541827597126141, "y": 0.025336453272802966, "r": -0.1816702811037806, "b": -0.30703937833320677}