{"x": 0.09984668006857234, "y": -0.00900472495565219, "r": -0.19836224646491488, "b": -0.3035393526751786}