{"x": 0.05861909461840791, "y": 0.38411323313585155, "r": 0.07093427848324549, "b": 0.2920192276334637}