{"x": 0.2908726240678772, "y": 0.17202504678532488, "r": -0.06267981326382895, "b": -0.1785066075432584}