{"x": 0.12531203497617058, "y": 0.15318648444498661, "r": -0.215649553402904, "b": -0.21290792471624184}