{"x": 0.034860343863841486, "y": -0.07352154791446586, "r": -0.12727885296957916, "b": -0.18148871006039213}