{"x": 0.17734621064443684, "y": 0.06131702338472939, "r": 0.2589421807981372, "b": 0.12117237102277681}