{"x": -0.37136532762791763, "y": 0.003688598772252019, "r": -0.14932342575655588, "b": 0.21890345091248883}