{"x": 0.24144378458277205, "y": 0.1671271597381311, "r": 0.12956807017545605, "b": 0.05990131070041031}