{"x": 0.21950962810238778, "y": 0.26889100798074794, "r": -0.06697887361292885, "b": -0.011626686217542042}