{"x": 0.08109733895555356, "y": 0.14409282526266537, "r": -0.14928288929663114, "b": -0.03652750395410024}