{"x": 0.1642601090374667, "y": 0.14721142262549722, "r": -0.06980898262316156, "b": -0.02433269692579451}