{"x": 0.1541998171206415, "y": 0.1141043239859323, "r": -0.08241756319465841, "b": -0.13182260047186398}