{"x": 0.35320477086233376, "y": 0.14943352790680914, "r": 0.09807364737294451, "b": -0.11357980591602539}