{"x": 0.04755675686646084, "y": 0.029567563771222393, "r": -0.25120675246225754, "b": -0.28278580002786996}