{"x": 0.053745996381626644, "y": 0.16495428593464156, "r": -0.25853970169032475, "b": -0.17468368550944752}