{"x": 0.13045491145980986, "y": 0.12063983791660378, "r": 0.2453045639736301, "b": 0.25539751993959936}