{"x": 0.15888575349623332, "y": 0.3210122425991115, "r": -0.19111243780968712, "b": -0.036912800032346205}