{"x": 0.11835479463163301, "y": 0.2959143960138269, "r": -0.1566175832165317, "b": 0.02473797430258264}