{"x": 0.2951768326750751, "y": 0.2252669145331548, "r": -0.04452107791583521, "b": -0.049762234723875705}