{"x": 0.20673019526764094, "y": -0.08436602850445306, "r": -0.066744762968467, "b": -0.35784098674056103}