{"x": 0.23836166289446495, "y": 0.190198470001744, "r": -0.061134436342913955, "b": -0.109297629235635}