{"x": 0.33283410231233024, "y": 0.013426481311180499, "r": 0.1822741003243293, "b": -0.2247439240592236}