{"x": -0.06074398714848616, "y": 0.05653051860379513, "r": -0.2890258659516046, "b": -0.14368888306489083}