{"x": -0.2590496181610477, "y": -0.46880436135077064, "r": 0.07092589168737562, "b": -0.15504806503708538}