{"x": 0.046337382350398325, "y": 0.4058172345387938, "r": -0.016360532197216667, "b": 0.2464469075902598}