{"x": 0.34127850830388834, "y": 0.05012613603431503, "r": 0.2227093327481881, "b": -0.10205692689426113}