{"x": 0.07970037211186276, "y": 0.1636972748103704, "r": -0.2937818522263074, "b": -0.18486662890488612}