{"x": -0.31121195578981353, "y": 0.20823035913830135, "r": -0.25992159628670003, "b": 0.1656555079714936}