{"x": 0.09720848838463293, "y": 0.27642594420655214, "r": -0.19472897242775017, "b": -0.02300424188823975}