{"x": -0.06980409490486221, "y": 0.08457169701256342, "r": 0.16473986269895846, "b": 0.3989353070476656}