{"x": 0.15504898182595353, "y": 0.24483260025243414, "r": -0.10565697859713795, "b": -0.03267549743376889}