{"x": 0.21259240208546853, "y": 0.09032890830396621, "r": 0.07992079426786675, "b": -0.05977643603991452}