{"x": -0.35800794344747994, "y": 0.14605289800091828, "r": -0.19962316733903288, "b": 0.27888506875403196}