{"x": 0.2128472642928514, "y": 0.23656081985300745, "r": -0.1317676731178795, "b": -0.12075537846061625}