{"x": 0.12754568318456905, "y": 0.06909491814880923, "r": -0.24203568162330044, "b": -0.2879408021776246}