{"x": 0.07160360077576641, "y": 0.17520394942706777, "r": -0.27994445051292044, "b": -0.17331395256857576}