{"x": 0.34868060352798175, "y": 0.00969152959681299, "r": 0.15970582946299217, "b": -0.15224907027034293}