{"x": -0.05743545893425834, "y": 0.18052952370518133, "r": -0.2641164123523289, "b": -0.04365111456396124}