{"x": 0.15743375001044593, "y": 0.34232943079070666, "r": -0.17669844635564913, "b": 0.004477302560735032}