{"x": -0.006760035830271082, "y": 0.099884282257568, "r": -0.2038085456731837, "b": -0.0828258081182538}