{"x": 0.016643296013887584, "y": 0.04490159309823069, "r": -0.24054805445268462, "b": -0.22917177213046488}