{"x": 0.3169495377591231, "y": 0.15486537462673178, "r": -0.03571788940497309, "b": -0.16143505406343728}