{"x": -0.169695214942649, "y": -0.07008453277250123, "r": -0.356484509637769, "b": -0.26141690403357026}