{"x": 0.19618023566440013, "y": -0.05638964765050413, "r": -0.11536754172479416, "b": -0.3429027987629415}