{"x": 0.19719485718714116, "y": 0.29273470664141793, "r": -0.12948369614711785, "b": -0.04215508384730128}