{"x": 0.06198386877081635, "y": 0.2485560882341904, "r": -0.156912931830497, "b": 0.043068784618262045}