{"x": -0.023247393637132234, "y": 0.3307634345887898, "r": -0.2820310043019289, "b": 0.0551339968936476}