{"x": 0.29932579258836267, "y": 0.3528280019392286, "r": -0.06473738061335492, "b": 0.024491616759886675}