{"x": 0.1331027448059101, "y": 0.13471848562472322, "r": -0.09657078956155847, "b": -0.12433190548296902}