{"x": -0.0031027749900772172, "y": -0.12308694316330797, "r": -0.24786067674596232, "b": -0.36784484491919295}