{"x": -0.14107223165496452, "y": 0.2008976498824579, "r": -0.3079924305278466, "b": 0.023817941239733412}