{"x": 0.06469109660852884, "y": 0.18401598478062045, "r": -0.09417980744941054, "b": 0.0519896263378532}