{"x": 0.07386298451821935, "y": 0.0038398338661948302, "r": -0.23790774356957695, "b": -0.31632393412296994}