{"x": 0.10690805059617452, "y": -0.17745669316219845, "r": -0.0012876895656113475, "b": -0.29652809502932864}