{"x": 0.1391518788537874, "y": -0.30933112442493416, "r": 0.5501781300407853, "b": 0.08448748955246753}