{"x": 0.14973766201617275, "y": 0.09587434855898504, "r": -0.18900596473620618, "b": -0.22176535138761877}