{"x": -0.18542008032448057, "y": 0.29736660365519413, "r": -0.07598924212869551, "b": 0.38232470277313046}