{"x": -0.09679721302068257, "y": -0.188441874572573, "r": 0.2836724623431321, "b": 0.2934182289253098}