{"x": 0.24986905135042817, "y": -0.1920533646575155, "r": 0.47862746608684575, "b": 0.08489165457836946}