{"x": -0.052240448577550204, "y": 0.003138609536388858, "r": -0.265403703013712, "b": -0.16582033335124274}