{"x": 0.21657079229857837, "y": 0.08835412424037431, "r": 0.10687103668017496, "b": -0.10083672462638624}