{"x": -0.053249943065273884, "y": 0.029083333991819175, "r": -0.22847070719744675, "b": -0.14613743014035369}