{"x": -0.388912498940679, "y": -0.43712476473054046, "r": 0.08608980294000336, "b": 0.04598194540223351}