{"x": 0.2529697614827732, "y": 0.20375610501268548, "r": -0.013741805877267551, "b": -0.06295546234735529}