{"x": 0.09878561498720859, "y": 0.19352919013385225, "r": -0.030317942709824484, "b": 0.0737901103110451}