{"x": 0.30523278864676595, "y": 0.1519954574053239, "r": 0.09812317143757439, "b": -0.1368920916612153}