{"x": 0.06593524445632785, "y": -0.10297183024470016, "r": -0.19423951495838707, "b": -0.35927315908043433}