{"x": -0.3685750907382255, "y": 0.07658895090065969, "r": -0.3560240693212161, "b": 0.06612744910364612}