{"x": -0.11697394089228147, "y": -0.2847926860498797, "r": 0.11568811121590013, "b": 0.0034781804391218}