{"x": 0.06278737857801953, "y": 0.22657193382604074, "r": -0.27714172490767053, "b": -0.1133571696596493}