{"x": 0.1669339850414289, "y": 0.32883659216794153, "r": 0.057466705954054995, "b": 0.224262350008659}