{"x": -0.13746243805718078, "y": 0.20049682876487895, "r": -0.021137605108947917, "b": 0.3168216617131118}