{"x": 0.0701387074055778, "y": -0.14888290751312153, "r": -0.09712453536925857, "b": -0.2549846935426069}