{"x": 0.13205709393813148, "y": 0.1216508073606704, "r": -0.14614917285084117, "b": -0.11600524969734584}