{"x": -0.010625653160181046, "y": -0.003611830640361719, "r": -0.282857100890789, "b": -0.27584327837096956}