{"x": 0.17791732092738993, "y": 0.15684829604733044, "r": -0.11988624293205347, "b": -0.10325344573745221}