{"x": -0.3055871560363628, "y": -0.20355037694696593, "r": -0.14512570928012783, "b": 0.07056451047096214}