{"x": -0.35393976326434695, "y": 0.02422208974272301, "r": -0.27878510498920983, "b": 0.1384732810460461}