{"x": 0.293965694317901, "y": 0.013655706162822004, "r": 0.059907114548012785, "b": -0.20730985787663672}