{"x": 0.31709840449073634, "y": -0.08342923276313939, "r": 0.13635804918387437, "b": -0.2495399515576237}