{"x": 0.08616240370506478, "y": -0.18175383227691225, "r": -0.07958605565748819, "b": -0.29842867160196834}