{"x": 0.1709576306616753, "y": 0.18003659310418194, "r": -0.01781880535093045, "b": -0.018632813200953027}