{"x": 0.1126212319749597, "y": 0.04340863476897588, "r": -0.20065214959595995, "b": -0.24489286976815902}