{"x": -0.004425832257947645, "y": 0.2654169664862347, "r": -0.2325122538141942, "b": 0.09402476255580096}