{"x": 0.257939457025263, "y": 0.11336422286348105, "r": -0.07436695312155392, "b": -0.17577234311179388}