{"x": 0.14913914297806963, "y": 0.10618985288179938, "r": -0.09687611748302093, "b": -0.09746671434676836}