{"x": 0.28695445025198196, "y": 0.1426426760998659, "r": -0.0836645725104239, "b": -0.22120880927288866}