{"x": -0.025824755129282822, "y": 0.13866839468200118, "r": -0.2756603697749925, "b": -0.09828886141685372}