{"x": 0.11346998322922551, "y": -0.10580911086329103, "r": -0.13532237403987896, "b": -0.32956121337469896}