{"x": -0.056342637768899716, "y": 0.03965637508700515, "r": -0.290621734746794, "b": -0.132114893072758}