{"x": -0.2967856407879622, "y": -0.06467211980202185, "r": -0.17398657308227375, "b": 0.03335932141015878}