{"x": 0.017462098222620476, "y": 0.25884487018907293, "r": -0.3459634688840053, "b": -0.04223577823211915}