{"x": 0.12382589946287398, "y": -0.15521782794188646, "r": 0.049416918759462795, "b": -0.26644008782186757}