{"x": 0.40362524459608473, "y": 0.07279567970899098, "r": 0.3057238661415884, "b": -0.03014535584911152}