{"x": 0.3137121097641148, "y": 0.17852627464139206, "r": -0.05992983314558035, "b": -0.1582710766747557}