{"x": 0.10697894914836938, "y": -0.20662793199629909, "r": 0.01722404023862921, "b": -0.24751062125018636}