{"x": 0.18328288502826423, "y": 0.23864301863319864, "r": -0.12740963747393957, "b": -0.09833665343459908}