{"x": 0.011653757866165385, "y": 0.2992550826898114, "r": -0.2742950299468949, "b": -0.002444834803842943}