{"x": -0.012143683801844109, "y": -0.01546590579631246, "r": -0.2502908607497256, "b": -0.2629039708301954}