{"x": 0.22597086739209482, "y": -0.02585125467469858, "r": 0.063548166595793, "b": -0.1882739554710006}