{"x": 0.2311547476000252, "y": 0.1720765273859065, "r": -0.08159397132172289, "b": -0.13328239281457036}