{"x": 0.2308212505300462, "y": -0.01797469364896803, "r": 0.1455833712842341, "b": -0.09555765975039364}