{"x": 0.019818312462876166, "y": 0.3146358187385774, "r": -0.3090158693192912, "b": -0.011062074173413197}