{"x": 0.02471108384036256, "y": -0.0377327385750211, "r": -0.19792188118800622, "b": -0.2698457893957266}