{"x": 0.0633864500300618, "y": 0.05504571595468031, "r": -0.2813219041790502, "b": -0.25111607085496795}