{"x": -0.2164225317032185, "y": -0.1069154967674256, "r": -0.04515537029943945, "b": 0.08967636001805679}