{"x": 0.1492969511720074, "y": 0.11045649363292813, "r": 0.038055660300227376, "b": -0.08013825341101438}