{"x": 0.19153987045305643, "y": 0.14656541349467045, "r": -0.0911241064302077, "b": -0.1360985633885937}