{"x": 0.15424138060009457, "y": -0.23719946591724828, "r": 0.22585303607601306, "b": -0.18712774321471443}