{"x": -0.0622450757446798, "y": 0.20375031035855826, "r": 0.03132730902145575, "b": 0.3090815379716408}