{"x": 0.09823791163887881, "y": -0.01566324184534473, "r": 0.361615483332605, "b": 0.31554668269099767}