{"x": 0.08404770556978337, "y": 0.25588044884250577, "r": 0.0024370223127341242, "b": 0.19254616989874884}