{"x": -0.2576955874266101, "y": -0.2547472435823157, "r": -0.16858105843883248, "b": -0.19038531752607854}