{"x": 0.13133367474872648, "y": 0.04374787345977545, "r": -0.17524810328543264, "b": -0.23971996384218897}