{"x": -0.011664629808796421, "y": 0.1305046743705069, "r": -0.27015373104801843, "b": -0.11474316081941552}