{"x": 0.03240311240259508, "y": -0.30110657151700604, "r": -0.055390245412441745, "b": -0.3299210516045668}