{"x": 0.2271824476392486, "y": 0.19123011966470876, "r": -0.094923961953312, "b": -0.1391432849328209}