{"x": 0.020992272207601883, "y": 0.04485385975422134, "r": -0.32396265690294773, "b": -0.30376053902610173}