{"x": -0.11637964515399488, "y": 0.12974332807898192, "r": -0.28799342931272043, "b": 0.025752908478727653}