{"x": 0.3156415377432617, "y": -0.04401949118991804, "r": 0.28359543965678713, "b": -0.05878069817079395}