{"x": -0.13259323912026139, "y": 0.2982805790088687, "r": -0.12489302141535408, "b": 0.28645172272724634}