{"x": 0.3227295391766446, "y": 0.08923828765645385, "r": 0.06285685947643198, "b": -0.1579826429788051}