{"x": -0.0423437738205795, "y": 0.2993073544046188, "r": -0.28319927240311044, "b": 0.06242643436354008}