{"x": 0.09624804226010232, "y": 0.02597764601099074, "r": 0.23530167752999037, "b": 0.20645141347251203}