{"x": -0.037981187833823184, "y": 0.17918511692485292, "r": -0.36196849475766674, "b": -0.15839038483469253}