{"x": 0.1957126297888983, "y": -0.015004734456503474, "r": -0.15550703074869157, "b": -0.36622439499409315}