{"x": 0.18581813450063825, "y": -0.033392766482098074, "r": -0.09931282142274189, "b": -0.3062512924642487}