{"x": -0.18535474272650718, "y": 0.20419815310673553, "r": -0.29132729570665583, "b": 0.09822560012658688}