{"x": 0.4043899110785688, "y": 0.11503439887223604, "r": 0.15286615067482823, "b": -0.09630271779479259}