{"x": 0.026537147417336964, "y": 0.28447202535757504, "r": -0.35340808911193433, "b": -0.05538346353350247}