{"x": 0.23330142456130795, "y": -0.014994291998188906, "r": 0.056974788820899507, "b": -0.15416273085470616}