{"x": 0.09081607596285152, "y": 0.2598175232262897, "r": -0.21128523102366223, "b": 0.02606711916377706}