{"x": 0.3273561921420406, "y": 0.17677738156346484, "r": 0.020209849718748982, "b": -0.10281228129711693}