{"x": 0.3056898913705782, "y": 0.2667159686714453, "r": -0.05450562519759963, "b": -0.09347954789673259}