{"x": -0.082000743867521, "y": 0.16494678254763928, "r": -0.2939750132070133, "b": -0.07836941926130504}