{"x": 0.4056699833924596, "y": 0.006855217534344866, "r": 0.14687655991431275, "b": -0.2392136295228261}