{"x": -0.27108425040479056, "y": 0.027564902417257325, "r": -0.3735322425130968, "b": -0.07068892142987317}