{"x": 0.39907220488693645, "y": 0.01751469179195837, "r": 0.28298464462033573, "b": -0.10792643926547243}