{"x": 0.19631085115707708, "y": -0.04684351634704706, "r": 0.23127745071762765, "b": 0.022621969865521854}