{"x": 0.22688245079812747, "y": 0.3886556808750466, "r": -0.027984176318592274, "b": 0.12470206140609175}