{"x": -0.08878581946967062, "y": 0.14870807859078658, "r": -0.16258898650960477, "b": 0.10858479638576453}