{"x": 0.09246470389561107, "y": 0.28159552949472844, "r": -0.28772787188001253, "b": -0.04800052185441549}