{"x": 0.09503654925856998, "y": -0.021073618786628587, "r": -0.21491617746219596, "b": -0.29989639332938406}