{"x": 0.22702252285988292, "y": 0.17087258232707447, "r": 0.0672736391374027, "b": 0.02554861047201949}