{"x": 0.20735917900062473, "y": 0.31410950211132294, "r": -0.11742183520470514, "b": 0.029047251776267786}