{"x": -0.11560306774712852, "y": -0.17413846249256507, "r": -0.22978079695806644, "b": -0.28344903636949714}