{"x": 0.23966315313588854, "y": 0.1669272410405019, "r": -0.023492224115824963, "b": -0.02406294119978166}