{"x": 0.19529409338870043, "y": -0.042640480617524575, "r": -0.013854686705630054, "b": -0.24517125887163996}