{"x": -0.082181080765761, "y": -0.2626888840423603, "r": -0.1951106713407599, "b": -0.2887404448283127}