{"x": 0.26336878498191046, "y": -0.048044049239578494, "r": 0.10708731223989212, "b": -0.20432552198159723}