{"x": 0.16840970393202478, "y": 0.17880905504565583, "r": -0.1403442998702086, "b": -0.11760127025304601}