{"x": -0.161238924739569, "y": 0.02971888621599483, "r": -0.3649959082934424, "b": -0.09605553387150514}