{"x": 0.08629601310124047, "y": 0.1697014267222428, "r": -0.2565316624484282, "b": -0.1695154118798967}