{"x": 0.19085592193030643, "y": -0.0920402923346962, "r": 0.32864305743293726, "b": 0.0004939457331708775}