{"x": -0.20431061012544885, "y": 0.06562489713794234, "r": -0.39384067980458803, "b": -0.1284329375150564}