{"x": 0.039730494553652185, "y": 0.14482417458193547, "r": -0.30624958611445985, "b": -0.1477665249162267}