{"x": 0.24907455385356672, "y": 0.07595185732539847, "r": -0.1095456280711682, "b": -0.24119980187895282}