{"x": -0.008280290201061984, "y": 0.2747575701889914, "r": -0.28868950362901913, "b": -0.009671703499144103}