{"x": -0.09432659861268611, "y": -0.08702594252759553, "r": -0.2788564156498766, "b": -0.271555759564786}