{"x": 0.10617639239072547, "y": 0.09970391834821066, "r": -0.22262206260198422, "b": -0.2443491172128471}