{"x": 0.11561604150860612, "y": -0.06770173838676127, "r": -0.10848366849726873, "b": -0.28817574610294394}