{"x": 0.14963480176932228, "y": 0.12626996679345268, "r": -0.09350755387948684, "b": -0.12610236012793155}