{"x": -0.09915486060205236, "y": 0.27140771047016893, "r": -0.30264631575365897, "b": -0.014234850203917404}