{"x": -0.007069572752237831, "y": 0.00478579142597727, "r": -0.3325854117522597, "b": -0.3175782524291849}