{"x": -0.07672621781601356, "y": 0.3424394684312007, "r": -0.16021900840976583, "b": 0.26661619423415384}