{"x": -0.33665543734541764, "y": -0.2551001178178127, "r": -0.2814742404306455, "b": -0.09657643254540822}