{"x": -0.15681686418240431, "y": -0.035273358648515316, "r": -0.17791806928193124, "b": -0.05637456374804223}