{"x": -0.21394325424825503, "y": -0.13009587180110638, "r": 0.20972796162780197, "b": 0.16646184265744554}