{"x": -0.020457648234708595, "y": 0.15024889276881517, "r": -0.3354343348404873, "b": -0.1730817366832345}