{"x": -0.20401636599029604, "y": 0.011406516204064372, "r": -0.23589921481841555, "b": 0.0117942390816742}