{"x": 0.33401317512486733, "y": 0.13320591241361876, "r": 0.07042926605913419, "b": -0.09715621811372639}