{"x": 0.1371938851978655, "y": -0.10294109396931773, "r": -0.0026145011150659103, "b": -0.209016475823932}