{"x": -0.11295213409661081, "y": 0.09098881467159764, "r": 0.004759024363478439, "b": 0.21805320458323577}