{"x": 0.27963033396609754, "y": 0.16553989895776008, "r": 0.07407487872889228, "b": -0.04842237685894603}