{"x": -0.4195165700843524, "y": -0.07606086249429447, "r": -0.08536378531828548, "b": 0.2643262810790905}