{"x": 0.07884808025339096, "y": 0.3162698394224847, "r": -0.16171537876223982, "b": 0.045501517981338516}