{"x": 0.05427514784994779, "y": 0.27834297291166415, "r": -0.0958322753615673, "b": 0.15535978087424965}