{"x": 0.1478056057261778, "y": 0.2490179375588198, "r": 0.16857461600020515, "b": 0.24726998437092018}