{"x": 0.1455601421835729, "y": 0.24767808482492149, "r": -0.1686568515262378, "b": -0.016170665485044502}