{"x": 0.2659282283960485, "y": 0.04379801875550106, "r": 0.3673370006000168, "b": 0.20708368827429946}