{"x": -0.006726056808084598, "y": 0.23025794411188452, "r": -0.21048145127552273, "b": 0.02650254964444629}