{"x": 0.03276941007453424, "y": -0.10678635524589283, "r": -0.2019741712870657, "b": -0.35086233195674194}