{"x": 0.27648382763346707, "y": 0.16981999481292492, "r": -0.07225567461711986, "b": -0.19201017070900697}