{"x": 0.21245522675418074, "y": -0.017186239593548883, "r": 0.006365504123239694, "b": -0.25355220161568287}