{"x": -0.11560917629046678, "y": -0.11113104541449811, "r": -0.26458636854410367, "b": -0.26010823766813534}