{"x": 0.09263366486521464, "y": 0.2110077557646425, "r": -0.27404157511789734, "b": -0.14435811350388228}