{"x": -0.10097458264778163, "y": 0.17179649611841102, "r": -0.35148303814707144, "b": -0.049320134106341146}