{"x": 0.19121541106480724, "y": 0.2065407063000562, "r": -0.11554634266768658, "b": -0.12779302313625832}