{"x": -0.0197497770136479, "y": 0.07709950520543371, "r": -0.17816498446704243, "b": -0.06311927430100697}