{"x": -0.13233982273993952, "y": -0.28716850239345987, "r": -0.10639651177322026, "b": -0.24290477515947775}