{"x": -0.07711717374515017, "y": 0.2214031999809808, "r": -0.1489899568728427, "b": 0.21769795255577323}