{"x": -0.08360128049441246, "y": 0.11411952438998961, "r": -0.07868894856822262, "b": 0.12455335264544423}