{"x": 0.3500573964173966, "y": -0.003155905197541285, "r": 0.05237815721515852, "b": -0.2752962076434971}