{"x": 0.09264545719974564, "y": 0.07672779590090187, "r": -0.14980074521332182, "b": -0.14933886494271856}