{"x": 0.20510002961811263, "y": -0.24716066086244387, "r": 0.431222950020316, "b": -0.015308194103220882}