{"x": -0.10958123388718129, "y": 0.23735157784881125, "r": -0.25770750154647315, "b": 0.09635396066935763}