{"x": 0.1261671850415878, "y": -0.010110299325716212, "r": -0.10955685378802696, "b": -0.21586273183492372}