{"x": 0.2021776879148267, "y": 0.09113893705802187, "r": 0.060354540461557096, "b": -0.017030216177728916}