{"x": 0.015950058241762884, "y": 0.2419857225631358, "r": 0.052686469439571115, "b": 0.32549219742400254}