{"x": 0.044608687788243104, "y": 0.1080307807076786, "r": 0.07103317966159518, "b": 0.15200099039083156}