{"x": 0.091283738245088, "y": 0.2776387976093369, "r": -0.058263061898065543, "b": 0.17587026712106285}