{"x": -0.08009967539852142, "y": 0.26530933779192273, "r": -0.18117380297783645, "b": 0.15327269957333092}