{"x": -0.11030047652133187, "y": -0.1884454616562683, "r": -0.22966998706744698, "b": -0.30781497220238374}