{"x": -0.0015802094349904885, "y": -0.4168858741166004, "r": 0.21127509720731924, "b": -0.12561319851034666}