{"x": -0.10640300560685483, "y": -0.010409540900127464, "r": -0.27696972165489475, "b": -0.21396508074171214}