{"x": 0.11182130642683445, "y": 0.12134533008061434, "r": -0.05923718024624807, "b": -0.059822199437918396}