{"x": 0.05712507492013036, "y": 0.0847611291254497, "r": -0.31734099372707614, "b": -0.252908825912769}