{"x": 0.006009979086066451, "y": 0.21027008741536507, "r": -0.2296709300895734, "b": -0.04077401956578923}