{"x": 0.10342019620653872, "y": -0.04721225415037959, "r": -0.22484567223908836, "b": -0.3206426832854455}