{"x": -0.12043856101573515, "y": -0.0419175576215305, "r": -0.29967561826597955, "b": -0.19130868968087494}