{"x": -0.05325483769372548, "y": 0.17180290952662347, "r": 0.1021696458431986, "b": 0.3478599731267069}