{"x": 0.13293741273884674, "y": -0.15840788295255417, "r": -0.12101409641386852, "b": -0.38523035607445905}