{"x": 0.28636660052713386, "y": 0.37936740932248675, "r": -0.022371329732862585, "b": 0.06331453652555909}