{"x": -0.0663914579510841, "y": 0.09140049331134247, "r": -0.3565616260391017, "b": -0.20742613614145541}