{"x": 0.2901722707323999, "y": 0.11128588128949374, "r": -0.04259435474087268, "b": -0.229617736556056}