{"x": -0.14842053112830297, "y": -0.06985769799822597, "r": 0.22170095649124427, "b": 0.35008638917112433}