{"x": -0.281819373794819, "y": -0.04667983849939656, "r": -0.17879970440365625, "b": 0.04288837150894794}