{"x": 0.012509744478210131, "y": -0.34216766962088246, "r": 0.04944577979333152, "b": -0.30523163430576083}