{"x": -0.16527038509315434, "y": 0.0658333451622902, "r": -0.26313312969274205, "b": 0.0038510595843100617}