{"x": 0.2155459093102214, "y": -0.1185690950705623, "r": 0.05059959366993387, "b": -0.3153606783347372}