{"x": 0.08134076187399088, "y": -0.07326585505475265, "r": -0.1837294967166814, "b": -0.33833611364542465}