{"x": -0.24977470196427404, "y": 0.027534690083123335, "r": -0.2695988526306493, "b": 0.040383067727868864}