{"x": -0.22644417165004155, "y": -0.04856918855939037, "r": -0.017140362460832514, "b": 0.1673791470539352}