{"x": -0.203060785540508, "y": -0.1978814047500344, "r": -0.10655094528243945, "b": -0.14318761772214703}