{"x": 0.07577939872961968, "y": -0.05030685642797666, "r": -0.24784135012769248, "b": -0.3434142556096789}