{"x": 0.010044917429632871, "y": -0.2988579980506988, "r": 0.06139196831764563, "b": -0.20569600763873097}