{"x": 0.1667885364229528, "y": 0.024527377543383615, "r": 0.17307261253005748, "b": 0.05256894718793922}