{"x": -0.1368713823346137, "y": -0.5296213361346472, "r": 0.3625856674098027, "b": -0.06324054484047623}