{"x": 0.046804396651966965, "y": 0.3883317568578613, "r": -0.23787545777449556, "b": 0.12966354408861833}