{"x": 0.12398575674746766, "y": 0.155045015253883, "r": -0.1423267667517449, "b": -0.18693931075437917}