{"x": 0.21690853291803547, "y": 0.3790024087638178, "r": -0.09681189558662226, "b": 0.056912717192143365}