{"x": -0.20021803513437986, "y": 0.08675075754419743, "r": -0.3918035906122222, "b": -0.0778876497829063}