{"x": 0.34736388924012884, "y": 0.1219446826534164, "r": 0.11452350011295749, "b": -0.11089570647375478}