{"x": 0.22650469597979514, "y": 0.049586679679234184, "r": -0.028324855000764097, "b": -0.17162615931548525}