{"x": 0.2570220471715333, "y": 0.1319206435678891, "r": 0.24769667822523397, "b": 0.11211194519244999}