{"x": 0.11036359996710977, "y": 0.24515730009405656, "r": -0.17587510007866772, "b": -0.0009824505160904587}