{"x": -0.0024405891273935167, "y": 0.24041255430675357, "r": -0.3133820029088481, "b": -0.08572868122952187}