{"x": -0.11065116428486887, "y": 0.1749627925869307, "r": -0.3151404010599054, "b": 0.017268306589833204}