{"x": 0.24481279815704257, "y": 0.29749901110932464, "r": 0.04472403441210399, "b": 0.14912864626018763}