{"x": 0.1103103363685877, "y": 0.3327135704708958, "r": -0.02260497070770397, "b": 0.1892240598223643}