{"x": 0.0027885932792782687, "y": 0.2347966815135172, "r": 0.08799351842491188, "b": 0.2768400471363131}