{"x": -0.05530780489589765, "y": 0.3797891216193337, "r": -0.023004024907773136, "b": 0.41776490039860176}