{"x": 0.14036839857784975, "y": 0.07413448876647225, "r": -0.1806748357319821, "b": -0.20697011226746737}