{"x": 0.28181647553298705, "y": 0.2990210819078892, "r": 0.026474164628594372, "b": 0.05849782949296132}