{"x": 0.19174377895234265, "y": 0.06006929958056647, "r": -0.1633214373680043, "b": -0.27441289172872785}