{"x": -0.1780683179461697, "y": -0.39165269161327265, "r": -0.1403955232588818, "b": -0.26927191368620584}