{"x": 0.13729940946895972, "y": 0.341427522702898, "r": -0.11328037350173058, "b": 0.1042302436077311}