{"x": -0.043012323808549885, "y": 0.22610887857054565, "r": -0.3700219079045472, "b": -0.0875078614278592}