{"x": -0.08657459898912803, "y": -0.09571251138650101, "r": -0.24538863709057038, "b": -0.2708286030131095}