{"x": 0.22038137386444326, "y": 0.03037758865722011, "r": 0.1607111496732137, "b": -0.04076007182436029}