{"x": 0.1798737025774303, "y": 0.3285211693238835, "r": -0.10800103820784845, "b": 0.046605635728686194}