{"x": -0.19329839704519305, "y": 0.13994141036206142, "r": -0.350468305868918, "b": 0.015823661976621748}