{"x": -0.37827039084492986, "y": -0.18844624851520375, "r": -0.2562063829786394, "b": -0.02237973053650975}