{"x": -0.2508703102975055, "y": 0.014005664022630237, "r": -0.3294010899612505, "b": -0.03380947496323965}