{"x": 0.027114129024721798, "y": -0.4619926932618521, "r": 0.30999396973356824, "b": -0.18627977903741055}