{"x": 0.2467759187731015, "y": 0.02017157043525875, "r": -0.030121738566013606, "b": -0.21610235978807632}