{"x": 0.2571335423192447, "y": 0.08843907091518527, "r": -0.014169222518087528, "b": -0.19175024557047213}