{"x": 0.12439971995650757, "y": 0.07893782186420017, "r": -0.2163827304527102, "b": -0.23562574873174771}