{"x": -0.15363746852396065, "y": -0.20087481054076683, "r": -0.21087536864970413, "b": -0.2789089334578542}