{"x": -0.22948915316767515, "y": -0.1270520802454456, "r": -0.18848853865108134, "b": -0.09186711162000594}