{"x": 0.2885820422145286, "y": 0.2856983860873128, "r": 0.022637968768239182, "b": 0.023597537387377902}