{"x": 0.19920262904761865, "y": -0.30806616480871946, "r": 0.5271821383848424, "b": 0.02686611682869814}