{"x": 0.04677577228589376, "y": -0.2513368427109, "r": -0.02919348242543144, "b": -0.29781575448748027}