{"x": 0.08388465882456167, "y": 0.2524664789248617, "r": 0.07509386147032895, "b": 0.2519703192496735}