{"x": -0.003958969830927303, "y": -0.3079673375754237, "r": -0.0982857139400887, "b": -0.34901918427924167}