{"x": 0.0743280730319888, "y": 0.09388734441793407, "r": 0.336721015512102, "b": 0.3408852510141445}