{"x": -0.05705390008999659, "y": -0.41307192763961476, "r": 0.11650699688135163, "b": -0.2538227489240147}