{"x": -0.35963893376392747, "y": -0.3586466421703449, "r": -0.1442482798267968, "b": -0.09491658722435109}