{"x": 0.29252570562465313, "y": 0.2519315971093246, "r": -0.08139699523465425, "b": -0.0992246565085031}