{"x": 0.17924321890800002, "y": 0.17842878639014348, "r": -0.06799783576380712, "b": -0.07799225541981274}