{"x": 0.09177769195051369, "y": 0.31684765511957785, "r": -0.26582730906332636, "b": -0.019344179261390208}