{"x": 0.16850680622585074, "y": 0.14141292013528314, "r": 0.11059385575518904, "b": 0.06456354655850385}