{"x": 0.024099690713719094, "y": -0.003870626289585351, "r": -0.23238583411282224, "b": -0.2694234008133638}