{"x": 0.04687164298143551, "y": -0.0025690984409766247, "r": -0.3030170939868257, "b": -0.31593473074453365}