{"x": 0.15290411162740974, "y": -0.179759123034771, "r": 0.049210010812544065, "b": -0.2508602820610864}