{"x": -0.07347714700122496, "y": 0.25370390529381753, "r": -0.27771463001218194, "b": 0.12740192652405535}