{"x": 0.36560019234078417, "y": 0.044408623798400125, "r": 0.13510912315584236, "b": -0.15136775677834358}