{"x": 0.050390382611762395, "y": 0.3363114688598508, "r": -0.28520606883987654, "b": 0.030688109823927657}