{"x": 0.1338258612141597, "y": -0.14055212510447346, "r": 0.11192979722479408, "b": -0.15732722607807717}