{"x": 0.17465632634547038, "y": 0.18143237654058098, "r": -0.1119672783413583, "b": -0.09294442307649332}