{"x": 0.21526766430139843, "y": -0.12353599608019099, "r": 0.153069086349222, "b": -0.2824584875171206}