{"x": -0.10866291771671073, "y": 0.23779376179063338, "r": -0.08542361913916943, "b": 0.2793051906999165}