{"x": -0.02638164418866017, "y": -0.13223564329940424, "r": -0.27608111144813785, "b": -0.3520936120976112}