{"x": 0.21361575621868595, "y": 0.17803133756612757, "r": -0.0907505752277375, "b": -0.10413391935199023}