{"x": -0.004460697565483737, "y": -0.23514785546315797, "r": -0.17128583142950696, "b": -0.3643861532608967}