{"x": 0.008109105317504237, "y": 0.2143196120752654, "r": -0.2961601282438625, "b": -0.044967028828430955}