{"x": 0.15002212676562882, "y": 0.013677035257611901, "r": -0.18873314009376516, "b": -0.28792965108826474}