{"x": 0.23640334426097737, "y": 0.018588553556454872, "r": -0.127714459148683, "b": -0.3113879238617779}