{"x": -0.01704023315372263, "y": -0.40205264221754755, "r": 0.504512856138192, "b": -0.016352507326696755}