{"x": 0.1820100172086027, "y": 0.3395066345452514, "r": -0.04874013448782922, "b": 0.10061627281386104}