{"x": 0.18239255126969625, "y": -0.17259043135185193, "r": 0.04152459854403324, "b": -0.2747005473583719}