{"x": 0.143163249092963, "y": -0.14525702071947783, "r": 0.32103870740417456, "b": 0.09879121614854386}