{"x": 0.3535179542521276, "y": -0.0017875320120552967, "r": 0.17174297018724308, "b": -0.19354086992980665}