{"x": 0.0022738006028854385, "y": -0.1733051598305308, "r": -0.061785415908026865, "b": -0.187112522194378}