{"x": 0.1828472407942152, "y": 0.20516984775359687, "r": 0.14932058900929704, "b": 0.15985693562459233}