{"x": -0.044656277022348034, "y": 0.18273477877951302, "r": -0.2946864698172389, "b": -0.08237018400945006}