{"x": -0.22415732804717334, "y": -0.30126722049975874, "r": 0.3354260274767697, "b": 0.23929682581047768}