{"x": 0.21092886637476946, "y": 0.12201163880853641, "r": -0.01984745384236985, "b": -0.06746408115180502}