{"x": 0.15230610305448591, "y": -0.04878549301849401, "r": 0.4777327760268335, "b": 0.2835805866186303}