{"x": 0.1391520686627227, "y": -0.1027687434155222, "r": 0.34774699376424817, "b": 0.22419372589697767}