{"x": -0.133177782057542, "y": -0.0058175320559898085, "r": 0.07135586030085098, "b": 0.20502256916291745}