{"x": 0.100914211085668, "y": 0.21895395537811213, "r": -0.2683702433406417, "b": -0.1450525446919322}