{"x": 0.08184576614277499, "y": 0.18984009377160277, "r": -0.2281903796368681, "b": -0.128610245352191}