{"x": -0.05161319487866148, "y": -0.029433176069066626, "r": -0.29442488198355254, "b": -0.2104335723253772}