{"x": 0.004681097748068904, "y": -0.37826780738485494, "r": 0.5434753191663378, "b": 0.20963686790846517}