{"x": 0.21469757677355444, "y": -0.12859000770752557, "r": 0.1218899228073843, "b": -0.2213976616736958}