{"x": 0.11012624583684902, "y": 0.07740071142413169, "r": -0.1350614528738453, "b": -0.18494181231586432}