{"x": 0.01989624856518885, "y": 0.23678812462487153, "r": -0.2555073606099359, "b": -0.02567626328552315}