{"x": -0.02109493140206101, "y": 0.24312541453659153, "r": -0.1204176227025676, "b": 0.15348742548016528}