{"x": 0.1598604954102134, "y": 0.07335800602623395, "r": 0.34495383367405474, "b": 0.24591067404389622}