{"x": -0.21670296524001353, "y": -0.287827687587714, "r": -0.01577948331390314, "b": -0.019436594317440076}