{"x": 0.11399661906907248, "y": 0.24734205144048074, "r": -0.21290510621224606, "b": -0.06616468329917236}