{"x": 0.1774089973353277, "y": -0.20386254580417146, "r": -0.04651969721807339, "b": -0.3517842568344522}