{"x": 0.2557009080953364, "y": 0.009585718379336595, "r": 0.2897360984223058, "b": 0.07808874838387049}