{"x": 0.07788814707545492, "y": -0.4687838674837584, "r": 0.3492182567352949, "b": -0.11525569038901497}