{"x": 0.31397738263176245, "y": 0.05262930815826589, "r": 0.24838826018159085, "b": -0.008067610744523857}