{"x": -0.2977994409908973, "y": -0.3021081044081504, "r": 0.06410026157063772, "b": 0.0669219630882618}