{"x": 0.21460171760087274, "y": 0.0012808721595412883, "r": -0.09024729227089134, "b": -0.28138246781451315}