{"x": 0.08622461863537975, "y": 0.10913800782378419, "r": -0.14170278598441996, "b": -0.13633650123647462}