{"x": 0.16811126284624733, "y": 0.23122452530635615, "r": 0.1458449511456976, "b": 0.2415493365491214}