{"x": 0.18638487437258297, "y": -0.15245291924683452, "r": -0.10367724947707846, "b": -0.24422843321787222}