{"x": 0.1897701905887688, "y": -0.04870305493082076, "r": -0.13768486409230718, "b": -0.38435987723773773}