{"x": -0.06848500893492203, "y": 0.2545019093072413, "r": -0.23455388448084244, "b": 0.12113621511246128}