{"x": -0.12886023796071427, "y": 0.09383455738572051, "r": 0.25370991469836873, "b": 0.5010934627708585}