{"x": 0.19412388405305878, "y": -0.04183049563667484, "r": 0.0338048827060295, "b": -0.15706595343186677}