{"x": 0.24412065769503033, "y": 0.3082287970637543, "r": -0.018525693166302492, "b": 0.03777976208455198}