{"x": -0.11195178891732349, "y": -0.3740965753237163, "r": -0.08136376427427172, "b": -0.33488438311042984}