{"x": 0.12619889889748984, "y": 0.1752276556654609, "r": -0.08363066296672195, "b": -0.020491719803468953}