{"x": -0.1757798200661459, "y": 0.03536202279796971, "r": -0.350558931878615, "b": -0.11190972607491502}