{"x": -0.09718033177439409, "y": -0.3475133877757247, "r": -0.09594174265941617, "b": -0.24821534921134192}