{"x": -0.06701538131480156, "y": 0.19425471961260665, "r": -0.1653047269778297, "b": 0.07607469775096917}