{"x": 0.018565348360962644, "y": -0.2185710113095256, "r": 0.15061943808317177, "b": -0.0812269492054363}