{"x": 0.07162557764627088, "y": 0.2285811828926631, "r": -0.0641228612809967, "b": 0.088004522953816}