{"x": 0.11554004301716692, "y": 0.11834824810579246, "r": -0.2726422999181752, "b": -0.2099138088283719}