{"x": -0.08537760899499307, "y": -0.11109672598649392, "r": -0.22601078073759862, "b": -0.23546420683157487}