{"x": -0.30892683514870584, "y": 0.14702933244516136, "r": -0.3227649994131559, "b": 0.15012098510321054}