{"x": 0.4043678819585331, "y": 0.0706881892760014, "r": 0.3387758666685581, "b": 0.005096173986026162}