{"x": 0.06286092248360628, "y": 0.20086879791093204, "r": -0.0904750827495242, "b": 0.028290429160373616}