{"x": 0.09037451756110992, "y": 0.2397870175809418, "r": -0.20133690721832084, "b": -0.06802187481713824}