{"x": -0.08674389415723695, "y": 0.18337986962861696, "r": -0.40145251932715836, "b": -0.09282924010141205}