{"x": -0.17653518122252648, "y": 0.0851304060499465, "r": -0.3309387045763912, "b": -0.08792598075934764}