{"x": 0.12251569880995858, "y": 0.36511928224290213, "r": -0.1391193328743911, "b": 0.09447979972543451}