{"x": 0.055927945028973115, "y": 0.18653283887049804, "r": -0.305550845028802, "b": -0.18273279521096272}