{"x": 0.14637108291736553, "y": 0.0913118472196183, "r": -0.09728729426689474, "b": -0.18242829905390506}