{"x": 0.11976652319210854, "y": 0.054103901880535446, "r": 0.2408058998595149, "b": 0.19430634481576134}