{"x": 0.12921568080126167, "y": 0.11691673882553777, "r": 0.3472031796020346, "b": 0.32005073154337443}