{"x": 0.07716970029691332, "y": 0.21713032681529126, "r": -0.20790060845743585, "b": -0.07665863671034669}