{"x": -0.03526267903305437, "y": 0.11843222612462641, "r": -0.33650113485487576, "b": -0.15951417822458902}