{"x": 0.06991995774718836, "y": 0.13994029139182235, "r": -0.2326468623211546, "b": -0.13937875601213207}