{"x": 0.33291970250433, "y": 0.0555990679250049, "r": 0.36768415540136773, "b": 0.09902263758268733}