{"x": 0.17409544621841436, "y": 0.2407126512043717, "r": -0.17496973576010963, "b": -0.09717768411283914}