{"x": 0.10102148899397251, "y": -0.14750519271711773, "r": 0.4449811384601583, "b": 0.20383885042745484}