{"x": 0.2123383593318017, "y": -0.04525370329376267, "r": 0.0022430301345848706, "b": -0.1779872348350367}