{"x": -0.33739122317819875, "y": 0.04946415185269034, "r": -0.4135492010593553, "b": -0.02669382602846616}