{"x": 0.22944780236353018, "y": 0.3288653077110292, "r": 0.004676058231886022, "b": 0.09463956045903878}