{"x": 0.12241360276718377, "y": -0.19394986690103658, "r": -0.03017651950346813, "b": -0.3319921801119572}