{"x": 0.40764783811699246, "y": 0.11144878017211998, "r": 0.27781381171797026, "b": 0.02833507450335038}