{"x": -0.15183552958020902, "y": -0.06747587524888848, "r": -0.21195614075012464, "b": -0.07713316352859682}