{"x": 0.20094982509565715, "y": 0.060909426653598796, "r": -0.1256210433879459, "b": -0.26196128176672734}