{"x": 0.0360571221821901, "y": 0.2569733713703072, "r": -0.2660250851353073, "b": -0.05863437456506844}