{"x": -0.06712114826480703, "y": -0.15825915715190828, "r": -0.060830387310350946, "b": -0.13021075812276126}