{"x": -0.06707917681776566, "y": 0.01355867310566792, "r": -0.2311466029202554, "b": -0.15517876737613753}