{"x": 0.07973818834609071, "y": 0.14469472186220805, "r": -0.2835716192715107, "b": -0.2076847820235066}