{"x": 0.1928851819146537, "y": 0.12927449441517422, "r": -0.14519276400197756, "b": -0.22340467328270774}