{"x": 0.2246338497202282, "y": 0.2174535199413335, "r": -0.13333407003565217, "b": -0.11533667117752278}