{"x": 0.04252200277466861, "y": 0.21859975249361502, "r": -0.2176190732636378, "b": 0.0019797896295258672}