{"x": 0.01604169301098195, "y": 0.10020193698840983, "r": -0.2359587980501459, "b": -0.16683372008153957}