{"x": 0.14124830568981356, "y": 0.15333733238216884, "r": -0.03844784492719507, "b": -0.03636252371512063}