{"x": 0.17903906401160338, "y": 0.261131405317649, "r": -0.07205840674580671, "b": -0.00648597417305366}