{"x": -0.059051951068287846, "y": 0.15403694417049427, "r": -0.3316311835031315, "b": -0.10555263170068588}