{"x": 0.012149447641542776, "y": -0.23603240571849296, "r": 0.015583410607569818, "b": -0.2273448617945292}