{"x": 0.10785610370833479, "y": 0.11368032127848542, "r": -0.0718254752334111, "b": -0.03982088252310341}