{"x": 0.10096693789026175, "y": 0.21919622919300744, "r": 0.00040395897278960543, "b": 0.1380805372178602}