{"x": 0.0057218876497596325, "y": 0.10032515642319319, "r": -0.23826102790333076, "b": -0.14788131826088552}