{"x": -0.051152851386864956, "y": 0.15577292252447977, "r": -0.15484023134376093, "b": 0.04707820949471729}