{"x": 0.30554346345144523, "y": -0.09479588009473301, "r": 0.09072361497409764, "b": -0.2955946544377476}