{"x": 0.204351059242476, "y": 0.2663107296514398, "r": -0.11565883081186752, "b": -0.04996295100759804}