{"x": 0.35238905744188975, "y": 0.26731053491546497, "r": -0.029429525197203033, "b": -0.06404425855130894}