{"x": 0.026609860789433715, "y": 0.2047053199857105, "r": -0.31760213901486, "b": -0.0913414594652258}