{"x": 0.31637777238973874, "y": -0.0719660348801107, "r": 0.10404075013644583, "b": -0.29956784352384364}