{"x": 0.11723277700318442, "y": 0.03921701481532781, "r": -0.23674573193353216, "b": -0.29414378695979465}