{"x": -0.1341838232839751, "y": -0.12570427515319774, "r": -0.22431676783139134, "b": -0.16231562820340317}