{"x": 0.16343182558647046, "y": 0.3636530125995217, "r": -0.13089505589338152, "b": 0.06538382319497615}