{"x": 0.33320161930579706, "y": 0.2040360247665297, "r": 0.12464693901050501, "b": 0.011231500087251788}