{"x": -0.15720106951505447, "y": 0.21435738915572494, "r": -0.3059113706990042, "b": 0.055265506278896544}