{"x": 0.25376011929436665, "y": 0.15021983668077984, "r": 0.000513383423684818, "b": -0.1327273131041362}