{"x": -0.06658322949849929, "y": -0.017292533965237483, "r": -0.1865582420472191, "b": -0.1299033206775453}