{"x": 0.24385902018797082, "y": 0.1772763561244897, "r": -0.098687304018566, "b": -0.15403144370950944}