{"x": 0.13264444798522543, "y": 0.3019546785785235, "r": 0.1276371286052223, "b": 0.31674820856409186}