{"x": 0.07983107059442572, "y": 0.1254006661128799, "r": -0.15036595200194922, "b": -0.11971501883627872}