{"x": 0.10528163480570048, "y": -0.002514154026164499, "r": -0.19877357326528233, "b": -0.3331096295859659}