{"x": 0.2626356814857124, "y": 0.17483402368331938, "r": 0.2894506436345305, "b": 0.22208311443211332}