{"x": 0.1304513266382503, "y": 0.07783061758195671, "r": 0.3363475889768415, "b": 0.26902082794081006}