{"x": 0.23755867711472775, "y": -0.013747800672066069, "r": -0.02032409645753475, "b": -0.280680784322716}