{"x": 0.20109805338040282, "y": 0.22829836038637225, "r": -0.10872292578259533, "b": -0.05949562874991309}