{"x": 0.21423548598596168, "y": 0.08969774553757631, "r": 0.36007829121558405, "b": 0.30294306872188326}