{"x": 0.2535820489440601, "y": -0.006934112709699763, "r": 0.1481045756267555, "b": -0.12187743287020748}