{"x": 0.21709786785883223, "y": 0.3624233946689244, "r": -0.027977570501155603, "b": 0.19128386698502}