{"x": -0.05128618135895357, "y": 0.2636095172683007, "r": -0.05269293030022532, "b": 0.3209435478010725}