{"x": -0.12467138475708084, "y": 0.11875145333536152, "r": -0.2933795902143708, "b": -0.06009445693342491}