{"x": 0.29001095535433086, "y": 0.009246520389089848, "r": -0.0010959473467702027, "b": -0.28186038231201127}