{"x": 0.18685818818135255, "y": -0.07085641642251206, "r": 0.1729662077162815, "b": -0.026742042797293204}