{"x": -0.08532363743413203, "y": 0.3078246729276433, "r": -0.2538588365331876, "b": 0.0650515451767177}