{"x": 0.14747027873399246, "y": -0.30109838411035306, "r": 0.06755698145796057, "b": -0.373312211070704}