{"x": 0.3097519074382905, "y": 0.22645303608107917, "r": -0.02096080868270846, "b": -0.11771269077115634}