{"x": 0.1988742251398054, "y": 0.06647448311124816, "r": -0.1593591528421144, "b": -0.2557045902629143}