{"x": 0.23321775391968722, "y": 0.22403897449866228, "r": -0.12334576485488422, "b": -0.12147842442654556}