{"x": -0.1603181651688183, "y": -0.32483603052037635, "r": -0.06972386982818714, "b": -0.19788859200172415}