{"x": 0.19480829131100771, "y": 0.30695092428194554, "r": -0.007959097611403577, "b": 0.033002052227606715}