{"x": 0.22349087858857322, "y": 0.35451922309149, "r": 0.0178949976446953, "b": 0.14051694935336717}