{"x": 0.1380007942220446, "y": 0.27132198806154106, "r": -0.15496479797020934, "b": -0.009017989705574514}