{"x": -0.16368878482986665, "y": -0.06592471751041626, "r": 0.2657434588761158, "b": 0.4801958726205437}