{"x": 0.04459380459795582, "y": -0.02557807653538255, "r": -0.2960589394863409, "b": -0.3531094821934961}