{"x": 0.0920018396085648, "y": -0.058329544330744415, "r": -0.233177733553647, "b": -0.3284217357102798}