{"x": -0.04050752648487181, "y": 0.1388819162386676, "r": -0.3007739624538924, "b": -0.130405660755121}