{"x": 0.02104591102398917, "y": 0.23032986124918486, "r": -0.005268464686278166, "b": 0.10359051083638948}