{"x": -0.06848858756020101, "y": 0.17199394297254553, "r": 0.14219460379875976, "b": 0.36791270516859215}