{"x": 0.36731874747847937, "y": 0.1185582204781264, "r": 0.04349887611499688, "b": -0.13903782385394445}