{"x": 0.00966259842682709, "y": 0.14135953664215797, "r": -0.16108694309964552, "b": -0.03950281535350399}