{"x": -0.00956965461280413, "y": 0.30843471905725856, "r": -0.2820569956123396, "b": 0.019899304697418723}