{"x": -0.0876535838110399, "y": 0.2296440771519787, "r": -0.29577088663215273, "b": 0.0300416420424668}