{"x": 0.3425517251431114, "y": 0.27102496889232075, "r": 0.07498111640342373, "b": 0.0068769274015127455}