{"x": 0.20796405003688534, "y": -0.004846107001805185, "r": -0.09662673187531103, "b": -0.29701886716243364}