{"x": 0.006833695485088579, "y": 0.258844860839279, "r": -0.30041669638944785, "b": -0.05685369698800668}