{"x": 0.0431159059679655, "y": -0.0757683593353889, "r": -0.15467088970876997, "b": -0.20806836282246993}