{"x": 0.3230201269137278, "y": 0.040857854513228736, "r": -0.0043930569873098175, "b": -0.28303393244488206}