{"x": 0.1404430672709175, "y": -0.04324029384915748, "r": -0.15246626132849606, "b": -0.2842164092948549}