{"x": -0.41629342542553094, "y": -0.42795413384716013, "r": 0.001312889204650967, "b": -0.06672988854886047}