{"x": 0.17187692865815996, "y": 0.007686327559159058, "r": 0.5419303217752174, "b": 0.3610317524674718}