{"x": 0.12688140712473714, "y": 0.28677479359955366, "r": -0.0971927656194206, "b": 0.03311022913801211}