{"x": 0.2478960619074417, "y": -0.02384445267831447, "r": 0.1562386090759755, "b": -0.15162916590852918}