{"x": 0.27341157422981327, "y": 0.1440191972209368, "r": 0.0063151552188893, "b": -0.11965243870125288}