{"x": 0.1810706673802155, "y": 0.09803966350850782, "r": 0.03686587954788356, "b": -0.08020243389867454}