{"x": -0.18004972419240714, "y": -0.24562210661150014, "r": 0.20438493698601856, "b": 0.166363493097839}