{"x": 0.11439877063197063, "y": 0.12808101082154483, "r": -0.25308707303740924, "b": -0.22810993719907394}