{"x": 0.10322082160247946, "y": 0.13283621847050478, "r": -0.2244878272300254, "b": -0.2030711053762375}