{"x": 0.277293062690531, "y": 0.016695114111721827, "r": -0.0497917228357172, "b": -0.24448560401761238}