{"x": -0.23705274907086973, "y": 0.21061515247039225, "r": -0.1881047079190028, "b": 0.21784366925826448}