{"x": 0.054270975467626374, "y": -0.16519043281050777, "r": 0.0038149424475166773, "b": -0.15979093836121216}