{"x": 0.058892235856661826, "y": 0.09307084694356416, "r": -0.23760729673412392, "b": -0.2302570933026578}