{"x": 0.14311688441920425, "y": 0.3540097711115041, "r": -0.16405208160158513, "b": 0.10339844051758924}