{"x": 0.13065690825779458, "y": 0.19972593754494714, "r": -0.21280745581010077, "b": -0.14373842652294821}