{"x": 0.08317597246639218, "y": 0.044383985103572283, "r": -0.16258383900215975, "b": -0.21653643316963186}