{"x": 0.26771382587038584, "y": 0.2890674903896069, "r": 0.09583490497082374, "b": 0.10113971136794359}