{"x": 0.23204630756857147, "y": 0.2434967803835133, "r": -0.05424430809678259, "b": 0.0033511680156576413}