{"x": -0.09747829309499847, "y": 0.23683114799660684, "r": -0.36393381175902956, "b": 0.011585993452574016}