{"x": 0.12311535855051282, "y": 0.12184901956233848, "r": 0.2237138264347585, "b": 0.20111805977440833}