{"x": 0.15330343499325713, "y": -0.03605856307005506, "r": -0.08794282292622932, "b": -0.25308927602952513}