{"x": -0.07016898925502403, "y": -0.01889901893667629, "r": -0.26032153085281884, "b": -0.24126140263001253}