{"x": 0.15595012395835117, "y": 0.025970601685943475, "r": -0.15616423703731425, "b": -0.22998982959508255}