{"x": -0.10722430761183331, "y": -0.02918037800070146, "r": -0.22347926733545806, "b": -0.17913747909079805}