{"x": 0.2507399416689665, "y": -0.018232047748370672, "r": 0.374037802519438, "b": 0.08028718381863455}