{"x": -0.1136948556977393, "y": 0.15119869807429237, "r": 0.09210684664018245, "b": 0.3809964541900836}