{"x": 0.15783529696466872, "y": 0.04870612892456377, "r": -0.10701046747434005, "b": -0.28177840654667635}