{"x": 0.0066901204773312925, "y": -0.022309625809266452, "r": -0.31505406748109865, "b": -0.3059495546642374}