{"x": 0.012397926447520045, "y": 0.024298151763148635, "r": 0.1635372305908282, "b": 0.24010820333023813}