{"x": 0.028061339981041458, "y": 0.38227666414380224, "r": -0.17614938746762585, "b": 0.1683611894688996}