{"x": 0.17358570409631066, "y": 0.21245974313346958, "r": -0.18334756933178267, "b": -0.1573994946478279}