{"x": -0.03561260234092858, "y": 0.3477364736614188, "r": -0.1380754193757289, "b": 0.15270255703827948}