{"x": 0.2378379400210237, "y": -0.14108342482434727, "r": 0.2696457079249829, "b": -0.12185867848019175}