{"x": 0.20926778366497117, "y": 0.03264980105154664, "r": -0.10543148139812401, "b": -0.29040679004736447}