{"x": -0.030042205360682722, "y": 0.30866791212190325, "r": -0.13149054109839242, "b": 0.280570732650503}