{"x": -0.0752468806425059, "y": 0.1294759503228061, "r": -0.3289427998503697, "b": -0.12421996888505743}