{"x": 0.33639487393768897, "y": 0.060894851194007345, "r": 0.1778102206615072, "b": -0.18447255084741127}