{"x": 0.1983540699746391, "y": 0.06761066476655189, "r": -0.09240871251237678, "b": -0.223152117720464}