{"x": 0.005124302727556307, "y": 0.2569067259751675, "r": -0.3026362751152717, "b": -0.07725281288212893}