{"x": 0.13908070322972207, "y": -0.17943066476965475, "r": 0.14675804305673848, "b": -0.11247818730575501}