{"x": 0.001379798925220234, "y": 0.2692226539913044, "r": -0.16608127073420753, "b": 0.10872843730543756}