{"x": 0.21285892017532637, "y": -0.15916179635625355, "r": 0.1154860295104158, "b": -0.27644557913885043}