{"x": 0.1295491162769503, "y": -0.09169476588925377, "r": -0.09046643784823814, "b": -0.30806553288418576}