{"x": -0.280243111477247, "y": -0.031630034127504404, "r": -0.04378460405889655, "b": 0.2442899150169636}