{"x": 0.0836814304490241, "y": -0.20209976869934845, "r": 0.001958472351669778, "b": -0.24730034444830207}