{"x": 0.15690045364027055, "y": -0.1579761315128338, "r": 0.42448120994086763, "b": 0.1600197685042643}