{"x": 0.2419013029508796, "y": 0.3327735460061447, "r": -0.03579872825821071, "b": 0.03914042725019609}