{"x": 0.2909492418232037, "y": -0.050100545673393004, "r": 0.20361229339520048, "b": -0.1192750453138938}