{"x": 0.09491611002057715, "y": 0.2426520582045778, "r": -0.19874942197453985, "b": -0.0510134737905392}