{"x": -0.05359328673604405, "y": 0.1537746184770446, "r": -0.22068852856061189, "b": 0.019806270443544396}