{"x": 0.11777140419490677, "y": 0.3338957464230036, "r": -0.03130496646361962, "b": 0.15097582232475953}