{"x": -0.0610593265083456, "y": -0.2763120778950369, "r": 0.4209281843751124, "b": 0.25507501668453636}