{"x": 0.31717666514100146, "y": 0.1108704045309373, "r": 0.24453528952085876, "b": 0.05668392690840423}