{"x": 0.1434690075930161, "y": 0.17240641808315516, "r": -0.17764476683550628, "b": -0.13658438803159084}