{"x": 0.2037512550393688, "y": 0.06919133218383891, "r": -0.03281715881417585, "b": -0.1766872229641751}