{"x": 0.003269568038531845, "y": -0.15447313072243674, "r": 0.22922828796539113, "b": 0.0958827776606776}