{"x": -0.08085913716724077, "y": 0.08652140293992859, "r": -0.38460865000497046, "b": -0.1919099103646276}