{"x": 0.21636683916331934, "y": 0.05525585832190974, "r": -0.14446310937190285, "b": -0.25862939716787703}