{"x": 0.1496066035002625, "y": -0.1563066136547926, "r": 0.09528300269970097, "b": -0.29506560724101827}