{"x": 0.014590446786378218, "y": 0.04990154859117835, "r": -0.2680555238349983, "b": -0.22042933139708876}