{"x": -0.2066739861511967, "y": -0.04967880705166317, "r": -0.10955930417695853, "b": -0.06571945102095643}