{"x": -0.03546828205748529, "y": -0.2852886980105576, "r": 0.03362885441266374, "b": -0.20724514198835767}