{"x": 0.25910358778436693, "y": 0.10316067188311054, "r": -0.09320897093119047, "b": -0.2199329045188629}