{"x": -0.5288506690885975, "y": -0.17763735009898443, "r": -0.10640183438754043, "b": 0.11780712436090678}