{"x": 0.1127368082055158, "y": -0.05245388071710452, "r": -0.10394937660652023, "b": -0.25220355060615757}