{"x": 0.19500563083298383, "y": 0.044645424372941535, "r": -0.09211613862129864, "b": -0.21655350033422394}