{"x": -0.017639878163795874, "y": 0.24330359995639178, "r": 0.11699002505019884, "b": 0.2766272618119941}