{"x": -0.006887095894739825, "y": -0.027531504849835346, "r": -0.29545512760896964, "b": -0.32477553617730626}