{"x": 0.19104156463405755, "y": -0.017864687786525547, "r": 0.03596948997808857, "b": -0.18324076153205637}