{"x": -0.01102387233990167, "y": 0.20595247969527122, "r": -0.2976620131995946, "b": -0.04850392315809188}