{"x": -0.12067187819848732, "y": 0.2955245914609092, "r": -0.09327494663518218, "b": 0.3692702567789499}