{"x": 0.3095895553524976, "y": 0.1617744648080499, "r": -0.030904039968542508, "b": -0.18240352383521904}