{"x": 0.24957319949096074, "y": 0.22700370655643692, "r": -0.07319618812347724, "b": -0.06920761782719471}