{"x": 0.22987238487499362, "y": 0.2237104197556574, "r": 0.10897110920693624, "b": 0.08513881797037526}