{"x": 0.11352967869632243, "y": -0.06097889123337362, "r": -0.15150163762871174, "b": -0.3349732402861513}