{"x": 0.0828214858537219, "y": 0.24046575825855035, "r": -0.2386634206496855, "b": -0.10800554400892605}