{"x": 0.3538402118333482, "y": -0.14322022059029282, "r": 0.24009650263642843, "b": -0.17016563326526116}