{"x": 0.0812920705562384, "y": -0.10453455868210174, "r": 0.2603415764693818, "b": 0.08438147029307698}