{"x": 0.15641137987017104, "y": 0.3014949709205568, "r": -0.12803254748545415, "b": 0.01705104356493151}