{"x": -0.17870463953885274, "y": -0.07032380514045648, "r": -0.18060815409016956, "b": -0.01863824664754871}