{"x": -0.18999762122025265, "y": 0.18183173518628842, "r": -0.1631076633515252, "b": 0.19619864478832336}