{"x": -0.3540696555503806, "y": -0.2561295544586605, "r": 0.04652018474124707, "b": 0.1444602858329669}