{"x": 0.06903812935850938, "y": 0.38513792626479154, "r": 0.04231976548959548, "b": 0.41309830599874636}