{"x": 0.27810293464514735, "y": -0.00335020677263273, "r": 0.20952451373046013, "b": 0.01929307335711761}