{"x": -0.17737677582739533, "y": -0.005772356484060701, "r": -0.3455115908909873, "b": -0.18405186892492595}