{"x": 0.13983523798057174, "y": -0.1350896274267752, "r": 0.02667306644184898, "b": -0.28352375805202606}