{"x": -0.01896909145371448, "y": 0.1335130534958399, "r": -0.12984946115063087, "b": 0.09521387810937919}