{"x": -0.10293807712933903, "y": 0.3650712008593722, "r": -0.156658620018172, "b": 0.27371454319907235}