{"x": -0.049174267073419396, "y": 0.32974328803673325, "r": -0.3142239801240854, "b": 0.03546259766421872}