{"x": 0.2759126225295112, "y": 0.2738635778231328, "r": -0.01238678008956214, "b": 0.0009522962285116425}