{"x": -0.040070321432680085, "y": -0.05678484340338214, "r": -0.23667219038195658, "b": -0.24963251547858983}