{"x": 0.0020338623214026267, "y": -0.04174610687181295, "r": -0.24716840398382786, "b": -0.3075100878908986}