{"x": -0.12575579169683282, "y": -0.11753563817011232, "r": -0.26768066952839265, "b": -0.21125404846412035}