{"x": -0.10077250062150449, "y": 0.20552198836642027, "r": -0.2003706136129866, "b": 0.17205508741511288}