{"x": 0.09515698489362265, "y": -0.1922970739464534, "r": 0.14485033131025898, "b": -0.0862443532255699}