{"x": 0.2850010343823821, "y": -0.05634998940320098, "r": 0.18267100874892428, "b": -0.15374776243024948}