{"x": 0.012680830837411353, "y": 0.403752109253292, "r": -0.18055693060635236, "b": 0.21726549624932914}