{"x": 0.2848423098728328, "y": 0.13048593979495346, "r": -0.0740698559229354, "b": -0.2051139411206612}