{"x": 0.3152327017780029, "y": 0.0006569604681273654, "r": -0.006126405025436684, "b": -0.31697335021884754}