{"x": 0.30672342394252017, "y": -0.007863541335855444, "r": 0.36657376336636566, "b": 0.040771450580859424}