{"x": -0.06108356011818313, "y": -0.1206948257959951, "r": -0.12655404436663265, "b": -0.16947728297745263}