{"x": 0.06238089406988134, "y": 0.23267531844870723, "r": -0.19141632963747374, "b": -0.008311557167786712}