{"x": 0.07207561994198859, "y": -0.11930996268085968, "r": -0.06094571013299355, "b": -0.21321947305997635}