{"x": -0.28539117465036684, "y": 0.00424833823499712, "r": -0.14480497731787303, "b": 0.15110149269569145}