{"x": 0.09380835807591129, "y": 0.009525907789533569, "r": -0.22113441458137567, "b": -0.24949382590100147}