{"x": 0.0839110588476232, "y": -0.4207259894650713, "r": 0.28896829141989233, "b": -0.1447830373297275}