{"x": 0.055085811161498674, "y": 0.20521880477521715, "r": -0.2733018674577506, "b": -0.149880727535312}