{"x": -0.0026324271382180196, "y": 0.21922520402967857, "r": -0.1981361322989468, "b": 0.007550719073185901}