{"x": 0.015444838758653762, "y": 0.24319489856408041, "r": -0.014238508055731099, "b": 0.20167842183279847}