{"x": 0.2992522559841604, "y": -0.12230825704445644, "r": 0.31258146944726917, "b": -0.14762295426426272}