{"x": 0.34641497071847943, "y": -0.0591627250243008, "r": 0.05482502534118628, "b": -0.3381024908547599}