{"x": -0.08649680287618294, "y": -0.5497589695762399, "r": 0.22374984055159672, "b": -0.21118266899326507}