{"x": 0.25114525703123236, "y": 0.19449773393531875, "r": 0.20226925896680856, "b": 0.15060144268731102}