{"x": 0.3542481550452166, "y": 0.2942765068357379, "r": 0.09669988107344242, "b": 0.07843900398914477}