{"x": 0.2987534138406301, "y": 0.10367277704557777, "r": -0.0008039964533458018, "b": -0.195884633248398}