{"x": 0.2649384912000239, "y": 0.08473870481418286, "r": -0.11612571065038868, "b": -0.1939626585824248}