{"x": 0.15884087429554014, "y": 0.1884662120739282, "r": -0.1417249421257821, "b": -0.10457880667450505}