{"x": 0.16333542590714334, "y": 0.3656205745893379, "r": -0.05478053703018234, "b": 0.16092751357583496}