{"x": 0.33384872010203953, "y": 0.07445905148240425, "r": 0.09160881374624609, "b": -0.2354380060916218}