{"x": 0.3043224932086027, "y": 0.23042040455198098, "r": 0.18929094759944592, "b": 0.10459656071854563}