{"x": -0.19049214237591078, "y": -0.09963300229839467, "r": 0.03942932116281227, "b": 0.13704627147955215}