{"x": 0.07947601579359624, "y": 0.33186290966870424, "r": -0.17187979743247253, "b": 0.07258493573603292}