{"x": 0.150066006191176, "y": 0.09495350029544632, "r": -0.1798518302490597, "b": -0.2616153312863709}