{"x": -0.04713769175933566, "y": 0.2271589362154361, "r": -0.22007209642753925, "b": 0.07210703090575805}