{"x": 0.13582734394834914, "y": 0.18223475201948452, "r": -0.1214452675261511, "b": -0.0589788888923022}