{"x": -0.3100501591830472, "y": -0.10899478783250945, "r": -0.30376174850953547, "b": -0.08473694125411255}