{"x": -0.04894616873244041, "y": 0.13928520836161754, "r": -0.23583997265374454, "b": -0.057524524780158036}