{"x": 0.042293250262090555, "y": -0.13765438800036334, "r": -0.11426171766405117, "b": -0.29420935592650505}