{"x": -0.29666409627706175, "y": -0.39402045959453375, "r": -0.08058551640815495, "b": -0.17794187972562694}