{"x": 0.18577006319246284, "y": 0.16546886876786418, "r": -0.11189054324457559, "b": -0.12851456806936773}