{"x": -0.1925607320181668, "y": 0.20246663927077138, "r": -0.026154598301377584, "b": 0.45454102009670283}