{"x": 0.20568520105831598, "y": 0.053755931846210074, "r": -0.04204739281370345, "b": -0.1666214836211555}