{"x": 0.1832799936390669, "y": 0.2336119824185029, "r": -0.12070579969870586, "b": -0.06654955703651053}