{"x": 0.11120906579816457, "y": 0.19154039998680603, "r": -0.014597226080862896, "b": -0.012318901545879711}