{"x": 0.2914269548155215, "y": -0.09104652460878886, "r": 0.031272092355442205, "b": -0.3794158202801363}