{"x": 0.1081164788812586, "y": 0.2537685731965739, "r": -0.2647658480283309, "b": -0.10663380001967387}