{"x": -0.1981138770718551, "y": 0.02677559237439798, "r": -0.23846434538076922, "b": 0.0028293895644769373}