{"x": -0.5194663629060224, "y": -0.37429733594730985, "r": -0.04045013782667141, "b": 0.07498991978371373}