{"x": -0.0031970547668791873, "y": 0.13634545770719325, "r": -0.23669830756852817, "b": -0.06709702069452039}