{"x": -0.1405839577498473, "y": -0.2591191875724753, "r": -0.11284106999471122, "b": -0.2371178801958582}