{"x": -0.0248040321246951, "y": -0.28433764941192574, "r": 0.13468094297991703, "b": -0.0793826752836033}