{"x": -0.12787941757321067, "y": 0.07954180931915833, "r": -0.36515292311590514, "b": -0.11488189316413698}