{"x": -0.06726188130393303, "y": -0.020494422060181802, "r": -0.22793872558509296, "b": -0.14825663278373982}