{"x": -0.027833370518223363, "y": -0.1927714590273111, "r": 0.3841085154682613, "b": 0.230985840231026}