{"x": 0.0021319340342945167, "y": 0.3734505262418072, "r": -0.17091654897577624, "b": 0.19031726863429782}