{"x": -0.1922619412401232, "y": 0.03693918706276605, "r": -0.3687990024393419, "b": -0.1496401050974378}