{"x": -0.1259256858234599, "y": -0.5305221991209202, "r": 0.3898968479671811, "b": -0.030740115423301503}