{"x": -0.0739108387559784, "y": -0.011325740582876439, "r": -0.22855699812118146, "b": -0.13779343859358628}