{"x": -0.08907678437210884, "y": 0.1923231180689852, "r": -0.32451165848286667, "b": -0.02945880736517904}