{"x": -0.0029854704431204323, "y": 0.18617880468229608, "r": -0.12188684928654658, "b": 0.07189050762503002}