{"x": -0.06373344398198169, "y": 0.03344641568140606, "r": -0.187022230143025, "b": -0.08502527589810452}