{"x": 0.06454180629272638, "y": -0.013659242855817912, "r": -0.28074388913210546, "b": -0.3459157978910939}