{"x": 0.3179043413608306, "y": -0.020726767874074337, "r": 0.12659740093283026, "b": -0.23041309601962015}