{"x": 0.0035616670156255257, "y": -0.17491033966530514, "r": -0.12555422188886842, "b": -0.3817837384890407}