{"x": 0.2046994547626137, "y": -0.1681078200055588, "r": 0.0796594583979006, "b": -0.2931478163702717}