{"x": -0.3155331472661578, "y": 0.1308268750920893, "r": -0.02141894740117728, "b": 0.3998613424015465}