{"x": 0.14220572675583976, "y": 0.3960910086699354, "r": -0.08552008044773546, "b": 0.199080652316218}