{"x": -0.0788175040220518, "y": 0.2762784670106408, "r": 0.09664879414466754, "b": 0.4718382061716633}