{"x": 0.3473084955446922, "y": 0.18022188012823057, "r": 0.17810222139016882, "b": 0.025217208124911707}