{"x": 0.05512291760250964, "y": 0.21953971028003558, "r": -0.24404402942363831, "b": -0.08817398129457364}