{"x": -0.22701439473489302, "y": -0.2126068252683063, "r": -0.190211994301861, "b": -0.17580442483527367}