{"x": -0.2157953407575192, "y": 0.1184690804403336, "r": -0.19568776858306, "b": 0.1385766526147928}