{"x": -0.1785815395025923, "y": -0.06766791460052088, "r": -0.2952961499089471, "b": -0.11227759524412911}