{"x": 0.14356445981162405, "y": 0.28682400240914047, "r": -0.20625284254258766, "b": -0.07092235723343482}