{"x": -0.07366248241096199, "y": 0.2452160154412962, "r": -0.35610131883141105, "b": -0.03722282097915289}