{"x": 0.0728119640287502, "y": 0.015411994616933586, "r": -0.2463270625647007, "b": -0.31203021457903574}