{"x": -0.11477263693947386, "y": -0.1860770252348028, "r": -0.004013965319831526, "b": -0.08886419107393574}