{"x": -0.2319743208637964, "y": -0.4360030808342527, "r": 0.05012844337256813, "b": -0.15390031659788822}