{"x": 0.20880656274702428, "y": 0.057083734989146956, "r": 0.02682949827049851, "b": -0.1560891194014096}