{"x": -0.07248849892623435, "y": 0.1910813326192975, "r": -0.13689517252964, "b": 0.11526498430373826}