{"x": -0.21905546590617173, "y": 0.07980785298819844, "r": 0.14561079219101547, "b": 0.444474111085387}