{"x": 0.06930710089318141, "y": 0.26779547572942153, "r": -0.22274262512537804, "b": -0.010165687622840343}