{"x": -0.36124427031461687, "y": -0.19771172207295515, "r": -0.09754017709876772, "b": 0.05058134561587144}