{"x": 0.29734140297817246, "y": 0.1303781118296624, "r": -0.013538135835243433, "b": -0.1768934664539805}