{"x": 0.12282859796096197, "y": -0.23687829203809116, "r": 0.04821372181723129, "b": -0.23595152541804473}