{"x": 0.061451392561167766, "y": 0.18910256764705605, "r": -0.2851164580486015, "b": -0.1705995975233211}