{"x": 0.04873682695212402, "y": 0.3497172201766854, "r": -0.13081126969051543, "b": 0.21626192709344821}