{"x": 0.27291711715058764, "y": 0.3331331651615519, "r": -0.005242687557348871, "b": 0.04733483986851406}