{"x": 0.03369825649457788, "y": 0.363604048360885, "r": -0.189692700747496, "b": 0.15408110973948855}