{"x": -0.10552617475819041, "y": -0.35508681750385074, "r": -0.07311194853774343, "b": -0.3352630086763353}