{"x": -0.15556624691754506, "y": -0.153276416699937, "r": -0.12675789552257788, "b": -0.12446806530496983}