{"x": -0.348178797840626, "y": -0.24832026253609094, "r": -0.14861593018943972, "b": -0.008771965963198444}