{"x": 0.03505019390225295, "y": -0.07455464269234208, "r": -0.18282879162242804, "b": -0.30197168936916113}