{"x": 0.1766096853902997, "y": 0.04368269121217574, "r": -0.12928982914312956, "b": -0.22138738299968988}