{"x": 0.11485546206314055, "y": 0.21693104652244646, "r": -0.16648628352665468, "b": -0.024036639830820418}