{"x": 0.23276535613726107, "y": 0.16135905634186515, "r": -0.07928443012852818, "b": -0.17805238615198932}