{"x": -0.07903133157105174, "y": 0.1617528629543368, "r": 0.16697908839779904, "b": 0.3602459363989516}