{"x": 0.11932106880222498, "y": -0.12250961721117298, "r": 0.01132738017142454, "b": -0.2112166828934502}