{"x": -0.016019531394449567, "y": 0.21704299337769944, "r": -0.3038423877356661, "b": -0.06745193238567199}