{"x": 0.1432394793231554, "y": 0.14103263579894576, "r": -0.16742784745021208, "b": -0.11900573757359559}