{"x": 0.009399960492230616, "y": -0.1402129616080052, "r": -0.1671757478055309, "b": -0.32683042956067204}