{"x": 0.37103138405386976, "y": -0.10276312578888533, "r": 0.2402260632398632, "b": -0.17737051475897012}