{"x": 0.1286668055802819, "y": 0.267644700486932, "r": -0.22554099466568758, "b": -0.09339687965061444}