{"x": 0.09406548563420392, "y": 0.2800272995368076, "r": -0.16582084225730093, "b": 0.03284678575875307}