{"x": -0.019582715755922832, "y": -0.22437991020451067, "r": -0.006572226448630027, "b": -0.20606570105791205}