{"x": 0.22427858612838988, "y": -0.03687418705646769, "r": -0.06884166990154103, "b": -0.32611048844920043}