{"x": -0.05800746208227425, "y": 0.010721951199934595, "r": 0.47074382363536205, "b": 0.5208299285551607}