{"x": -0.01618372293023795, "y": 0.3019060902439008, "r": 0.06840265444025308, "b": 0.42110692646664155}