{"x": -0.05226110853463576, "y": -0.13997828998021764, "r": -0.09549836153461683, "b": -0.28189510881428137}