{"x": 0.015915096207556975, "y": -0.36377668610324226, "r": 0.019896411923674636, "b": -0.2614673033839997}