{"x": 0.2535556778407435, "y": 0.12973513250829877, "r": 0.1498896400189731, "b": 0.09923921404801636}