{"x": -0.14178213599073589, "y": -0.08187806462755823, "r": -0.17663753168020463, "b": -0.21627752264501898}