{"x": 0.4175700668402062, "y": 0.021360435638286504, "r": 0.15982891108360453, "b": -0.1927184351628204}