{"x": 0.29174743868517083, "y": 0.06886698374695675, "r": 0.24144472878256945, "b": 0.008514567070837665}