{"x": -0.23735819807164799, "y": 0.039412556162629134, "r": -0.17434770369324382, "b": 0.08945950792666252}