{"x": 0.23894020668912386, "y": -0.0827997498971885, "r": 0.3213852578858265, "b": 0.03900693952484964}