{"x": 0.3103387237731391, "y": 0.15940770201451268, "r": 0.2440172094825497, "b": 0.09744917130200416}