{"x": -0.28308585309748235, "y": 0.17241225848672645, "r": -0.3901362437121677, "b": -0.014365775823076259}