{"x": 0.08430448908315182, "y": 0.23371791295501695, "r": -0.09164916696483207, "b": 0.03958676402573859}