{"x": 0.11587999625731871, "y": -0.08502849353137984, "r": 0.09861997238973362, "b": -0.11427315125423829}