{"x": 0.23614275020596032, "y": 0.24683373568013767, "r": 0.1950771133779861, "b": 0.2160792210368089}