{"x": -0.0294375177848558, "y": 0.1135036066715687, "r": -0.355653283235288, "b": -0.20956363431835126}