{"x": 0.1660376141228288, "y": 0.36585037764748346, "r": -0.15208027150730782, "b": 0.07849409116185195}