{"x": -0.23969236976883238, "y": 0.17613878106591294, "r": -0.23921982125724003, "b": 0.17661132957750528}