{"x": -0.09798115674900813, "y": -0.06573666031111992, "r": -0.29469684690145714, "b": -0.2356762068019839}