{"x": 0.2762398261852072, "y": 0.16016335131901388, "r": 0.007918088985885866, "b": -0.10203555522925549}