{"x": 0.15491028196214104, "y": 0.3528957629095173, "r": 0.0030442939395967533, "b": 0.2318710116861532}