{"x": 0.010044189975869283, "y": -0.26623385999755095, "r": 0.3252376144640137, "b": -0.06846841983870511}