{"x": 0.052631007584897985, "y": -0.03717187140327831, "r": -0.23397188700721744, "b": -0.3313239417139957}