{"x": 0.029432019234505325, "y": -0.10215957918385885, "r": -0.250858284619592, "b": -0.39122683055193075}