{"x": -0.02145415135269897, "y": 0.134452371039546, "r": -0.23157468357391342, "b": -0.04425250053137587}