{"x": -0.03918266607795541, "y": 0.2341711195535047, "r": -0.30169492405429943, "b": -0.03733489137434697}