{"x": 0.09516702715329466, "y": 0.09117690980206818, "r": -0.17778926416906676, "b": -0.16879645815104968}