{"x": 0.2343478462317351, "y": -0.04976456975123517, "r": 0.03326052566842285, "b": -0.28131889927611603}