{"x": -0.299362675535977, "y": -0.16891690418769484, "r": -0.026597918881992894, "b": 0.08832633104368082}