{"x": 0.0340558372077174, "y": 0.07073525070353723, "r": -0.20316672931826366, "b": -0.16249371669430776}