{"x": 0.10959321796094204, "y": 0.14637353839093703, "r": -0.15006394364258838, "b": -0.1281648862959395}