{"x": -0.17915499176543417, "y": 0.129920226296118, "r": -0.37885547678464, "b": -0.03795016437726101}