{"x": -0.1499642663965738, "y": -0.13867978823583463, "r": -0.255392750524225, "b": -0.24410827236348567}