{"x": 0.18025160238524662, "y": 0.2886437598170049, "r": 0.09236550049073328, "b": 0.165973653333723}