{"x": 0.3431910083873624, "y": 0.006013924045939207, "r": 0.02711252721041098, "b": -0.3361463099674843}