{"x": 0.20713399213742817, "y": 0.2996583974865171, "r": 0.04892236465742774, "b": 0.20327303465487798}