{"x": 0.06139091319692096, "y": 0.2525973741544117, "r": -0.10893232190204756, "b": 0.07215612972738232}