{"x": 0.22478348480217222, "y": -0.06327932757816336, "r": -0.08801992619622773, "b": -0.3374761886326535}