{"x": -0.12849995269260575, "y": 0.25736553158888503, "r": -0.33918514140824635, "b": 0.03705455249172744}