{"x": 0.3607508426697872, "y": 0.3302471038860398, "r": 0.036610590210682935, "b": 0.04980467993173442}