{"x": 0.11542898293667951, "y": -0.3720269523686572, "r": 0.327173538676647, "b": -0.11276300228594585}