{"x": -0.562362247335997, "y": -0.5429463607629936, "r": -0.0023059903326867605, "b": -0.017303109428874072}