{"x": -0.09190589189151184, "y": -0.09740527670469944, "r": -0.19686207852451765, "b": -0.19487155694969635}