{"x": 0.11455848217227399, "y": 0.08364432135979892, "r": -0.08102142385029673, "b": -0.06674344455168005}