{"x": 0.019843156725006836, "y": -0.4914485535391198, "r": 0.31792676604294445, "b": -0.21945707707179304}