{"x": 0.13448758216275425, "y": -0.12208386570799852, "r": 0.11940350262121294, "b": -0.17634073754050128}