{"x": 0.171772316935652, "y": 0.3009038774978017, "r": -0.08979210892999286, "b": 0.052525801170270274}