{"x": -0.021178340064696374, "y": 0.33515768997590295, "r": -0.3065518414276321, "b": 0.1197733817784528}