{"x": 0.06340559375360143, "y": 0.0346391328516846, "r": -0.14396335341367889, "b": -0.16420689976900732}