{"x": -0.21873860177821577, "y": 0.055683694867136625, "r": -0.402683249047786, "b": -0.13821284694792668}