{"x": -0.12364027988450699, "y": -0.052185415750646745, "r": -0.16331699101334224, "b": -0.02977225906453601}