{"x": -0.062035167259711615, "y": 0.05540460451473646, "r": -0.3523589635429539, "b": -0.2001791566591287}