{"x": -0.028470683201005615, "y": 0.1930173422093236, "r": -0.27751876250947477, "b": -0.05190462764479647}