{"x": 0.28298822027089643, "y": 0.2002849121350011, "r": -0.07164390286640603, "b": -0.16731942963270707}