{"x": 0.2934236094832134, "y": 0.009586814016442886, "r": -0.019750203583189165, "b": -0.30742401685405796}