{"x": -0.4594960321984164, "y": -0.06585846013511956, "r": -0.15127459314845743, "b": 0.22851936580319962}