{"x": 0.2780444561809334, "y": 0.2594485814023896, "r": 0.11785794493647057, "b": 0.012644535443230388}