{"x": 0.04512583632972307, "y": 0.3637570531878139, "r": -0.07747083661487927, "b": 0.22352413246320352}