{"x": 0.30506311498939054, "y": 0.31862281683357385, "r": 0.06662746347424423, "b": 0.06542816631678292}