{"x": 0.18874379422553283, "y": 0.1605855144382598, "r": -0.14161766878450338, "b": -0.1578181175540985}