{"x": -0.077476771492538, "y": -0.18946867673757758, "r": -0.12954215896718838, "b": -0.19063824609006155}