{"x": 0.282799260668528, "y": 0.22421726039372888, "r": -0.0005080780179965163, "b": -0.05309265016464916}