{"x": -0.12826581751016874, "y": 0.13059466892066113, "r": -0.3035152351446879, "b": 0.03611979285801891}