{"x": 0.052032706927274984, "y": -0.15886066862363105, "r": -0.18068877055373092, "b": -0.3851614053304197}