{"x": -0.009738388618738988, "y": -0.18198101625646942, "r": -0.05146690345483877, "b": -0.22906300307672506}