{"x": 0.20745699974722875, "y": 0.21833601588041587, "r": 0.20154758082828267, "b": 0.21242659696146976}