{"x": -0.29298225639706754, "y": 0.10529679770738087, "r": -0.4071291912515076, "b": -0.02601783220801967}