{"x": 0.301910368707319, "y": 0.07151287692893117, "r": 0.33781692313485007, "b": 0.1630385752183431}