{"x": 0.16998306955177997, "y": 0.23984870174959283, "r": 0.2328947043475557, "b": 0.33819072437189435}