{"x": 0.13810913526267712, "y": 0.20842909266607504, "r": -0.08245530453462724, "b": 0.018430753268876405}