{"x": -0.09119656685951413, "y": 0.07111461758328826, "r": -0.22640828463679824, "b": -0.08375137933542122}