{"x": 0.14436672579907112, "y": 0.08527631778809308, "r": -0.09696248932269118, "b": -0.17278828229421883}