{"x": -0.12130413747023826, "y": 0.22592911520830583, "r": -0.0006485039997145053, "b": 0.38393993646118035}