{"x": 0.18938676855041608, "y": 0.24620362555711256, "r": -0.05790978698613329, "b": 0.02292952037578022}