{"x": -0.3794967471297206, "y": -0.27230734391784994, "r": -0.18128548483786483, "b": -0.08078999929242911}