{"x": 0.09988165744726622, "y": 0.33764392552581707, "r": -0.07867446231913058, "b": 0.22614444904379605}