{"x": -0.1895336668056942, "y": -0.3830966091458276, "r": 0.11639371784534405, "b": -0.10247789473996524}