{"x": 0.1833330362733787, "y": 0.27465613529369404, "r": -0.17758841991766847, "b": -0.06302610112248214}