{"x": 0.04967501919923882, "y": 0.3766669532551479, "r": -0.20994082497223604, "b": 0.15680327852412984}