{"x": -0.020243886711892683, "y": 0.04498160579629924, "r": -0.20538637457356543, "b": -0.09438237014748996}