{"x": 0.12330902092923535, "y": 0.23838022372809142, "r": -0.15234251720791386, "b": 0.02185917227362393}