{"x": 0.08114075361639811, "y": -0.04231509315564899, "r": -0.25476450273533835, "b": -0.32400853369936405}