{"x": 0.2871899798708239, "y": 0.21175952542058712, "r": -0.022671289154060872, "b": -0.10651806959179916}