{"x": -0.011460266355761419, "y": -0.29827725383248144, "r": -0.13588388122567105, "b": -0.39475694151738816}