{"x": 0.2571341641991906, "y": -0.039795815358697875, "r": 0.046273894496743816, "b": -0.18623651524093598}