{"x": 0.1649843915582629, "y": 0.19595428744416124, "r": -0.16581060993276997, "b": -0.12335221621839172}