{"x": 0.26849621092022946, "y": -0.19362846428250233, "r": 0.15469157531972047, "b": -0.24234530475762386}