{"x": -0.0956531865255543, "y": -0.038329185112667565, "r": -0.15151987680963766, "b": -0.0897840375008817}