{"x": 0.15693540718541535, "y": 0.13101910917251866, "r": -0.07706577036274824, "b": -0.10298206837564476}