{"x": 0.288428770447705, "y": 0.35104378606140824, "r": -0.006242770294778107, "b": 0.059668172698633296}