{"x": -0.5262678247202088, "y": -0.2967995219214094, "r": 0.1278325873956501, "b": 0.20961335339839168}