{"x": -0.10625376743251101, "y": 0.008923737638493332, "r": -0.3659596907673231, "b": -0.25078218569631844}