{"x": 0.13941590072160984, "y": 0.3268268580968907, "r": -0.22530059619677792, "b": -0.01671352205211044}