{"x": -0.07526634256483625, "y": 0.11196868397407231, "r": -0.05787862128843822, "b": 0.14029605816742086}