{"x": 0.15476759821086725, "y": 0.37974036467475986, "r": -0.07058703201062799, "b": 0.1893321421124453}