{"x": 0.11750671164860677, "y": -0.0270452652752994, "r": -0.15671349088939932, "b": -0.3101164409530859}