{"x": -0.12118658551672594, "y": -0.2582686535942168, "r": -0.114221594092751, "b": -0.25130366217024175}