{"x": 0.1703559072803505, "y": -0.04652057789640467, "r": 0.1288391792649879, "b": -0.10982101663869084}