{"x": 0.12772434579689695, "y": -0.017666718602012178, "r": -0.12189191005988093, "b": -0.2510584610719094}