{"x": 0.14381188839740247, "y": -0.0975756022102479, "r": 0.010935014654249016, "b": -0.24102714822482632}