{"x": 0.3203855548880842, "y": -0.08239731149611132, "r": 0.15240268579014574, "b": -0.23239062100697838}