{"x": 0.1518154377348503, "y": 0.20839629909848295, "r": -0.11309201439591199, "b": -0.07321780184748927}