{"x": 0.2679851128721673, "y": 0.14841945671653578, "r": 0.0023488057534093217, "b": -0.10133871650208726}