{"x": 0.08031055012575164, "y": 0.1179023216329786, "r": -0.17484883617826108, "b": -0.08255125688545312}