{"x": -0.09738112816579264, "y": -0.24586277438578494, "r": 0.01455276312222517, "b": -0.08970423969426641}