{"x": 0.22521733108118672, "y": 0.2859130125683133, "r": -0.12487597104915155, "b": -0.0889648670231561}