{"x": -0.06576040860992512, "y": 0.06843382325184905, "r": -0.25252775916605735, "b": -0.13467991221772738}