{"x": -0.25290260800196873, "y": 0.0034314652873264815, "r": -0.16475959576919672, "b": 0.11100560273854085}