{"x": -0.1508818812410358, "y": 0.2862908527009756, "r": -0.1963879928131824, "b": 0.22914457175775715}