{"x": 0.19990728417115775, "y": 0.3750346842658695, "r": 0.03696001084903441, "b": 0.24984918808710904}