{"x": 0.1067617379908256, "y": 0.3170121093102174, "r": -0.1771862556067804, "b": 0.08565550601335255}