{"x": 0.033472931548118576, "y": 0.3386336239849004, "r": -0.30975135203723386, "b": -0.0015216141966452755}