{"x": 0.0457031557540692, "y": 0.14541629516506582, "r": -0.20874189028239243, "b": -0.1027897972817429}