{"x": 0.07642683493947856, "y": 0.26381072905632763, "r": -0.2581085740683016, "b": -0.0676150323299938}