{"x": -0.16423279017990045, "y": -0.17734917142065162, "r": -0.12013658162763839, "b": -0.14598584346048957}