{"x": 0.101064557962217, "y": -0.11661642861964948, "r": -0.13256802520610084, "b": -0.3794748878535824}