{"x": 0.038786230809913745, "y": 0.0034109257398857898, "r": -0.13318223159864825, "b": -0.16162840246289045}