{"x": -0.0799739782613856, "y": 0.02797539811204123, "r": -0.34291106825498696, "b": -0.18082712786979152}