{"x": -0.0005910429116437679, "y": -0.015965326143394572, "r": -0.1639270062026713, "b": -0.19831638117780784}