{"x": -0.38252557636112977, "y": 0.026379224087737952, "r": -0.42228383245905626, "b": 0.024277506966363344}