{"x": 0.2196811988116915, "y": -0.09510053282344497, "r": 0.2869485791971193, "b": -0.04851662880207537}