{"x": 0.3650269384658932, "y": 0.025807192546797822, "r": 0.10303412868391253, "b": -0.2439952171316698}