{"x": -0.29396015600766295, "y": 0.09076261084110594, "r": -0.3057052866942052, "b": 0.06696559150439955}