{"x": -0.3777320859153342, "y": -0.11240346627167247, "r": -0.08733623752663303, "b": 0.20367190148794911}