{"x": -0.14859746090416495, "y": 0.10992114329487865, "r": -0.389441632391745, "b": -0.12694839034708666}