{"x": -0.02189489485235775, "y": -0.0010218736026925755, "r": -0.24644362840246312, "b": -0.2121370857965971}