{"x": 0.12256008897494293, "y": 0.3690277588526971, "r": -0.07097894642961866, "b": 0.17925723262848828}