{"x": 0.38967002274476675, "y": -0.018891793403083272, "r": 0.27159811532175604, "b": -0.10489358836874975}