{"x": -0.029370556692917056, "y": 0.039398094750210666, "r": -0.1831815337202621, "b": -0.14668280264473574}