{"x": -0.03827019193568811, "y": 0.27474411443569774, "r": -0.2344620987838514, "b": 0.08230832017235576}