{"x": 0.07068228094332138, "y": 0.0019873354025637347, "r": -0.2860256838232579, "b": -0.33132819171916367}