{"x": 0.09537298988833671, "y": 0.35574637218845395, "r": -0.09943058239122013, "b": 0.19726745078350358}