{"x": 0.2840136434126402, "y": -0.029985463871285097, "r": 0.12110189635503836, "b": -0.17479800545986207}