{"x": 0.07200197073265219, "y": 0.26240322584587755, "r": 0.10390062128219466, "b": 0.35500179701598134}