{"x": 0.13546942213779942, "y": -0.16304607800369947, "r": 0.49444446432622874, "b": 0.21915930678624054}