{"x": 0.08693199301306652, "y": 0.06975007227924099, "r": -0.1703222861722319, "b": -0.2641102677972596}