{"x": 0.15394458733504573, "y": -0.013982643613892213, "r": -0.20106097128407666, "b": -0.3579153362865614}