{"x": -0.02708546792718091, "y": 0.1719323970204452, "r": -0.3049078246461564, "b": -0.07716698524985335}