{"x": 0.0845033913789519, "y": 0.21359050914378508, "r": -0.22374976684448358, "b": -0.10992177058942762}