{"x": 0.11003952739255399, "y": 0.22333982362457483, "r": -0.1898978642020433, "b": -0.09066917818922625}