{"x": 0.04883122295292254, "y": -0.19408065606970243, "r": 0.33637776367237043, "b": 0.16579995997106278}