{"x": 0.2369947302489039, "y": -0.09497330741303046, "r": 0.14264960772407478, "b": -0.2099014953350226}