{"x": 0.047789049562343686, "y": 0.10580416560137879, "r": -0.32717690985741327, "b": -0.20794711974093152}