{"x": -0.039552696479967765, "y": 0.3931627178745033, "r": -0.05587591325431509, "b": 0.3577759975492709}