{"x": 0.09109010410194714, "y": 0.2778058874516861, "r": -0.19407139906752566, "b": 0.008100351781251763}