{"x": -0.152886869186297, "y": -0.0854718257354467, "r": -0.3233498679502995, "b": -0.24701507179798687}