{"x": 0.10934451611752818, "y": 0.10695153346961365, "r": -0.24842033711593697, "b": -0.25864545570002906}