{"x": 0.025258961944651267, "y": -0.25532837780023526, "r": 0.10229691370660028, "b": -0.1896876530410575}