{"x": 0.17687040653356412, "y": 0.035442876819384364, "r": -0.04598206402814864, "b": -0.18090626713615054}