{"x": 0.02868987527755618, "y": 0.3385733085558007, "r": -0.18974448707413497, "b": 0.1201389462041099}