{"x": -0.012166617052930187, "y": 0.34254611854423034, "r": -0.3224005187952979, "b": 0.039729056568073705}