{"x": 0.30838736310632975, "y": 0.18476572451965703, "r": 0.07155243882339143, "b": -0.007177136485807032}