{"x": 0.26060118860041775, "y": 0.26086962609693465, "r": -0.0996175455661755, "b": -0.11174796981061626}