{"x": -0.3443164703372696, "y": -0.2305407334056131, "r": -0.11022742964544359, "b": 0.02810729317062733}