{"x": 0.06673552893659619, "y": -0.013758565006532072, "r": -0.1599422401996323, "b": -0.19891567745208827}