{"x": -0.19519888428426085, "y": -0.11780241428891552, "r": -0.1482164755286736, "b": -0.08189918446195882}