{"x": 0.09139607854570618, "y": 0.23742568406487527, "r": -0.2428457716483419, "b": -0.10493516795607497}