{"x": 0.34921268041155096, "y": 0.24043092248532696, "r": 0.015549260916087843, "b": -0.10837651020342107}