{"x": -0.22118001724918487, "y": 0.19656020689143783, "r": -0.37433760330305216, "b": 0.03444132545189707}