{"x": 0.3585905770594803, "y": 0.23423446173430584, "r": 0.025391645568978684, "b": -0.09896446975619576}