{"x": 0.14948212525731844, "y": -0.006913041375607517, "r": 0.23333083488440406, "b": 0.0885899554517686}