{"x": 0.2196901991612888, "y": -0.24881526416301666, "r": 0.34122413056707707, "b": -0.1520210518323566}