{"x": -0.0534471341709604, "y": -0.034004245877966285, "r": -0.31365322002547735, "b": -0.2903370651662765}