{"x": 0.08272388908446703, "y": -0.1444433155298069, "r": 0.342522975855688, "b": 0.12227774424565203}