{"x": -0.0038744958051674413, "y": 0.09383936940493019, "r": -0.3227885819514277, "b": -0.25104833210015914}