{"x": -0.14103678804196393, "y": -0.12090497429604533, "r": 0.18036238748530628, "b": 0.08251213198771859}