{"x": 0.28469146026829345, "y": 0.05285103438472286, "r": 0.04725688247837312, "b": -0.1715482370426322}