{"x": -0.17605482393214925, "y": -0.20172450998954497, "r": 0.020052647540818626, "b": -2.775126670420536e-05}