{"x": 0.14807370867135114, "y": 0.3611791615611488, "r": -0.18905267658914116, "b": 0.03538394920218657}