{"x": 0.04431901126896409, "y": 0.1184900454172624, "r": -0.2540365851389168, "b": -0.15195923948411375}