{"x": 0.1303634143867688, "y": 0.11074446869477783, "r": -0.06212014023352563, "b": -0.06427927089027971}