{"x": 0.0907415986880795, "y": 0.10304251857110978, "r": 0.0788592967149194, "b": 0.11252492358231378}