{"x": 0.3335850214134157, "y": 0.07722063158371664, "r": 0.01821551016090763, "b": -0.24649803197059042}