{"x": 0.1480111620721057, "y": 0.041505358706471894, "r": -0.12512031129606538, "b": -0.20842818296068336}