{"x": 0.11056820099292364, "y": 0.16725551487804968, "r": -0.1771013416864569, "b": -0.07851223619423557}