{"x": 0.15438073022102827, "y": -0.25326532568953036, "r": 0.05366255954709473, "b": -0.3443137992739363}