{"x": 0.2645573330335944, "y": 0.07669398468903367, "r": -0.0714437602368585, "b": -0.25216733539077896}