{"x": -0.0020191111374951607, "y": 0.29240774539834014, "r": -0.29663610372396587, "b": -0.018240679174801665}