{"x": 0.2756058653796871, "y": -0.010521001697078463, "r": 0.2526460467685269, "b": 0.010596180355919561}