{"x": 0.051106314133193796, "y": 0.17258900601266677, "r": -0.24009857887075492, "b": -0.1819011644016437}