{"x": 0.05138269216460149, "y": -0.009482598298444457, "r": -0.18607982089051525, "b": -0.20600350131625295}