{"x": 0.18564512573109998, "y": -0.012986026765236375, "r": 0.12427019737089313, "b": -0.037552128786627795}