{"x": 0.29627774040380683, "y": -0.056711343315144526, "r": 0.133309624672296, "b": -0.215297093160433}