{"x": 0.31365630480071005, "y": 0.047845341592364185, "r": 0.018272507276904496, "b": -0.25613133644944386}