{"x": -0.0895851478361915, "y": 0.01801080499023257, "r": -0.21380588135393125, "b": -0.09123934277567354}