{"x": 0.0229344407039799, "y": 0.19864254370239315, "r": -0.3083385759525006, "b": -0.1270344312524677}