{"x": 0.22600269180729807, "y": 0.20815307490028995, "r": -0.11034478961756553, "b": -0.14105588944269626}