{"x": -0.16781225784172796, "y": -0.36195253948433864, "r": 0.2869206710895017, "b": 0.21153409793107303}