{"x": 0.29944588221368346, "y": 0.021717818785744032, "r": 0.1909178526519288, "b": -0.07935019428698804}