{"x": -0.025261974003596182, "y": 0.031281106349923885, "r": -0.25282700111470213, "b": -0.20570385945494868}