{"x": -0.2541515875067214, "y": -0.13745191109922522, "r": -0.20800968486679744, "b": -0.02977224948048216}