{"x": 0.048981188229248136, "y": 0.3627262933175554, "r": -0.2944849930678446, "b": 0.0334554378302553}