{"x": 0.06411819468312943, "y": 0.2729375800195549, "r": -0.28820408893457766, "b": -0.0919365973264912}