{"x": -0.16366826106466584, "y": -0.3580664770894639, "r": 0.19234703503589243, "b": 0.024934198037971145}