{"x": -0.07116216842009332, "y": 0.19689058892836506, "r": -0.338314691685915, "b": -0.04361293518348688}