{"x": 0.2629255713245744, "y": 0.06818313216385735, "r": 0.22493839686175535, "b": 0.10085226692128198}