{"x": 0.2148161002912019, "y": 0.023278317265322052, "r": -0.04107659406457975, "b": -0.29905252938012195}