{"x": 0.36819728655755485, "y": -0.04479597503107604, "r": 0.23507942318973976, "b": -0.17065959457770102}