{"x": -0.06136859280757606, "y": -0.12959633348979774, "r": -0.11413638565672293, "b": -0.17740479541145243}