{"x": 0.33191091934114214, "y": 0.049577863334727176, "r": 0.025980103565679452, "b": -0.2563529524407353}