{"x": 0.30388689814784425, "y": 0.14976656656061033, "r": -0.09463201433660055, "b": -0.18018191966927463}