{"x": 0.18058819196197495, "y": 0.11965485638838569, "r": -0.09356034362131838, "b": -0.15449367919490764}