{"x": 0.06468295809261998, "y": 0.12027149003372962, "r": -0.20718500055127226, "b": -0.16047612765109037}