{"x": 0.1442270377868054, "y": 0.16308933776480064, "r": -0.1966656487289329, "b": -0.17418187999552992}