{"x": 0.21337830498600216, "y": 0.03384565381779951, "r": -0.14893167017262818, "b": -0.314676428911828}