{"x": 0.005135204581852645, "y": 0.2716204494337811, "r": -0.052218605316477665, "b": 0.11704304145321583}