{"x": 0.1634141280187555, "y": -0.26053791657071157, "r": 0.09692241245128849, "b": -0.3457936177549124}