{"x": 0.28362063487244377, "y": 0.26197700562232834, "r": -0.06774287538794316, "b": -0.052946252405495754}