{"x": 0.07854811525901118, "y": 0.19398795353176881, "r": -0.12090925722470167, "b": -0.07694643926589825}