{"x": -0.0470298118584554, "y": -0.39681577290049636, "r": 0.1747692337938424, "b": -0.1995755020351794}