{"x": -0.04425281016933016, "y": 0.2870769944749595, "r": -0.2774042921117853, "b": 0.03649713712210558}