{"x": -0.1930427848666139, "y": -0.5177004449446092, "r": 0.05652297165303911, "b": -0.21843605038156091}