{"x": 0.10109057289327669, "y": 0.07261249370687764, "r": -0.16266289381122412, "b": -0.15161095778712744}