{"x": -0.060415171312325565, "y": 0.2533996876739782, "r": -0.1684863848412136, "b": 0.10985403377408004}