{"x": 0.19351754864827955, "y": -0.257313491583832, "r": 0.13795778984565138, "b": -0.2573179420807324}