{"x": 0.17842658152761076, "y": 0.1427249059173612, "r": -0.04965349419398521, "b": -0.0699935792713312}