{"x": 0.11012083418934598, "y": 0.14471694111596964, "r": -0.24932297822822166, "b": -0.19337499838218314}