{"x": -0.017229703117444338, "y": -0.253628462946862, "r": -0.14086794867993843, "b": -0.35982667359517684}