{"x": 0.09952307058542349, "y": 0.12068610458631808, "r": 0.25390329329211064, "b": 0.287479017859743}