{"x": 0.07756497330518466, "y": 0.0331546024930004, "r": -0.2842262099823484, "b": -0.3159359078251301}