{"x": -0.12728552740998647, "y": 0.047799741391488994, "r": -0.18504918362113465, "b": -0.0313783771784967}