{"x": 0.07744214245976518, "y": 0.24086599995315214, "r": -0.12060324197654305, "b": 0.06016017477227509}