{"x": 0.05649603191750045, "y": 0.013176097150325363, "r": -0.27039702328370263, "b": -0.286945659110016}