{"x": 0.267149049909022, "y": -0.07881431075924633, "r": 0.18181796705235698, "b": -0.1543102439692088}