{"x": 0.10642219929620746, "y": 0.09223413471225259, "r": -0.2334908886511351, "b": -0.24767895323509007}