{"x": -0.04402483222415016, "y": 0.004623941517459747, "r": -0.27254163957470817, "b": -0.18908911278124374}