{"x": -0.08633909542408141, "y": 0.1323498377102831, "r": -0.23992488212765084, "b": -0.004391885047088486}