{"x": 0.27108185667576795, "y": -0.022752718289431356, "r": 0.03896053519668119, "b": -0.26423841389682173}