{"x": -0.20876124277202907, "y": 0.06135419338147597, "r": -0.22046476840603302, "b": 0.039192503997567886}