{"x": 0.024006411516061962, "y": 0.09950303255083762, "r": -0.2978211288064465, "b": -0.23595611500136907}