{"x": -0.4447184965139744, "y": -0.031813878771345915, "r": -0.3770956962997932, "b": 0.04139856961149586}