{"x": 0.13961146094096696, "y": -0.2775691696383472, "r": 0.07162559636240755, "b": -0.366737173658303}