{"x": 0.17729124357029452, "y": 0.012528989941345513, "r": -0.1657786837179517, "b": -0.3044130367276832}