{"x": -0.05026313548050277, "y": 0.16621345921501562, "r": -0.2611008674502949, "b": -0.03613865696950528}