{"x": -0.13116411009283627, "y": -0.16142224740316313, "r": 0.11947739247447521, "b": 0.06163157496045668}