{"x": 0.41911662926706544, "y": -0.0025803516191829964, "r": 0.328568959791143, "b": -0.0982087603717763}