{"x": 0.2594673317515949, "y": 0.14458451976252318, "r": 0.013632748772513007, "b": -0.168586261164855}