{"x": 0.1196736981711177, "y": 0.21823687383469978, "r": -0.24753150131098248, "b": -0.1456552638645844}