{"x": -0.15109605549375993, "y": -0.16697124853420878, "r": -0.06353810833999786, "b": -0.09267620317500559}