{"x": -0.11096832446829677, "y": -0.34103360030687757, "r": -0.17619143066404946, "b": -0.2841925510584111}