{"x": 0.13275915236468913, "y": 0.3022315019620676, "r": -0.18758474487376597, "b": -0.0787959758800969}