{"x": 0.37259564738753126, "y": 0.09665047186831958, "r": 0.1225635623851191, "b": -0.14710573100022126}