{"x": 0.2943511085798256, "y": 0.2900224596194584, "r": -0.036944051246879515, "b": -0.04127270020724681}