{"x": 0.26121403329006365, "y": 0.19012484113966854, "r": -0.12659485749000804, "b": -0.13772718842814213}