{"x": -0.04242333384576174, "y": 0.18259310116687927, "r": -0.24348117039113457, "b": -0.004197911031089677}