{"x": -0.18275949732142013, "y": -0.24335915764987573, "r": 0.2969833924548113, "b": 0.1042638312534779}