{"x": -0.024341510972483483, "y": 0.09900525301694153, "r": -0.31525111997547184, "b": -0.2189459386935601}