{"x": 0.14183045747328837, "y": 0.017145277473715605, "r": -0.1298459913895965, "b": -0.3195600598835545}