{"x": 0.21159483990254002, "y": 0.12302966512868342, "r": -0.034963744388097594, "b": -0.12773808908211823}