{"x": 0.227101617363545, "y": 0.22424537264436709, "r": -0.14297983375248846, "b": -0.12078249982287226}