{"x": 0.27612805627188863, "y": 0.11058068046073075, "r": 0.13102576596453, "b": -0.0005199963929432786}