{"x": 0.10088858891580026, "y": 0.20966986268757148, "r": -0.18439447508122161, "b": -0.03546056445535086}