{"x": 0.18608957493902206, "y": 0.2072310315500888, "r": -0.010407533526789664, "b": 0.04269142445211431}