{"x": 0.00708734559949769, "y": 0.2535536557862667, "r": -0.24787781789466587, "b": 0.004823093434411662}