{"x": -0.005801196740345619, "y": 0.18150889085151506, "r": -0.027538944848205717, "b": 0.14784111528155633}