{"x": 0.3728152229628837, "y": 0.014987215970013956, "r": 0.10430442023933383, "b": -0.2495044153399291}