{"x": 0.19450644575336032, "y": 0.15430594611002948, "r": -0.12455746510839676, "b": -0.17795440058774026}