{"x": 0.1880468390896587, "y": 0.1600828739565559, "r": -0.11437740406255563, "b": -0.13484055460589728}