{"x": 0.18681154144909695, "y": -0.032247371922277654, "r": 0.06428451823623521, "b": -0.23312019663399103}