{"x": -0.0013277224185556259, "y": 0.23932003353741266, "r": -0.26497872255258637, "b": -0.033310832448641726}