{"x": 0.05954987670698298, "y": 0.41182570039357225, "r": -0.08440539513032665, "b": 0.26787042855626253}