{"x": 0.17125985613720726, "y": 0.1625264800094435, "r": -0.061089721025188296, "b": -0.14899780444113556}