{"x": 0.11286149003769409, "y": 0.12670214360935877, "r": -0.22219086770243404, "b": -0.2164593317193047}