{"x": 0.13288913962948576, "y": -0.024829943936577954, "r": -0.0923667427899174, "b": -0.19999461185723577}