{"x": 0.1911982957369274, "y": 0.3728010942561383, "r": -0.1073629579507589, "b": 0.06014056928579226}