{"x": 0.1531264070481241, "y": 0.16813344949715478, "r": -0.2091411615081487, "b": -0.16536423493383712}