{"x": 0.0027470529199967245, "y": 0.16916743942821627, "r": -0.26360704552271497, "b": -0.06800756065710345}