{"x": 0.2520061331308588, "y": -0.015808810079058704, "r": 0.15577634529406376, "b": -0.07659662881141435}