{"x": -0.1210509092183999, "y": 0.16194047056477254, "r": -0.3171576376947166, "b": -0.0049337753106829555}