{"x": -0.005082608378400565, "y": 0.25828848733887527, "r": -0.14676239139879824, "b": 0.10614138459921468}