{"x": 0.03229683785609181, "y": -0.18481394752648198, "r": 0.011548764922527183, "b": -0.16995285947581157}