{"x": 0.005014413221634969, "y": -0.11230013963048158, "r": -0.12083093867678499, "b": -0.2488059140667262}