{"x": 0.08938396530195496, "y": 0.01651836636222864, "r": -0.17532757422331183, "b": -0.22472652016916383}