{"x": 0.10798062890447915, "y": 0.22794727307802803, "r": -0.181294789845044, "b": -0.048636635292022314}