{"x": 0.1960270718182446, "y": -0.0770184631308259, "r": 0.26494961540928624, "b": -0.03238961371230794}