{"x": -0.34310526381846573, "y": 0.06335329806897774, "r": -0.06702426249351036, "b": 0.3453972947272282}