{"x": -0.2645482624590045, "y": 0.11120396048534034, "r": -0.4029191881087395, "b": -0.01995668002338829}