{"x": 0.12159183240443062, "y": 0.3815365431251153, "r": 0.0015386832377151014, "b": 0.27899477407448503}