{"x": 0.02839614022722326, "y": 0.272758007511601, "r": 0.02534225022015253, "b": 0.26970411750453027}