{"x": 0.2398533943665206, "y": -0.1648849626548465, "r": 0.027783096286368686, "b": -0.3922252161985611}