{"x": -0.03317289275263866, "y": -0.11364396156700408, "r": -0.27815331879722605, "b": -0.3180864239092883}