{"x": -0.015275577421344739, "y": 0.17885031810463062, "r": -0.3347990352491491, "b": -0.1538606696102316}