{"x": 0.0011111363107583203, "y": 0.08893153896665427, "r": -0.2373216883746342, "b": -0.15878869029574605}