{"x": 0.24335591471233295, "y": -0.020341088338868663, "r": 0.08576195129929816, "b": -0.18264123072724964}