{"x": -0.12482023194646213, "y": 0.17344075268890097, "r": -0.2287187352949319, "b": 0.1021277583095772}