{"x": -0.1521288637440466, "y": -0.27096985181362376, "r": 0.2169513145634734, "b": 0.08362270555942457}