{"x": -0.1436374426615324, "y": 0.013081325449909373, "r": -0.233109302401378, "b": -0.09403642848102485}