{"x": 0.13441297567600344, "y": 0.031514351344437155, "r": -0.0669152957749446, "b": -0.16563239273190888}