{"x": 0.30896244917453863, "y": 0.1583502320088646, "r": -0.019311297824430564, "b": -0.15844101493880502}