{"x": 0.02867998601675106, "y": 0.15453715001850374, "r": -0.3563510271212715, "b": -0.17026494172581985}