{"x": -0.05994791987375867, "y": 0.20742168804994104, "r": -0.15201690478961444, "b": 0.14561707030355675}