{"x": 0.12615332096937712, "y": 0.07483488708343529, "r": -0.10461668394867572, "b": -0.1653159714331779}