{"x": 0.32423486087616726, "y": 0.35015239299085255, "r": -0.021837023736953957, "b": -0.0028393658591667464}