{"x": 0.10646802837488546, "y": 0.3676324434894144, "r": -0.16515165928641828, "b": 0.10001484545634493}