{"x": -0.15318491428551237, "y": -0.20839800578802486, "r": 0.18050921258277247, "b": 0.13152833662637342}