{"x": 0.23409338606839086, "y": 0.12280766057930999, "r": 0.3115418843498875, "b": 0.17937537401039028}