{"x": -0.1635948981343339, "y": -0.02825142453214907, "r": -0.2515656225150051, "b": -0.08045629496696344}