{"x": 0.2648770053108411, "y": 0.1391065116205688, "r": -0.07440211037401433, "b": -0.17389393252902519}