{"x": 0.01823220962574922, "y": -0.3774698491434709, "r": 0.18534449100570044, "b": -0.11508309581413594}