{"x": -0.40311689652764837, "y": 0.09196212372697475, "r": -0.19418571907292462, "b": 0.34897579119410277}