{"x": 0.06253636065576482, "y": 0.10145024064101477, "r": -0.23518637748955395, "b": -0.18421623549821506}