{"x": 0.1544793671470882, "y": 0.25812020680773057, "r": 0.1643503770599266, "b": 0.3135493073933288}