{"x": -0.19785150101121285, "y": 0.0466349791551506, "r": -0.09380069502164373, "b": 0.16963944705012066}