{"x": 0.20990354205485426, "y": 0.2858346422645119, "r": 0.06632367087192904, "b": 0.13181062316918332}