{"x": 0.057909926763661565, "y": -0.07913008611614017, "r": -0.30774955061444914, "b": -0.22868981957428136}