{"x": -0.07639233572108793, "y": -0.05532406781955779, "r": -0.32402725663170684, "b": -0.3029589887301764}