{"x": 0.29413921317074226, "y": 0.0827617565073628, "r": 0.12783912020832444, "b": -0.07917341547580024}