{"x": 0.24506383567771234, "y": 0.0004536604843028478, "r": -0.09372608643288656, "b": -0.32403982750976845}