{"x": -0.12742400667269912, "y": 0.09159590078447058, "r": 0.15984963831347263, "b": 0.3631710866854451}