{"x": -0.10733633606443982, "y": 0.27057614973437066, "r": 0.06798722236374008, "b": 0.4393336547635105}