{"x": -0.12395975111989999, "y": -0.023918974330574883, "r": -0.17307947895497164, "b": -0.10930108542617346}