{"x": 0.222602814485533, "y": 0.01934993432605318, "r": -0.08343509015915695, "b": -0.2905648535329123}