{"x": 0.21992974477733698, "y": 0.08387106246393188, "r": 0.04953111533181973, "b": -0.05636024441596854}