{"x": 0.02142291439650988, "y": 0.10078575862097425, "r": -0.23092514355164073, "b": -0.18129845611332948}