{"x": 0.2946713445979523, "y": 0.2054127640071209, "r": -0.06593315398867161, "b": -0.11385150819501783}