{"x": -0.160078514997878, "y": 0.0011604580389851505, "r": 0.22399572793204958, "b": 0.35470365149251804}