{"x": -0.18884354927287933, "y": 0.1780668427581333, "r": -0.33420794397252135, "b": 0.02365868503943947}