{"x": 0.08707317851533565, "y": 0.2554799384416713, "r": -0.21392508951040323, "b": -0.07331953483304389}