{"x": -0.1856576521572166, "y": 0.13021082014448504, "r": -0.03631564915316387, "b": 0.34412259859820454}