{"x": -0.12955587298945873, "y": -0.433496621332829, "r": -0.03015065350829301, "b": -0.3248913581739966}