{"x": 0.30703999998225456, "y": 0.22843141731537622, "r": -0.01043375840689815, "b": -0.0773251523765947}