{"x": -0.038585298481679055, "y": 0.05438831168519505, "r": -0.2962345438667079, "b": -0.15526411766869402}