{"x": -0.054003168444728335, "y": 0.09481103770691592, "r": -0.36338065471560727, "b": -0.14692816113688417}