{"x": -0.1106735557748529, "y": 0.10408012407093399, "r": -0.36027317482932636, "b": -0.16257404909593778}