{"x": -0.03480767586617677, "y": 0.17930480360216747, "r": -0.2524341407536994, "b": -0.11901489584852575}