{"x": 0.3099223621992786, "y": -0.09242491924819457, "r": 0.010742423403459062, "b": -0.34013219818156004}