{"x": 0.08748580591054994, "y": -0.10817091654689294, "r": 0.2429972900505713, "b": 0.11225694310661367}