{"x": -0.316625210453343, "y": -0.26460155573354394, "r": 0.06652352434398477, "b": 0.06353558165707192}