{"x": 0.11444188731702319, "y": 0.2613372796187848, "r": -0.14580304939898822, "b": -0.015720272171862726}