{"x": 0.0883487844647586, "y": -0.11817462599132761, "r": 0.35993925014874173, "b": 0.1379086388916313}