{"x": 0.11144123330037717, "y": 0.1680322926750135, "r": -0.22269317319693333, "b": -0.1360630644913489}