{"x": -0.170087239558267, "y": -0.3346078382582848, "r": -0.015196672954159805, "b": -0.15909422582196142}