{"x": 0.33280412753556265, "y": -0.05649950873712601, "r": 0.18969243100546385, "b": -0.16553042047012623}