{"x": 0.08961177163541714, "y": 0.0038921847428167134, "r": -0.09467399054899155, "b": -0.21283675735471208}