{"x": 0.18472626263882433, "y": 0.24753539666212807, "r": -0.10154270055520667, "b": 0.0013636827268588498}