{"x": 0.30445619639743704, "y": 0.025112334322451576, "r": 0.16101308243450144, "b": -0.1111629395899641}