{"x": -0.09357399022449674, "y": -0.0670802044235138, "r": -0.3398420420642977, "b": -0.28379014064918934}