{"x": -0.13117716504786986, "y": -0.1535237500984592, "r": 0.09256388705564901, "b": -0.05599814283072857}