{"x": -0.11618624152780217, "y": -0.07307626616590518, "r": -0.3035216030145579, "b": -0.23332280636888608}