{"x": -0.09903022960013173, "y": 0.33123129235169196, "r": -0.1805704737451708, "b": 0.3090742220765857}