{"x": 0.27650910800986617, "y": 0.18950530877541133, "r": 0.08417740375335905, "b": 0.011596252657180851}