{"x": -0.25677680635369304, "y": -0.10853149651231606, "r": -0.1751942963625979, "b": -0.021286250866817312}