{"x": 0.1057485693129052, "y": 0.34943760305867566, "r": -0.024211039942665522, "b": 0.2288332668218625}