{"x": 0.040189358800423, "y": 0.36019138045801663, "r": -0.2936471047498428, "b": 0.012964695069565376}