{"x": 0.049393768990019314, "y": 0.15830296517953485, "r": -0.253933273972067, "b": -0.2168782392707668}