{"x": -0.20805779991118062, "y": -0.15734186722265342, "r": 0.06540062400242419, "b": 0.18449016334403084}