{"x": 0.041229928070092, "y": -0.30643366578014014, "r": -0.05516547745585185, "b": -0.3952675265824509}