{"x": 0.34047593928388425, "y": 0.14372107880135326, "r": 0.03831283989248812, "b": -0.22074888671581122}