{"x": 0.2696842832527293, "y": 0.13697563396634116, "r": 0.25099715970158926, "b": 0.15677136831515642}