{"x": -0.37403633903740935, "y": 0.06644163011806313, "r": -0.19588271267065877, "b": 0.2656337140985042}