{"x": 0.13065285804935745, "y": 0.3040714274148974, "r": -0.23700686958699888, "b": -0.022704230887602646}