{"x": 0.02702065636468202, "y": -0.2540166700752758, "r": 0.18352678604266603, "b": -0.09751054039729251}