{"x": -0.04126663130898166, "y": 0.12490947019031448, "r": -0.18958265300580013, "b": 0.02669250604074198}