{"x": -0.2661572824303353, "y": -0.20461385286556288, "r": -0.03913980150509185, "b": -0.0871515041657876}