{"x": -0.20517262608587813, "y": 0.1659893439769173, "r": -0.39579249416219914, "b": 0.05463866407868832}