{"x": -0.0688220890831449, "y": -0.19482012381970842, "r": -0.23526306463423208, "b": -0.3309498621181084}