{"x": 0.3084089953591229, "y": 0.1066558502570253, "r": 0.15212328055754326, "b": -0.05991906314453559}