{"x": 0.25639577795183777, "y": 0.326072609860073, "r": -0.10197553823840919, "b": 0.0021511558877994365}