{"x": 0.05990852062498929, "y": 0.021758900606936506, "r": -0.18972293145083158, "b": -0.19402133878057554}