{"x": 0.2803232067309204, "y": -0.1696866271694151, "r": 0.3372065742360616, "b": -0.1256920812192147}