{"x": 0.2828293864833594, "y": -0.0550792634910875, "r": -0.04570364225269084, "b": -0.379922913264149}