{"x": 0.2761499668544413, "y": 0.049686130121016726, "r": 0.04356258397132646, "b": -0.1676293598841502}