{"x": 0.1717629229298302, "y": 0.12950164098166855, "r": -0.026820095510564888, "b": -0.08675969322842361}