{"x": 0.08983057506129509, "y": 0.2805658297557877, "r": -0.20428093344868928, "b": 0.008982677357187007}