{"x": -0.02004376116816597, "y": 0.14974737657746937, "r": -0.3513991277288951, "b": -0.18160798998325972}