{"x": 0.23842511697301602, "y": 0.31843053532634497, "r": -0.0656735622131328, "b": 0.021814666041420364}