{"x": 0.09611298371407778, "y": -0.0476417738928956, "r": -0.10161134926810525, "b": -0.21390431601163484}