{"x": 0.12124882725937419, "y": 0.002821846740566241, "r": -0.1976724532213588, "b": -0.31040003022954504}