{"x": -0.0037320055988469044, "y": -0.4110795688244915, "r": 0.10955169790241392, "b": -0.2919671548336953}