{"x": 0.24989569285522872, "y": 0.0008560979819616532, "r": -0.09856293414324578, "b": -0.35124242495506885}