{"x": 0.10894660798840698, "y": -0.05339357065022095, "r": 0.2911918709947287, "b": 0.1027727527309615}