{"x": -0.32583832862166323, "y": 0.029510628538648314, "r": 0.0326017729838282, "b": 0.41498436400693717}