{"x": 0.06729680805745196, "y": 0.1555167747067946, "r": -0.24419855670649993, "b": -0.18223512275683704}