{"x": 0.21643477886141602, "y": 0.11053096676915218, "r": -0.09472513485967463, "b": -0.17558021654179598}