{"x": -0.3037556427218399, "y": -0.28677150628456916, "r": -0.08318327805532981, "b": -0.017653649841550163}