{"x": -0.1416967448615058, "y": -0.38191503166167984, "r": 0.17634922374352757, "b": 0.006898505727516411}