{"x": -0.09628888007265785, "y": 0.11443006224352441, "r": -0.25629191987409516, "b": -0.015027633550692454}