{"x": 0.2887385192649644, "y": -0.08498724166456635, "r": 0.01963371354595937, "b": -0.3630054034113884}