{"x": 0.11512430404691161, "y": 0.25052314751150584, "r": -0.19328970054245165, "b": 0.009841791957205066}