{"x": 0.3740779242558792, "y": -0.00747929197282397, "r": 0.12905767340910557, "b": -0.244381481000746}