{"x": -0.011326126469999217, "y": -0.22022736683207825, "r": -0.16061921495459308, "b": -0.35112679236498723}