{"x": -0.2831806515393794, "y": -0.17566328216615712, "r": -0.02737274935701814, "b": 0.17237909870756396}