{"x": 0.3635117582156193, "y": -0.05903297627310956, "r": 0.1614499016563424, "b": -0.21825251640603893}