{"x": 0.3021387084178383, "y": 0.15398104911327995, "r": -0.06351261314869767, "b": -0.1867938536911594}