{"x": -0.016883366458132987, "y": 0.295387389099295, "r": -0.3133271995960842, "b": 0.002627096101982782}