{"x": 0.28960645432753607, "y": 0.34001858880746927, "r": 0.04786369344369107, "b": 0.0890287884222081}