{"x": 0.3503162032115551, "y": 0.09967652812765665, "r": -0.028249565541656942, "b": -0.23324717844358792}