{"x": 0.328842995061888, "y": 0.011168448540952534, "r": -0.008355170064433665, "b": -0.27734935583193454}