{"x": -0.10401923039903925, "y": 0.11502611382427731, "r": -0.24843586101864212, "b": 0.033448939712840235}