{"x": 0.17947357732055172, "y": -0.1516167425791999, "r": -0.022986378145444266, "b": -0.36251627523603197}