{"x": 0.1228575017415747, "y": -0.01180377098235206, "r": -0.23597461181702242, "b": -0.3671129840659962}