{"x": 0.17070556763557812, "y": 0.27683799531617964, "r": -0.0701994619895391, "b": 0.05234582991538437}