{"x": 0.25293517544403005, "y": 0.14115390020996482, "r": -0.08596810216668199, "b": -0.2058115325518361}