{"x": 0.16782758753161628, "y": 0.1833795807407607, "r": -0.06570277212853932, "b": -0.04656914508603146}