{"x": 0.2734998191799498, "y": 0.21833163946700762, "r": 0.02038477629642185, "b": 0.009151005825625069}