{"x": 0.22816728708791625, "y": -0.011700131522274256, "r": 0.05618574302187936, "b": -0.21661422781295742}