{"x": 0.1722467624131243, "y": 0.20598711972068764, "r": -0.17317629962581052, "b": -0.16439862215574555}