{"x": 0.23025798621653976, "y": 0.3085923529427164, "r": -0.05068612508766318, "b": -0.04651447333907996}