{"x": -0.3790185650365653, "y": 0.11289497855554476, "r": -0.22151365086653982, "b": 0.27039989272557025}