{"x": 0.26644443363891857, "y": 0.046831739322831405, "r": 0.08291640273796236, "b": -0.12211643498707048}