{"x": 0.06312562012950344, "y": -0.20327202436385713, "r": 0.29755946724569954, "b": 0.036930205215498745}