{"x": 0.18286629229411844, "y": 0.20286390387498204, "r": -0.17103632731572163, "b": -0.1275442655388519}