{"x": 0.08408896311066029, "y": 0.37332441443342607, "r": -0.09963052082944229, "b": 0.1796502900535691}