{"x": 0.3592820611447143, "y": 0.12492633954110313, "r": 0.055979281561612165, "b": -0.13333136113573404}