{"x": 0.07169653050930817, "y": 0.13184725353811805, "r": -0.2770906538516115, "b": -0.19523283696816565}