{"x": 0.05708436172707327, "y": 0.09651195660420617, "r": -0.2653763127621359, "b": -0.2395675987997925}