{"x": 0.05378876880897725, "y": -0.19153786044521046, "r": -0.0748655636364881, "b": -0.24906193431479542}