{"x": 0.1598523613080282, "y": -0.05748187566074226, "r": 0.4938616424795288, "b": 0.2256541702118452}