{"x": -0.15557227966744167, "y": 0.04715263962074246, "r": -0.25589765543309495, "b": -0.14596428931706318}