{"x": 0.02071766812474339, "y": -0.0642291061816895, "r": -0.21740233478209434, "b": -0.24015482361153456}