{"x": 0.27833353413675516, "y": -0.021201685810228372, "r": 0.4086108903764142, "b": 0.114993352922832}