{"x": 0.004878045771176498, "y": 0.07636163520574299, "r": -0.29824242410032603, "b": -0.2533347489503209}