{"x": 0.10037157909520344, "y": 0.2060405488756293, "r": -0.2288700831596205, "b": -0.18309025067787107}