{"x": -0.09135049857674302, "y": 0.13991341548166988, "r": -0.22462190991823297, "b": 0.02145787745058167}