{"x": 0.10976739783753797, "y": 0.34955495365326733, "r": -0.19392234637468186, "b": 0.07355936734169785}