{"x": -0.05505998279694869, "y": 0.3323513521030094, "r": -0.15826033040098375, "b": 0.2773013214061403}