{"x": 0.36144418105711035, "y": 0.15417783123755327, "r": 0.14211305058950902, "b": -0.061066027661815264}