{"x": 0.1904897685021486, "y": 0.27162490926249994, "r": -0.12102855889729108, "b": -0.03989341813693946}