{"x": 0.258286198260775, "y": 0.0487584270494678, "r": 0.08113995892871352, "b": -0.08216007291922611}