{"x": 0.16941863991912798, "y": 0.19652168810865786, "r": -0.1979297692179152, "b": -0.10886599821191026}