{"x": 0.15395464723978144, "y": 0.3373155414912749, "r": -0.03762145177940572, "b": 0.1358806144113461}