{"x": -0.1395580697638442, "y": 0.14483359450079797, "r": -0.2786368353979625, "b": 0.07603411330471084}