{"x": 0.20017946441561632, "y": 0.13601710179628596, "r": 0.04922588723747691, "b": -0.03366544059115913}