{"x": -0.34484980552065886, "y": -0.26821803515968023, "r": -0.26292654103347524, "b": -0.13748620234976727}