{"x": 0.11487024819411272, "y": -0.1801056390571366, "r": 0.04031244636698161, "b": -0.3501126362115143}