{"x": -0.05151320273112477, "y": 0.11488406991584757, "r": -0.3289905098563342, "b": -0.17140448956149348}