{"x": 0.0822369285571274, "y": 0.14135218164731148, "r": -0.09025494786712636, "b": -0.026807191512147797}