{"x": 0.16966534435295966, "y": 0.0958968442613547, "r": -0.18717852377811348, "b": -0.24990571688484406}