{"x": -0.1296665308144908, "y": 0.1604566607132738, "r": -0.09155840162429744, "b": 0.2543021391217343}