{"x": 0.0784745068955857, "y": 0.2033342488170017, "r": -0.30506151549700256, "b": -0.14710303652284026}