{"x": 0.1589550644468882, "y": 0.10621426155789335, "r": -0.20056799865343294, "b": -0.2611194958948629}