{"x": 0.08433631768706543, "y": 0.11922506592476768, "r": -0.17476718147209816, "b": -0.07939708622698068}