{"x": 0.02680314862986251, "y": -0.16399013643957783, "r": -0.1732922229773984, "b": -0.2466734063977913}