{"x": -0.2230175011612063, "y": 0.08919336175204186, "r": 0.028495166257298876, "b": 0.2909299571709493}