{"x": 0.09206940227064496, "y": -0.1307001855574269, "r": 0.24237840262598428, "b": 0.013182507533357424}