{"x": -0.0687370740095704, "y": -0.09869735514918622, "r": 0.2546958572872468, "b": 0.2844393174091415}