{"x": 0.1266500911198009, "y": 0.10787961230222874, "r": -0.22059702811592777, "b": -0.24627494482518558}