{"x": 0.11148977525220485, "y": 0.15055526182643236, "r": 0.049786825697179134, "b": 0.12297220501486025}