{"x": 0.25722821310311217, "y": 0.3088977980327361, "r": -0.026646521968586117, "b": 0.04787812460768571}