{"x": 0.24956934931010735, "y": 0.07331516767586112, "r": 0.08692541905766603, "b": -0.007319662962128518}