{"x": -0.21110228428363415, "y": 0.0799903253181248, "r": -0.24688873189418284, "b": 0.005854475055721802}