{"x": -0.04713301811397352, "y": -0.12898596490170047, "r": 0.30660565261711037, "b": 0.08512943485711831}