{"x": 0.16316681239474026, "y": 0.24460239430641378, "r": -0.07184943574690865, "b": 0.015987683837219983}