{"x": 0.015549633011002394, "y": 0.31938986964777916, "r": -0.08649086412296834, "b": 0.25306367092325277}