{"x": 0.13524654455710042, "y": 0.2003211846381233, "r": -0.21540005539931428, "b": -0.14334312069416671}