{"x": 0.2148994622886726, "y": 0.0905976620774141, "r": -0.06303335732763769, "b": -0.21605373857688384}