{"x": 0.2585634139967633, "y": 0.31304178980494235, "r": -0.07992384361317817, "b": -0.033512696370731565}