{"x": -0.14718141608057678, "y": -0.3510853503855741, "r": 0.2178811823793808, "b": 0.020356045263449685}