{"x": 0.18147649476938965, "y": -0.051654283335847075, "r": -0.058320316577139285, "b": -0.291451094682376}