{"x": -0.15831736699190355, "y": 0.08464618205449749, "r": -0.3750949671241841, "b": -0.10098052717395328}