{"x": 0.2910969333671406, "y": 0.27654100862246583, "r": -0.050510665492948796, "b": -0.01671008619909905}