{"x": -0.050120006866997135, "y": 0.3235085358651284, "r": -0.1472426554872693, "b": 0.24188592761189018}