{"x": -0.5150120147034821, "y": -0.1614446183294184, "r": -0.17011889087653242, "b": 0.19083802815592288}