{"x": -0.08334049062852666, "y": 0.1262669875572615, "r": 0.33570470672470903, "b": 0.5178113089927989}