{"x": 0.1200885992310767, "y": 0.03199958340008229, "r": -0.08486729978321395, "b": -0.16440745431328677}