{"x": 0.0727696616187929, "y": -0.1420672138411663, "r": 0.08680604221856326, "b": -0.12803083324139594}