{"x": 0.1536286961774816, "y": 0.12217137969190654, "r": 0.24812439482108556, "b": 0.2166670783355105}