{"x": -0.0771846484943445, "y": 0.015596480353370643, "r": -0.19155757133864745, "b": -0.06355263828587643}