{"x": 0.27222610607328657, "y": 0.16565526134696362, "r": 0.12274167274574435, "b": 0.0057986869624407494}