{"x": 0.15415235875301092, "y": 0.3232725764354676, "r": 0.02015945438802669, "b": 0.169597692624233}