{"x": 0.26001689610062817, "y": 0.35418189781874976, "r": -0.010472075088556444, "b": 0.08751235609977885}