{"x": -0.14539709879604987, "y": 0.17773785127739458, "r": -0.36658329072815865, "b": -0.061148654474438964}