{"x": -0.1734489408791134, "y": -0.4566761746683947, "r": 0.21174098483008774, "b": -0.1951639208975151}