{"x": -0.19669660805659603, "y": 0.1755939153819648, "r": -0.33309241560812164, "b": 0.04394318581092528}