{"x": -0.153152274439753, "y": 0.14784047089493962, "r": -0.16136886317905855, "b": 0.14481646546066385}