{"x": 0.12086686550658615, "y": 0.02569439570375166, "r": -0.16478144530381508, "b": -0.21793322750726143}