{"x": 0.016110613266291453, "y": 0.0035484465301492767, "r": -0.25548614245761564, "b": -0.2642346796425741}