{"x": 0.2013352958134933, "y": 0.17198211003388886, "r": 0.02143428907580213, "b": 0.019417736404941318}