{"x": 0.27534603113088835, "y": 0.06669419381090542, "r": -0.03984635165988564, "b": -0.2176046122636628}