{"x": -0.024817598041611436, "y": -0.5003774038224209, "r": 0.49961355619596076, "b": 0.024053750415152005}