{"x": 0.1361462542712256, "y": 0.057143544296240224, "r": -0.05617765778311233, "b": -0.08295993103747283}