{"x": 0.06973266506559035, "y": 0.022009721206222396, "r": 0.38422692666857056, "b": 0.320473564984776}