{"x": 0.22033219906044896, "y": -0.13101586301902096, "r": 0.09012132286019517, "b": -0.29439666343197696}