{"x": -0.012320145551940585, "y": -0.03171902566245819, "r": -0.2637179340860301, "b": -0.22813473086854222}