{"x": -0.24454588986123246, "y": 0.0633559962964864, "r": -0.2519757544936995, "b": 0.11431261021505068}