{"x": -0.31680959148606735, "y": 0.1230024414524679, "r": -0.34451839420375124, "b": -0.004987516141867416}