{"x": 0.27945455443866046, "y": 0.1659532682062274, "r": -0.01602193629204498, "b": -0.143176778905666}