{"x": 0.2647923590426974, "y": 0.012328087040411896, "r": -0.01549009908042154, "b": -0.22561804508994934}