{"x": -0.18094239769430553, "y": 0.035031806133235976, "r": -0.04324713511833501, "b": 0.23965031944896947}