{"x": 0.20985254317042573, "y": -0.2912685619212893, "r": 0.27703861673716534, "b": -0.1816375877013271}