{"x": -0.013083839856281199, "y": 0.0225207939187624, "r": -0.3587948560246761, "b": -0.30138058945524543}