{"x": 0.33320461887469205, "y": 0.01806693526358713, "r": 0.17317167379756923, "b": -0.14196600981353566}