{"x": 0.266175800308742, "y": 0.14116807710302506, "r": -0.004697427762701721, "b": -0.11519516545740306}