{"x": 0.3056556064846568, "y": 0.09105842695742924, "r": -0.05727006745448809, "b": -0.19262337971763088}