{"x": -0.07987025345520048, "y": 0.011531775697741121, "r": -0.3874125748004942, "b": -0.2923851127750147}