{"x": 0.14403515652447443, "y": 0.28456665852531715, "r": -0.20426602238976804, "b": -0.07168206698753181}