{"x": -0.18570380880062176, "y": 0.06133961004695116, "r": -0.013096701155747393, "b": 0.25728218252057844}