{"x": 0.35410282136643, "y": 0.01900215974614923, "r": 0.11223842626270875, "b": -0.2517741863917522}