{"x": 0.021801841950872123, "y": 0.22560477707219773, "r": -0.10741843965182021, "b": 0.11133350351066108}