{"x": 0.0009862459071973589, "y": 0.23045470763086948, "r": -0.2532294453833126, "b": -0.010957819561623226}