{"x": -0.012567433961739847, "y": 0.042507456142395705, "r": -0.19846920087738068, "b": -0.13658177325789517}