{"x": -0.3047413641117908, "y": 0.02672286689554992, "r": 0.061879910542223665, "b": 0.5049050619294839}