{"x": -0.1540540059159238, "y": 0.04333602788240736, "r": -0.2836214353424549, "b": -0.08167416295473383}