{"x": -0.013507821672763466, "y": 0.25694523580060924, "r": -0.2790121654561621, "b": -0.00452341756401685}