{"x": 0.05508195348926628, "y": 0.23273648109898137, "r": -0.3152228269662011, "b": -0.11467029137304845}