{"x": 0.005222159445926699, "y": -0.10311812656188706, "r": 0.23068140680073962, "b": 0.14672836949650422}