{"x": 0.06516040415726052, "y": -0.09724606324494157, "r": -0.17270120382359774, "b": -0.32872994409593254}