{"x": 0.3329727165047038, "y": -0.02376720627963246, "r": 0.36261698178418494, "b": 0.00587705899984926}