{"x": 0.12441786736577616, "y": -0.01682670122402365, "r": -0.1595056898686598, "b": -0.3007502584584597}