{"x": 0.29770745916873176, "y": 0.11156331494343147, "r": 0.03180947940850774, "b": -0.21987948805248683}