{"x": 0.21206714029577411, "y": -0.04179943206631194, "r": 0.07822518819330118, "b": -0.2649760707232387}