{"x": 0.13830405388061162, "y": -0.16674290466827366, "r": 0.1373627234151755, "b": -0.16768423513370956}