{"x": 0.10464732749701089, "y": -0.026890503363009247, "r": -0.10622384913562208, "b": -0.2536235658924741}