{"x": 0.1405999910608775, "y": -0.014257006742480692, "r": -0.20789196573298224, "b": -0.34866230314269414}