{"x": 0.05778682435764587, "y": 0.04454645107065308, "r": -0.25423080509412044, "b": -0.27586120729023805}