{"x": 0.3701932860292634, "y": 0.16719895049116543, "r": 0.07955738766399273, "b": -0.09143555983043321}