{"x": 0.28995506926884457, "y": 0.02038014760179485, "r": -0.04378606647264264, "b": -0.2989553910746434}