{"x": 0.17695232832045416, "y": 0.35254236657919974, "r": -0.034185106353476304, "b": 0.12347623723876772}