{"x": 0.2921920305038907, "y": 0.10786225675178654, "r": 0.09193811983344598, "b": -0.04746209833834585}