{"x": 0.21742849415903123, "y": -0.0699689146934616, "r": 0.39042433658640885, "b": 0.08872210038724068}