{"x": 0.3469878102822459, "y": 0.1642299722828582, "r": 0.0344109297746692, "b": -0.15673011699901632}