{"x": -0.20381959246591652, "y": 0.08831138547081059, "r": -0.3954295061521977, "b": -0.0988568244445161}