{"x": 0.09758077555725365, "y": -0.07814746033527338, "r": -0.10862646380231142, "b": -0.22848158099820362}