{"x": 0.1398271928316107, "y": 0.04252550995583585, "r": -0.24612339133251745, "b": -0.2983253995988777}