{"x": 0.1469954445582675, "y": -0.10372645645484334, "r": 0.1592603509443373, "b": -0.10380624404909217}