{"x": 0.3363064534395969, "y": 0.13116321967901473, "r": 0.11781747420992698, "b": -0.056242934860926186}