{"x": 0.06364952960239627, "y": 0.2146358229508081, "r": -0.29600444222467875, "b": -0.11954984093757107}