{"x": 0.32296629929742315, "y": 0.12652178734594102, "r": 0.21845789707794022, "b": 0.037320933806466956}