{"x": 0.15854303856458424, "y": 0.3365618870914674, "r": -0.16711022889453556, "b": 0.032430323862375696}