{"x": -0.08176170561516742, "y": -0.24551620404111743, "r": 0.03811919122156954, "b": -0.1056374340465816}