{"x": 0.13614006407728368, "y": -0.0022344154169363535, "r": -0.11631331868924019, "b": -0.24133875144714828}