{"x": 0.11389832617117414, "y": -0.153843378635647, "r": 0.1230236850483358, "b": -0.1362734560858736}