{"x": -0.16078077660373588, "y": -0.07902856766267034, "r": -0.27688764387769016, "b": -0.2059146194820642}