{"x": 0.15435267260608831, "y": -0.06256498272265062, "r": -0.14675476463533815, "b": -0.33587555667254293}