{"x": 0.14338742279512068, "y": 0.08572162420127746, "r": -0.19597555794842805, "b": -0.21092775615931106}