{"x": -0.23294054509445042, "y": -0.11266000010518565, "r": 0.13084981170512014, "b": 0.25862371030317377}