{"x": 0.08963456416108469, "y": 0.29417585259894036, "r": -0.0798468068476277, "b": 0.20603393494504457}