{"x": 0.22055737133438402, "y": 0.008079952368564807, "r": 0.028675654488017423, "b": -0.1838017644778018}