{"x": 0.25885710768771975, "y": -0.0034569599127058774, "r": 0.24850138502821487, "b": -0.025881515222704606}