{"x": 0.015999586072677256, "y": 0.27688195022715884, "r": -0.26718249522108617, "b": 0.03586562885729168}