{"x": -0.010301011580539034, "y": 0.34118055663059405, "r": -0.23799066541485828, "b": 0.09645464516026712}