{"x": 0.37929287961080854, "y": 0.04003241434224353, "r": 0.25534259038724716, "b": -0.09460140793956655}