{"x": 0.17062868582054733, "y": -0.1519586939802027, "r": 0.502158812284562, "b": 0.18654279440247182}