{"x": 0.05445593951472537, "y": 0.26992519400628523, "r": -0.26281083597130755, "b": -0.043590300026374255}