{"x": -0.36404904246555275, "y": -0.1324262775422209, "r": -0.193812593043936, "b": 0.05039335950758443}