{"x": 0.10567159678347844, "y": -0.009892709190000456, "r": -0.12586780786230217, "b": -0.21401699797403984}