{"x": -0.11764280968154321, "y": 0.21441165118771777, "r": -0.26254917016994866, "b": 0.15325157498137568}