{"x": -0.013028845126902572, "y": 0.22927343110453832, "r": -0.22135752587145163, "b": -0.04974018885924744}