{"x": 0.23672747841034752, "y": 0.17422131346702122, "r": -0.05304292084263272, "b": -0.14263411293309114}