{"x": 0.20605528407948615, "y": -0.1179095951322102, "r": -0.07532253306194495, "b": -0.3707058481826755}