{"x": -0.11073869574351908, "y": -0.02169643183664991, "r": -0.21911986582760293, "b": -0.0799866564198396}