{"x": -0.2792621212144236, "y": -0.3727795879011382, "r": 0.028316175327866615, "b": -0.06520129135884889}