{"x": 0.17380771222675248, "y": 0.20563307895201816, "r": -0.1930082137586113, "b": -0.14858216894350212}