{"x": -0.025583842624714286, "y": -0.026868362884035643, "r": -0.23282920921946368, "b": -0.22747979949213007}