{"x": -0.1700401576236476, "y": 0.07402068104590849, "r": -0.20397017503255274, "b": 0.0451486216610405}