{"x": 0.25131613560270916, "y": 0.1199592160412413, "r": 0.11758320696282032, "b": -0.024337945176209862}