{"x": 0.3394764959477076, "y": 0.17573051443634097, "r": 0.019398412213939994, "b": -0.1411703640812293}