{"x": 0.16309298235380354, "y": -0.041868221525876034, "r": -0.008107090951635063, "b": -0.18293011567878464}