{"x": 0.39687466809604066, "y": 0.008344184784352265, "r": 0.2611001819528037, "b": -0.14480166847158327}