{"x": 0.08194334723673322, "y": 0.21695320001334747, "r": -0.275161583869889, "b": -0.07718778104701596}