{"x": 0.22554309000475092, "y": 0.09009133299694598, "r": -0.02307287914379968, "b": -0.14357172011475985}