{"x": 0.26046072705539397, "y": 0.15207757525893612, "r": 0.08971472804756177, "b": -0.004432303560189192}