{"x": -0.1202056184553431, "y": -0.1514755663855545, "r": -0.30868752905391084, "b": -0.2440213120817069}