{"x": 0.09043801295849335, "y": 0.34419132720126805, "r": 0.13778892201328882, "b": 0.2980287622333137}