{"x": 0.09698652849946382, "y": 0.30929746127321955, "r": -0.0122446009430499, "b": 0.17982158477258114}