{"x": 0.25926785553584747, "y": 0.05274408725543053, "r": 0.30210295191022685, "b": 0.08286168245451188}