{"x": 0.19088994703240966, "y": -0.20452205150777475, "r": -0.022245444682174896, "b": -0.3890441847392533}