{"x": 0.13510716988355986, "y": 0.21686394647573, "r": -0.2003566219375569, "b": -0.10724025204318346}