{"x": 0.14503379417970358, "y": 0.26236729939017867, "r": 0.03804050235477816, "b": 0.1350784005612743}