{"x": 0.24721248782419736, "y": 0.01406494348943888, "r": -0.05702780882175496, "b": -0.2625030922276593}