{"x": 0.00676272276842228, "y": 0.02807232222411213, "r": -0.3074286326545156, "b": -0.2724710999734113}