{"x": 0.22295842478336392, "y": 0.2577131274229508, "r": -0.05064916262172836, "b": -0.011903292879971645}