{"x": 0.07517470071637307, "y": 0.4199976097835526, "r": 0.012554457497987673, "b": 0.3459459061166115}