{"x": 0.23746197677954853, "y": 0.16269434693862916, "r": -0.08783452779688054, "b": -0.17616403694279648}