{"x": 0.052814316860299394, "y": -0.2205363482719141, "r": 0.5535747999292538, "b": 0.30587816014864644}