{"x": -0.10703672984080438, "y": 0.3474202923706294, "r": -0.021633629941598044, "b": 0.4562915674027919}