{"x": 0.14215934000870675, "y": 0.23579573301487863, "r": -0.10854310994983084, "b": 0.014477500705025828}