{"x": 0.13825890933685636, "y": 0.104399485652535, "r": -0.07716056029035405, "b": -0.11932242344951975}