{"x": -0.09153570959046058, "y": 0.3672563328143132, "r": -0.14529861208161027, "b": 0.30195395352427506}