{"x": 0.41584196766912174, "y": 0.025721101090956402, "r": 0.18518673049650686, "b": -0.16362703472179885}