{"x": 0.22677453348476687, "y": 0.057912304067539964, "r": 0.18923433887439223, "b": 0.05537064783497054}