{"x": 0.30885839555172356, "y": 0.15765586487642755, "r": -0.03492645246851531, "b": -0.13793239006055233}