{"x": 7.225599013463843e-05, "y": 0.25965419081367724, "r": -0.1452444964866957, "b": 0.09777380950887817}