{"x": 0.06765130833895129, "y": -0.13760130355930086, "r": -0.08121697470324388, "b": -0.30357776181672785}