{"x": 0.08262800481374569, "y": -0.262609577506323, "r": 0.0046524123006276485, "b": -0.3039137447216673}