{"x": 0.23530967149336782, "y": 0.02087040697921995, "r": -0.08076650920174522, "b": -0.2916250207352392}