{"x": 0.2942054742645207, "y": 0.18135784639032893, "r": 0.19490899174927193, "b": 0.1326626850820892}