{"x": 0.08122468753932087, "y": 0.2799592116861941, "r": -0.049381316049248815, "b": 0.18096753523985823}