{"x": 0.24869332287160928, "y": -0.029942984291923762, "r": 0.024692628265692698, "b": -0.22308007016057568}