{"x": 0.08524875664934062, "y": -0.14343550746200737, "r": -0.19441494118446065, "b": -0.35255080456819127}