{"x": 0.11977574844846367, "y": -0.17434883356986505, "r": -0.047485737222695286, "b": -0.3517656669767416}