{"x": 0.41374688017222827, "y": 0.027821767713840803, "r": 0.38018277727443106, "b": 0.056742744370065795}