{"x": 0.008541318929249215, "y": 0.3338519008850367, "r": -0.08376470911943808, "b": 0.2491416382920089}