{"x": 0.3483841673249404, "y": 0.1507673184448999, "r": 0.1599450136720928, "b": -0.047568918699986126}