{"x": 0.009051506445293131, "y": -0.26189044209267454, "r": -0.06675376735639948, "b": -0.28577466386075434}