{"x": 0.10405889214369095, "y": 0.20325430095931943, "r": 0.014685563853622276, "b": 0.14423519505958182}