{"x": -0.05370768208377207, "y": -0.15015934535953165, "r": -0.09279719171601275, "b": -0.15430665534203564}