{"x": 0.043421563461555554, "y": 0.1237936281603783, "r": 0.04775898031485127, "b": 0.19306665386194743}