{"x": 0.06630694535306379, "y": 0.36920175381940673, "r": -0.06419721465224498, "b": 0.28984440793143273}