{"x": -0.014670577641068874, "y": 0.04161510945813201, "r": -0.2580287228069901, "b": -0.1742287864410954}