{"x": 0.20494769960283934, "y": 0.22033000298679783, "r": -0.12761567131928386, "b": -0.10911450518262492}