{"x": 0.06348195966921336, "y": 0.39381452711984927, "r": -0.11192747144119604, "b": 0.24589144830575957}