{"x": 0.08643589657330573, "y": 0.33754477134355393, "r": 0.06393021877479776, "b": 0.4107730735544704}