{"x": -0.40391121390157997, "y": -0.5390021658695587, "r": 0.017730220934352593, "b": -0.02544425895371674}