{"x": 0.17021751084247183, "y": -0.14369187056642393, "r": 0.14325443094142443, "b": -0.25753324690487783}