{"x": 0.2564643990414004, "y": 0.3025868556125802, "r": -0.08674367274446211, "b": -0.0019863968665683298}