{"x": -0.06877908882745348, "y": 0.12005197160355191, "r": -0.1855469557212979, "b": 0.018382089891009434}