{"x": 0.07863646763648698, "y": -0.48210665653447765, "r": 0.4750389419613939, "b": -0.0579150782429059}