{"x": 0.31755795831946954, "y": -0.0009266758584009639, "r": 0.047906755870297135, "b": -0.2575359354941657}