{"x": -0.042078366520218194, "y": 0.04087914576985963, "r": -0.25904837837858813, "b": -0.24600425788687016}