{"x": 0.16342256162175514, "y": 0.037760737698104375, "r": -0.202695071164512, "b": -0.32487402493863676}