{"x": 0.3713101079847324, "y": 0.03551971161282391, "r": 0.3096463284445005, "b": -0.06192807633477199}