{"x": 0.3164745433502263, "y": -0.01749853554523343, "r": 0.17291292712388318, "b": -0.13372701186390662}