{"x": 0.06518817699001685, "y": 0.17202405203882754, "r": -0.12856361662576957, "b": -0.05247449521025516}