{"x": -0.15441290480142833, "y": -0.022136680218933825, "r": -0.3262876154410743, "b": -0.19014164651577403}