{"x": 0.20685324405143166, "y": 0.24771210171774777, "r": -0.10277671023804263, "b": -0.0657746684695507}