{"x": 0.1886314474448347, "y": 0.10104548024060818, "r": -0.12371145437033358, "b": -0.16683683332985091}