{"x": 0.1453815016734169, "y": -0.11483651664382089, "r": -0.1595982738730886, "b": -0.3517473011356029}