{"x": -0.05976414370716343, "y": 0.03029701721895672, "r": -0.2838923378655207, "b": -0.1656176567269772}