{"x": -0.14605354791728062, "y": -0.41635761826785656, "r": 0.018294002880720365, "b": -0.2063493792032667}