{"x": -0.061173565015344766, "y": 0.2119360262080802, "r": -0.33494954165556334, "b": -0.019120890234504185}