{"x": 0.179227540831095, "y": -0.0505862339903027, "r": -0.1079225470764045, "b": -0.3340041234051713}