{"x": 0.16043097396371084, "y": 0.18601186784764667, "r": -0.18170889042382363, "b": -0.169351315848681}