{"x": -0.16566154393345867, "y": -0.37558742969028847, "r": 0.36436911953182216, "b": 0.13578432324492798}