{"x": 0.2939106838234027, "y": 0.09549298105988717, "r": -0.0753994617049102, "b": -0.25368876485762715}