{"x": -0.28364605050455743, "y": -0.20632908869101246, "r": -0.23808026339395993, "b": -0.1550184346182688}