{"x": 0.049388294579203636, "y": 0.22530862458732895, "r": -0.1448745161486192, "b": 0.02654448877977328}