{"x": 0.41327013407013624, "y": 0.08397768653698601, "r": 0.2762478784175365, "b": -0.004562673365759578}