{"x": 0.15405410190886562, "y": 0.3167411714717272, "r": -0.16978995072197278, "b": -0.01534868539532052}