{"x": 0.18004508707368538, "y": -0.014278061314096311, "r": -0.02306278689527537, "b": -0.28853701796439984}