{"x": 0.19785214865881817, "y": 0.21108083694249985, "r": -0.11952058931987129, "b": -0.11461662374376658}