{"x": 0.12669520716113822, "y": 0.12963730935264592, "r": -0.12577724332875645, "b": -0.13195133076542115}