{"x": -0.18381315375460172, "y": -0.15529532255284278, "r": -0.14276410457481634, "b": -0.0963741866918599}