{"x": 0.19654126233277772, "y": -0.10046004426551126, "r": -0.08380508333445497, "b": -0.33847382203081644}