{"x": 0.10951270345497681, "y": -0.14270987709267438, "r": 0.1387309467947659, "b": -0.12604307574483392}