{"x": -0.06992073594757316, "y": 0.2834493967204143, "r": -0.20404003447622204, "b": 0.11489166120142758}