{"x": 0.03637872571966586, "y": -0.1536642605824418, "r": -0.06641500676084951, "b": -0.19056148753892693}