{"x": 0.14117022442663354, "y": -0.16651831300881834, "r": -0.031564129516097335, "b": -0.24720917891577607}