{"x": 0.20615287634902485, "y": 0.04078605615249961, "r": 0.22859381427211417, "b": 0.039989700031883686}