{"x": 0.26030364571803283, "y": 0.2570806631111733, "r": 0.1267118663510417, "b": 0.12824936847293494}