{"x": -0.1434395012217995, "y": -0.027285762668053347, "r": 0.2232637970153706, "b": 0.1984571057060902}