{"x": 0.3134038574859772, "y": 0.06424287180935861, "r": 0.05553194808578673, "b": -0.2026793801591226}