{"x": 0.3199064858087588, "y": 0.19045924777549836, "r": 0.07667603593301624, "b": -0.06200009905297868}