{"x": 0.226600226499625, "y": 0.10456311994082902, "r": -0.07138258425868202, "b": -0.20198087605213313}