{"x": 0.14083616291818865, "y": 0.054184745631045264, "r": -0.18081128969332005, "b": -0.26429283526369457}