{"x": 0.33792057391746794, "y": 0.17558520854159104, "r": 0.08813782298812516, "b": -0.06131827630928551}