{"x": -0.07940030474088171, "y": 0.23636797301889517, "r": -0.16991127590076716, "b": 0.16147054741849667}