{"x": 0.27312203946823144, "y": -0.14280967741597714, "r": 0.3687673934880692, "b": -0.058758454126508035}