{"x": 0.10287681447417392, "y": 0.28480770724497617, "r": -0.16687552975352044, "b": 0.00037701817763759904}