{"x": -0.2911783685801128, "y": -0.1605631481566624, "r": -0.27802991806038224, "b": -0.13652062827650463}