{"x": -0.09883855075292254, "y": 0.11961984312509344, "r": 0.03753792522878756, "b": 0.3294689360883796}