{"x": -0.13359532519736, "y": -0.3896996603865667, "r": 0.1696831736556335, "b": -0.10231480176348774}