{"x": 0.02418429038759615, "y": 0.3552839517158692, "r": 0.00868799886752159, "b": 0.302243027245289}