{"x": 0.09362193873319072, "y": -0.41913045827353373, "r": 0.2348969075643785, "b": -0.2715847478553614}