{"x": -0.1489983992616905, "y": -0.23757148020024813, "r": 0.48621748795762526, "b": 0.2289898536287346}