{"x": 0.19368793376148985, "y": -0.220034070063952, "r": 0.24933436612820176, "b": -0.12240170004629133}