{"x": 0.0738729463872902, "y": -0.07798906709685265, "r": -0.13316085645618006, "b": -0.3030448289666069}