{"x": -0.1016073026253808, "y": 0.28518768164814284, "r": -0.35502255890771683, "b": 0.022667733369250313}