{"x": 0.10815792243216338, "y": -0.08738440569167454, "r": -0.02061540146934096, "b": -0.20886712979319144}