{"x": 0.012585839765592745, "y": 0.1602591676916605, "r": -0.3220120508232403, "b": -0.18901671060477193}