{"x": -0.01625800580781705, "y": 0.34767571602615904, "r": -0.33629597904096975, "b": 0.012638580437855219}