{"x": 0.16618274508894174, "y": 0.01992898912534348, "r": -0.1576235463544838, "b": -0.20769716786747688}