{"x": 0.34061825153158776, "y": -0.10073599976019938, "r": 0.3462661619047555, "b": -0.1073520882940208}