{"x": 0.19175948360176343, "y": 0.12561104793569502, "r": -0.012282450082328207, "b": -0.16052521545810883}