{"x": -0.1687045473316149, "y": 0.22665234620971364, "r": -0.32194987578310197, "b": 0.10708476037663332}