{"x": -0.044665472702741085, "y": -0.07072848459779424, "r": -0.2299047937392004, "b": -0.28837305991121254}