{"x": 0.227118770870338, "y": -0.09741791331579956, "r": 0.30480252399309243, "b": -0.06259658219224558}