{"x": 0.025288087496690263, "y": 0.0003579986197814436, "r": -0.2898099666080183, "b": -0.27045760208652464}