{"x": 0.2516593149611555, "y": 0.10390118305721738, "r": 0.3318684452781566, "b": 0.20257542671297046}