{"x": -0.2496011918553099, "y": -0.3119080522291954, "r": 0.12682709294012698, "b": -0.07744322281624749}