{"x": 0.0081062246734838, "y": 0.351051186205004, "r": -0.3139683958467872, "b": 0.014022329372680092}