{"x": 0.17428934425571804, "y": -0.09916956897507696, "r": -0.02557355343210968, "b": -0.330856101413957}