{"x": 0.008358325058748258, "y": -0.40016675710388633, "r": 0.44960742549878957, "b": 0.10610109974698397}