{"x": 0.11197400875056326, "y": -0.047313844353906655, "r": -0.05369790528993146, "b": -0.18026700992540148}