{"x": -0.22179592698517667, "y": 0.031125858767938608, "r": -0.3708350728023782, "b": -0.15036518403081037}