{"x": 0.016794434789818777, "y": 0.21167830382091588, "r": -0.20686752088122062, "b": -0.021451188976086877}