{"x": 0.35207734264212137, "y": -0.03414900880144805, "r": 0.05233539132195412, "b": -0.3084270310787121}