{"x": -0.29910349750272375, "y": -0.20840663229026277, "r": -0.24252329781705897, "b": -0.08967465615250166}