{"x": -0.26309783782729845, "y": 0.13680934013368778, "r": 0.016457723396629303, "b": 0.4882500452466002}