{"x": -0.14042836279235096, "y": -0.034726111319744415, "r": -0.20157263755932792, "b": -0.10731984615053936}