{"x": 0.2564860388719565, "y": -0.06910705307115675, "r": 0.08257628083748576, "b": -0.2758726730019837}