{"x": -0.03097013237765992, "y": -0.06675151339530792, "r": -0.31079930643219716, "b": -0.33883691512785097}