{"x": -0.22737218867713554, "y": -0.41812886930648496, "r": 0.09580917935006228, "b": -0.035255108736707945}