{"x": -0.30325722905846536, "y": 0.1792659096699117, "r": -0.23223088207979828, "b": 0.2928898954488667}