{"x": -0.027452966129278868, "y": 0.2812789151745733, "r": -0.28471922146245965, "b": 0.03670896316903046}