{"x": -0.28724663696383534, "y": 0.07695003161186084, "r": -0.05876107183614512, "b": 0.2904540654575071}