{"x": 0.07847570510109642, "y": -0.19350504642320032, "r": -0.06701645868364736, "b": -0.3389972102079441}