{"x": 0.06000694560449765, "y": 0.2528601189051457, "r": 0.008459431237411335, "b": 0.2942022809660254}