{"x": 0.286994802826512, "y": 0.08722190321113932, "r": 0.22656033440107795, "b": 0.03117792792390417}