{"x": -0.4493357131242232, "y": -0.21278996172454692, "r": -0.27915472099608696, "b": 0.020219540048050856}