{"x": 0.1443436210064949, "y": 0.15846767029011416, "r": -0.22132788381685725, "b": -0.1869593080914302}