{"x": 0.33159815473195997, "y": 0.13360603760373466, "r": 0.005771496496022445, "b": -0.18064682935728357}