{"x": -0.06465558563906655, "y": -0.256937963183609, "r": -0.00443512172103765, "b": -0.22081341890007936}