{"x": 0.36473889631208284, "y": 0.22811251593731618, "r": -0.006355852788940382, "b": -0.12201872480040778}