{"x": 0.12576317880062018, "y": 0.06579815712823348, "r": -0.1906273137068555, "b": -0.206393444808605}