{"x": 0.12303490411845858, "y": 0.04396315611075636, "r": -0.16477045690812672, "b": -0.22111258877837936}