{"x": 0.21435529835625927, "y": 0.23297312510524473, "r": 0.05648418933733571, "b": 0.07972909790489852}