{"x": 0.14325465974258791, "y": 0.09641323895322375, "r": -0.13668494714536475, "b": -0.2121651335698672}