{"x": 0.11272926564500417, "y": 0.18724967868745884, "r": -0.08678934792245442, "b": 0.001473234844164223}