{"x": 0.01913526590086328, "y": -0.31405567311771043, "r": -0.07129017504927461, "b": -0.37140567555694487}