{"x": 0.302385013894369, "y": -0.024813484502197246, "r": 0.1918145177086969, "b": -0.07787776276883915}