{"x": 0.30622955667258756, "y": 0.15350260918797187, "r": -0.07102097934811952, "b": -0.19897948224264958}