{"x": 0.0697226201477692, "y": 0.047226259568198765, "r": -0.19444955912086548, "b": -0.225919429709355}