{"x": 0.17540842234572482, "y": 0.1411212920886768, "r": -0.10270618751521507, "b": -0.1657046685164296}