{"x": -0.20923697365686714, "y": 0.19067237102975876, "r": -0.3236265158049773, "b": 0.16301787372281293}