{"x": 0.19652470836525066, "y": 0.11232463486545147, "r": 0.03874577767036265, "b": -0.05572528447949888}