{"x": 0.0803406445135607, "y": 0.017236968397563005, "r": -0.20544355215351565, "b": -0.2685472282695133}