{"x": -0.08414914206589917, "y": 0.06993835288593747, "r": -0.3849541241865798, "b": -0.19709915700430464}