{"x": 0.15603189499263706, "y": 0.12498440699839027, "r": -0.15605799081512303, "b": -0.17970859586106647}