{"x": 0.3324064604199185, "y": 0.240570512448626, "r": 0.10404970450657243, "b": -0.018476599763621086}