{"x": -0.12244408321894208, "y": -0.20210176213786737, "r": 0.1191870855340742, "b": 0.0882208249976187}