{"x": 0.17797841171486795, "y": -0.009885691564572153, "r": -0.14517410456042582, "b": -0.29669740334457967}