{"x": -0.40408715775368165, "y": 0.08049928961256331, "r": -0.24992885012362895, "b": 0.20842672661466025}