{"x": 0.21911333124780788, "y": -0.20707764542276275, "r": 0.11013495740222852, "b": -0.35003565755389204}