{"x": 0.021942791506991945, "y": 0.06786488704328451, "r": -0.1814701919498181, "b": -0.14397758865207777}