{"x": 0.08354241288153026, "y": 0.2388244859746942, "r": 0.1739393960056545, "b": 0.4093071232265806}