{"x": 0.2784661312770709, "y": 0.22513032440221695, "r": -0.07832142792966393, "b": -0.1262747039192186}