{"x": 0.25253791261568925, "y": 0.08402914118776424, "r": -0.098047363164882, "b": -0.1941130296820632}