{"x": 0.17712427437550304, "y": 0.0311637566068853, "r": 0.1836662563124069, "b": 0.09691409042243057}