{"x": -0.021178784606372174, "y": -0.2506538314892166, "r": -0.0626536625677019, "b": -0.2357448787423899}