{"x": 0.2628986524916146, "y": 0.3221161532057553, "r": 0.06641111803094983, "b": 0.12938334989247052}