{"x": -0.005712586272361941, "y": -0.11713946321128586, "r": -0.1876895625523823, "b": -0.2903204929996933}