{"x": -0.019561367193202877, "y": -0.06299778163648706, "r": -0.18490661035934536, "b": -0.26153952081306703}