{"x": 0.3308132446128206, "y": 0.10003923457347842, "r": -0.027444907472649393, "b": -0.19072016220959398}