{"x": -0.12845797346418542, "y": 0.025207615269320763, "r": -0.254930879777085, "b": -0.13457776495537485}