{"x": -0.009334161211275359, "y": -0.06583511093886966, "r": 0.2333953435187208, "b": 0.169951770859674}