{"x": -0.1321921368108991, "y": -0.3211752169092843, "r": -0.06761639807754823, "b": -0.17841029962489632}