{"x": 0.24866178855309803, "y": 0.03573480190782694, "r": 0.05323580928630584, "b": -0.19169128045630873}