{"x": -0.18230738499557586, "y": 0.285884032839136, "r": -0.17959776733154217, "b": 0.2763654844340961}