{"x": -0.20739725447085175, "y": -0.4410878969640569, "r": 0.08539100388012408, "b": -0.0216863555787072}