{"x": 0.21951773251063816, "y": 0.23562416318465046, "r": 0.06809889638914902, "b": 0.0933298557070165}