{"x": -0.0011189724191343238, "y": 0.25360577284607, "r": 0.02636372765326325, "b": 0.28108847291846767}