{"x": 0.32919365251436766, "y": -0.024763246355093044, "r": -0.005365751636243389, "b": -0.3201790860439753}