{"x": -0.10741199226094865, "y": -0.0371346357612199, "r": -0.1710730193751357, "b": -0.05052242943187335}