{"x": 0.019019635099319556, "y": 0.08156947595323978, "r": -0.3196359460387707, "b": -0.2651512810246302}