{"x": 0.0857010608556689, "y": 0.3280476761223374, "r": 0.11370371485046059, "b": 0.3333738009848908}