{"x": 0.3194978503304215, "y": 0.2122368457773518, "r": 0.1245921107075612, "b": 0.021546259350183304}