{"x": -0.06787083684076342, "y": 0.21451850632426045, "r": -0.12484368013306907, "b": 0.16768573998580097}