{"x": 0.2669530023014317, "y": 0.3604397765684555, "r": -0.0539842324956014, "b": 0.05111045228771243}