{"x": 0.22211654485306703, "y": 0.26062110706384084, "r": -0.1352576864475153, "b": -0.07338491446585359}