{"x": 0.20453395609670966, "y": 0.24668542619400588, "r": -0.15133369371740527, "b": -0.11703749618335181}