{"x": -0.24274593292235194, "y": -0.18247519039139895, "r": -0.263636146887539, "b": -0.1928373421411579}