{"x": 0.14547402175882246, "y": 0.03232198174487125, "r": -0.15720789795305753, "b": -0.2788638169949123}