{"x": 0.1316717132130182, "y": 0.34708066460511605, "r": -0.1769675428330325, "b": 0.03844140855906535}