{"x": 0.058698588664057263, "y": 0.06048745754060102, "r": -0.26945669595442884, "b": -0.2747772949655199}