{"x": -0.020371962034388482, "y": -0.11028570105403229, "r": 0.18907453140664052, "b": 0.10549297298092879}