{"x": 0.2593158700974659, "y": -0.013345350363834807, "r": -0.07323428397837964, "b": -0.31578498507468095}