{"x": 0.30608578788620633, "y": 0.26120863043692755, "r": -0.0886771702586507, "b": -0.07427853494892074}