{"x": 0.30438681841178067, "y": -0.0066968172295383994, "r": -0.04814905298007896, "b": -0.34523346421905987}