{"x": -0.5058879859244999, "y": -0.2332826909452343, "r": -0.08743966630885545, "b": 0.2613239277101763}