{"x": -0.3422954270326688, "y": -0.03939000077967172, "r": -0.0629409681998603, "b": 0.26192762472837694}