{"x": 0.11962430845502171, "y": 0.23139501478768285, "r": -0.20151188477979143, "b": -0.07761861046918053}