{"x": -0.08877614898544896, "y": 0.2601736961797158, "r": -0.17293016131296782, "b": 0.1958217592613317}