{"x": 0.13103488479205916, "y": -0.055224552093032064, "r": -0.22555995349185604, "b": -0.34880548278619683}