{"x": 0.13219031386673002, "y": -0.06272436768521775, "r": -0.10574856221528357, "b": -0.30492056848185695}