{"x": 0.12561337206011947, "y": 0.02293119629533209, "r": -0.18142352321685015, "b": -0.31166673155584956}