{"x": 0.021932503804895778, "y": 0.1889029569665678, "r": -0.08266899383008175, "b": 0.06395149336874886}