{"x": 0.09851394692707555, "y": 0.19584219369940503, "r": 0.2294428864296135, "b": 0.3018241713011517}