{"x": 0.002818577753140524, "y": -0.13091960875391132, "r": 0.08699973967359316, "b": -0.15855982227816906}