{"x": -0.12827600566833272, "y": 0.10305334787815415, "r": -0.14623967368650723, "b": 0.15721664209593292}