{"x": -0.22651751719779836, "y": -0.12891090483362874, "r": -0.07177660160317548, "b": 0.000357784681701271}