{"x": 0.14924360087725955, "y": -0.1606895096373794, "r": 0.0798910858168836, "b": -0.26705641330330854}