{"x": 0.11643841138237263, "y": 0.15114215965435485, "r": -0.16341067694084363, "b": -0.11313609814612031}