{"x": 0.13326888892523256, "y": 0.3170985485184145, "r": -0.19960795188072156, "b": -0.012285500878146992}