{"x": -0.28306690911194793, "y": -0.23150606506122423, "r": 0.28671511465497196, "b": 0.30785382646215176}