{"x": -0.21154162896273168, "y": 0.14052316355505912, "r": 0.034174867345671774, "b": 0.38623965986346276}