{"x": 0.2595706952405184, "y": 0.3835197588427859, "r": -0.0511849192118591, "b": 0.0643587250544618}