{"x": 0.19019829976762115, "y": 0.0005615785453976706, "r": 0.08512033112342679, "b": -0.10951595451977884}