{"x": 0.09429084060137116, "y": 0.2093686603859327, "r": -0.23802016815799204, "b": -0.11147987642080134}