{"x": 0.16223944546023378, "y": 0.11907332939858592, "r": -0.16232278822860846, "b": -0.2137259502208805}