{"x": -0.03241989757999688, "y": 0.31654113468933787, "r": -0.3195313362178603, "b": 0.015100277732637548}