{"x": -0.14449003467273164, "y": -0.10239984462150542, "r": -0.32103896247417996, "b": -0.24619787750596586}