{"x": 0.17294115695553883, "y": 0.1598822240324102, "r": -0.08058733983619312, "b": -0.06395706524535655}