{"x": -0.035740546105116316, "y": 0.03211557490417439, "r": -0.3021996652623001, "b": -0.2012514744405514}