{"x": 0.19316671153649453, "y": 0.3103966922507321, "r": -0.12275793891742313, "b": 0.03870105146574215}