{"x": 0.0669344531027408, "y": -0.1374325734328175, "r": -0.1312320342002517, "b": -0.30644147845591907}