{"x": 0.07818580418305708, "y": -0.18764886249886695, "r": 0.10238455431589615, "b": -0.20418528992812943}