{"x": 0.08546113858296135, "y": 0.3058749613481721, "r": -0.06927156606344972, "b": 0.16941830633102756}