{"x": 0.39199465349841234, "y": 0.20642416302772806, "r": 0.228131624947726, "b": 0.009305686748943994}