{"x": 0.12529438377653324, "y": 0.14000074735759024, "r": -0.24555782923306257, "b": -0.21833111168204708}