{"x": -0.16864418516458848, "y": -0.09673590129639428, "r": -0.323224255207988, "b": -0.2849406276448858}