{"x": 0.09979049632206528, "y": -0.06392238494197992, "r": -0.1045436761167437, "b": -0.35032074587364714}