{"x": 0.12074691037303567, "y": -0.014094895535988524, "r": -0.0700705264278175, "b": -0.20067577441433326}