{"x": 0.12331109073380984, "y": 0.29815502349128215, "r": -0.19293943591061846, "b": -0.021915332613233172}