{"x": 0.13434323253761948, "y": 0.17687718488961848, "r": 0.10302119375297548, "b": 0.14014353738310098}