{"x": -0.1707201732591054, "y": -0.04958742995318565, "r": -0.2968016622514419, "b": -0.1409107963486264}