{"x": -0.23872023399169157, "y": -0.1739863297785314, "r": -0.07638271847222709, "b": 0.06350231820986395}