{"x": 0.09011056784613208, "y": 0.3599565903906678, "r": -0.2545810383639818, "b": 0.03909438031836828}