{"x": 0.30763333534912074, "y": 0.034547714161617525, "r": 0.3001779634065025, "b": 0.04405891705758696}