{"x": 0.026994782416098023, "y": 0.1926357815122175, "r": -0.3237311781435162, "b": -0.14516930264062314}