{"x": 0.12876662101126504, "y": -0.04043678865976089, "r": -0.0965756658458056, "b": -0.22048991547756522}