{"x": 0.27276906992542677, "y": -0.11058073257827475, "r": -0.02669702420931725, "b": -0.3414378359324009}