{"x": 0.28331468517937997, "y": 0.028907708598782597, "r": -0.03719822225272959, "b": -0.27994018436864193}