{"x": 0.3679111959176538, "y": 0.2893472478528775, "r": 0.044108204317406, "b": 0.005320550864379851}