{"x": -0.016173253535284735, "y": -0.10622119203353239, "r": -0.03765901555031063, "b": -0.2286299472039591}