{"x": 0.3562496383141268, "y": 0.1373983786999659, "r": -0.023117317582893468, "b": -0.20864599764790112}