{"x": 0.3074649655194307, "y": 0.3250316736996166, "r": -0.030089542451567232, "b": -0.012522834271381593}