{"x": 0.13784528855128642, "y": -0.1539455861250282, "r": 0.270043920374835, "b": -0.0436887882515484}