{"x": 0.1471572017349363, "y": 0.16814027450648986, "r": -0.24097745547009236, "b": -0.17505512023337114}