{"x": 0.2497946677962503, "y": 0.02672384559907119, "r": -0.08941906697231057, "b": -0.30538466051108715}