{"x": 0.14699999478769607, "y": 0.25627966498233107, "r": -0.0885842179462943, "b": 0.01137330850119422}