{"x": 0.15592277730093648, "y": -0.08056597868968131, "r": 0.1849024358354307, "b": -0.01123417668324615}