{"x": 0.022574987685305747, "y": 0.04489414890918427, "r": -0.3274329725408907, "b": -0.24145479711236126}