{"x": 0.03579076054810132, "y": 0.33089349106180127, "r": -0.15107003264744695, "b": 0.1341163660759547}