{"x": -0.07988905406465284, "y": 0.08095402459932786, "r": -0.2358331447431952, "b": -0.08528343082703667}