{"x": 0.2778921728030014, "y": 0.16751747474926404, "r": 0.152191400780165, "b": 0.05921569233791346}