{"x": -0.031731478770863214, "y": -0.03642991485678277, "r": -0.1843651279078363, "b": -0.17451650217636486}