{"x": 0.11192607593798713, "y": 0.25876009375179726, "r": -0.20218941221339926, "b": -0.06371983966603566}