{"x": 0.24316906446263323, "y": 0.26524875707864914, "r": -0.02271346153244071, "b": 0.0033998435781077622}