{"x": 0.39502380880217924, "y": 0.05979745244290088, "r": 0.26343697717693115, "b": -0.037250219076533954}