{"x": 0.026783372241110815, "y": 0.192027652258869, "r": 0.08227257515777235, "b": 0.2812026808005304}