{"x": 0.0783202836321699, "y": 0.1772556346410632, "r": -0.27425435531283576, "b": -0.16835744128184604}