{"x": 0.01140140329981803, "y": -0.07197608641134491, "r": -0.20932303755162118, "b": -0.28905905268732324}