{"x": -0.2911650883790141, "y": 0.07997420681870827, "r": -0.3088042477064171, "b": 0.11507925370191606}