{"x": -0.25757797061588633, "y": -0.06771111523634309, "r": -0.0871892368137219, "b": 0.19821955601905927}