{"x": -0.21294476069552085, "y": 0.08125219859182797, "r": -0.3707405909567019, "b": -0.043046874918377345}