{"x": 0.10251884255137833, "y": 0.008782299961132193, "r": -0.20736680753152414, "b": -0.2736556202955221}