{"x": 0.02713615578099372, "y": 0.08594389093030394, "r": -0.3232972786246984, "b": -0.2515628456526159}