{"x": 0.1046544742629007, "y": 0.251042810802902, "r": -0.005611833806432328, "b": 0.12992609185636517}