{"x": 0.028429789359865648, "y": -0.37871274972863533, "r": 0.05406804792366129, "b": -0.34743911611778583}