{"x": 0.0014722069034334728, "y": 0.07173150591618989, "r": -0.24547515493131436, "b": -0.17942285389713478}