{"x": 0.2756786371171197, "y": -0.11071716355102297, "r": 0.042060670490886035, "b": -0.31646669260002896}