{"x": 0.24458386684189382, "y": 0.32612233340757224, "r": -0.0497162254260369, "b": 0.043937261014870284}