{"x": -0.013789009298789349, "y": 0.3307891134331528, "r": 0.03182058349964213, "b": 0.39900648121100984}