{"x": 0.2687365243748665, "y": 0.08730802113610867, "r": 0.11443446824823467, "b": -0.03335832131374145}