{"x": -0.024227041860916163, "y": 0.125757006193172, "r": 0.29468565067307945, "b": 0.43071295065802584}