{"x": 0.31739124906123417, "y": 0.0963527411091375, "r": 0.10145357157523928, "b": -0.08883739431748465}