{"x": -0.1733913675979904, "y": 0.19888188460416512, "r": -0.12368698097224706, "b": 0.3075584277819173}