{"x": 0.01019547356042141, "y": -0.1785494857169554, "r": 0.17436552458134053, "b": -0.040059656409733024}