{"x": 0.24232081568605796, "y": 0.10679715416913024, "r": -0.0372610760980012, "b": -0.18040820965954205}