{"x": 0.24658873787326177, "y": 0.1782878114622126, "r": 0.005512434479970536, "b": -0.04923628306310169}