{"x": 0.16322473588506206, "y": 0.1583668207809548, "r": -0.0724450583145828, "b": -0.07730297341869007}