{"x": -0.3853346627847981, "y": -0.19085182858241692, "r": -0.21080829559235187, "b": 0.0037519124081907755}