{"x": 0.28541219183355243, "y": 0.21464020276009846, "r": 0.05574700969839038, "b": -0.08380487382728126}