{"x": -0.3115206143715336, "y": -0.3909939430673451, "r": -0.11998522786156703, "b": -0.12936823970385203}