{"x": -0.010436746380945156, "y": 0.17261749052928346, "r": -0.18983358383050825, "b": -0.0024829952838893083}