{"x": -0.299909130403375, "y": 0.025171079584233445, "r": -0.4286243748975794, "b": -0.07450133972644438}