{"x": -0.19418697073222185, "y": -0.05074889403699125, "r": -0.32788165228170263, "b": -0.12081663129349607}