{"x": -0.2724211950093381, "y": -0.41883716742589266, "r": -0.011846016659147286, "b": -0.13671369542869002}