{"x": -0.1070537058086651, "y": 0.3314751154596444, "r": -0.22688651656670825, "b": 0.22668789768009626}