{"x": 0.27420602159768703, "y": -0.06538427055005981, "r": -0.026246403085328752, "b": -0.3583146782941833}