{"x": 0.08298463871570279, "y": 0.06884179789723262, "r": -0.12052814161112697, "b": -0.12800581741141193}