{"x": 0.28704349870003865, "y": 0.2519575735998806, "r": 0.17675050303051634, "b": 0.15755220300768827}