{"x": 0.19756420514221182, "y": -0.12412800024216462, "r": -0.05924283568687036, "b": -0.37704397845778653}