{"x": -0.04729193402273928, "y": 0.00819685537715344, "r": 0.31026871823173735, "b": 0.38999966213617243}