{"x": 0.09636068469410693, "y": 0.35441085775804504, "r": -0.10539072032581916, "b": 0.13451743921584453}