{"x": 0.2735890450401039, "y": 0.12679721155006737, "r": 0.033738033691538875, "b": -0.09792645674075767}