{"x": 0.16989610485575196, "y": 0.2262746590522721, "r": -0.18692329102919386, "b": -0.14473254427638824}