{"x": 0.10858434332585128, "y": -0.02737032595144165, "r": -0.1564304251400883, "b": -0.28448202741163847}