{"x": -0.009625750936353846, "y": -0.07962914872864484, "r": -0.3072160369092354, "b": -0.22879558118752738}