{"x": -0.06325093188400596, "y": 0.20578739110406435, "r": -0.04536003355616374, "b": 0.24568674128764373}