{"x": -0.035288127176491706, "y": 0.22002982569609286, "r": -0.3457692764768722, "b": -0.08468129138085964}