{"x": 0.30613182118262927, "y": 0.12647978367727475, "r": -0.05290995369176834, "b": -0.2187034349781908}