{"x": 0.13693103981124172, "y": 0.14790916198689005, "r": -0.19246129439869633, "b": -0.19627598838018162}