{"x": 0.0365861094620557, "y": -0.09214646101258923, "r": -0.2697324280596912, "b": -0.3594941298557823}