{"x": -0.021365517415191063, "y": -0.26042998197808614, "r": -0.10885010470831978, "b": -0.2671109895582699}