{"x": 0.24525118985038546, "y": 0.22233024227332973, "r": 0.011372976054196848, "b": 0.002132774659352019}