{"x": 0.18700268500261988, "y": 0.0708291760507784, "r": -0.16392110356794373, "b": -0.2944124701248462}