{"x": -0.011296742210758869, "y": 0.13147431489734787, "r": -0.33876469591488184, "b": -0.1525109633997141}