{"x": -0.03973443064364275, "y": -0.18874978134159856, "r": 0.13917083432119415, "b": 0.05950285215058363}