{"x": -0.008223662200641526, "y": -0.20931627312487144, "r": 0.07788087178200914, "b": -0.10381701532110202}