{"x": 0.327431685424391, "y": 0.18887368618198533, "r": -0.006957812765562683, "b": -0.14203094027074323}