{"x": -0.07382738739991232, "y": -0.2912538967120165, "r": -0.15150790467768885, "b": -0.33225125274515915}