{"x": 0.07997216983086089, "y": 0.17549153527289454, "r": 0.21730730365677176, "b": 0.26759174900345667}