{"x": -0.034499002151906294, "y": 0.29454560431315696, "r": -0.20787860640959158, "b": 0.12116600005547183}