{"x": 0.3173774149771563, "y": 0.317062995777852, "r": 0.04088385986701478, "b": 0.07320882915898229}