{"x": 0.41521790922227986, "y": 0.004353856533128766, "r": 0.11408217668404214, "b": -0.2515966862985294}