{"x": 0.0671320021084888, "y": 0.32776462536307643, "r": -0.27563087849331974, "b": 0.03865375450805902}