{"x": 0.10121953407497372, "y": 0.3277275274019427, "r": -0.21618455777508294, "b": 0.0031001984286063693}