{"x": 0.2343627135549189, "y": 0.029535808316812334, "r": 0.01210757887535316, "b": -0.2103953460291269}