{"x": 0.21311887347577524, "y": 0.08286451327430865, "r": -0.12305555250174433, "b": -0.24191376550969207}