{"x": 0.23197592372547676, "y": -0.05399136296732723, "r": -0.0479361613658819, "b": -0.3426850079965965}