{"x": -0.33346628840246506, "y": -0.05317276951517953, "r": 0.1047546027427037, "b": 0.2566355420634563}