{"x": -0.10096583988288828, "y": -0.1932449046038825, "r": -0.21508209167450834, "b": -0.3167355875934747}