{"x": 0.07360141995836329, "y": 0.08348973878428516, "r": -0.21847844801835822, "b": -0.18599693348956592}