{"x": -0.1831596039060332, "y": 0.2700106253667103, "r": -0.04376457273041527, "b": 0.3640888087114798}