{"x": -0.05023770206984159, "y": 0.2616581840685195, "r": -0.3323617363355612, "b": -0.020465850197200274}