{"x": -0.09931538657715017, "y": 0.21869748012103443, "r": -0.08590922585625309, "b": 0.24058402712411475}