{"x": 0.2660469513280908, "y": -0.196109331090121, "r": 0.1846508866874419, "b": -0.24688526455212487}