{"x": 0.15536657539426865, "y": 0.23676914757285322, "r": -0.14515482197548826, "b": -0.07228247665824845}