{"x": 0.16667662663805727, "y": -0.0677387476991923, "r": 0.10925432097851849, "b": -0.14410733867210768}