{"x": 0.1967350963548244, "y": -0.06636264293005278, "r": 0.06218761014717344, "b": -0.15228920139656127}