{"x": 0.005268938796512326, "y": 0.3212788970839519, "r": -0.2631871855203966, "b": 0.043901505990419504}