{"x": 0.1418426314873918, "y": 0.004112170970021335, "r": -0.1268568897066436, "b": -0.26075855190565805}