{"x": 0.29133145609940564, "y": 0.08726607429762076, "r": -0.0666482061282655, "b": -0.28361851934255927}