{"x": 0.131323885352952, "y": 0.13525836491381263, "r": -0.1266674136439252, "b": -0.1305848780090237}