{"x": 0.31896880763370805, "y": 0.011291065402006925, "r": 0.46356310431059095, "b": 0.17866335803265934}