{"x": -0.37974734662824383, "y": -0.17892878578389404, "r": -0.13593071251232508, "b": 0.1045841238889138}