{"x": 0.07991266607619202, "y": 0.04186758241369727, "r": -0.16397266718007608, "b": -0.2800026716277988}