{"x": 0.1444640330437998, "y": 0.008689147566096235, "r": -0.06489929134467867, "b": -0.16922839995146965}