{"x": 0.2330679642518245, "y": 0.07583948533344834, "r": 0.02176285375365583, "b": -0.1311321367608641}