{"x": -0.022259207566097113, "y": 0.36907549448431487, "r": -0.21869370401760535, "b": 0.20889207338085863}