{"x": 0.08131930080291645, "y": 0.08935670213486821, "r": -0.22860193779376556, "b": -0.20871769077248645}