{"x": 0.03351454498830954, "y": 0.26032737258828853, "r": -0.12427932444724031, "b": 0.11699197749719274}