{"x": 0.32307582064043305, "y": 0.36531860447626974, "r": 0.018416563304400738, "b": 0.07449697385991812}