{"x": 0.1241543590715698, "y": 0.11759335627665807, "r": -0.06521654204615769, "b": -0.04590640338737988}