{"x": 0.32690905367685147, "y": 0.1746780150000117, "r": 0.1087731246902634, "b": -0.027898429986309838}