{"x": 0.06852652944063754, "y": 0.18682005599159554, "r": -0.3113483087383759, "b": -0.1424323199979496}