{"x": 0.19665661229542877, "y": 0.1396425262305889, "r": 0.1598853432224599, "b": 0.1545882359993398}