{"x": 0.26271835719308567, "y": 0.08766783837449103, "r": -0.09377958585165644, "b": -0.25733899651033576}