{"x": -0.1695646607168535, "y": -0.19675035606391028, "r": -0.1651099481137177, "b": -0.2151241596563003}