{"x": 0.16286125835913362, "y": -0.05379438665127909, "r": -0.04726761951745543, "b": -0.24684496999547006}