{"x": -0.17007690298552725, "y": -0.10933033873638386, "r": -0.21723200552330638, "b": -0.17495142765908994}