{"x": 0.1351512323698001, "y": 0.25694367092063514, "r": -0.2308812251362122, "b": -0.10378361886576198}