{"x": 0.29269011207948464, "y": 0.2811518502065546, "r": 0.06070027022684498, "b": 0.03979603081553252}