{"x": 0.28962383144804915, "y": 0.1101468245945046, "r": -0.03480586570074871, "b": -0.17632948475366406}