{"x": -0.08408464085663238, "y": 0.02760269161077957, "r": -0.21969507102595612, "b": -0.09257221052585353}