{"x": 0.2630024491665109, "y": 0.1261636256208773, "r": -0.010193255225870541, "b": -0.13131739129890715}