{"x": 0.10774716878066795, "y": 0.17817588830000516, "r": -0.261017024468241, "b": -0.1551256191763707}