{"x": 0.008423076515802609, "y": 0.043209982567378354, "r": -0.28579262921102006, "b": -0.2596128486993608}