{"x": 0.2667400058517265, "y": 0.12170268896192062, "r": 0.0672246944855974, "b": -0.07781262240420841}