{"x": 0.23090216148685191, "y": 0.20092986324976858, "r": -0.09886882065691828, "b": -0.18868299548830783}