{"x": 0.03727129788112067, "y": 0.10125216951376827, "r": 0.2902460332646619, "b": 0.38131825052722396}