{"x": -0.27953356869750334, "y": 0.001670639688730682, "r": -0.13230493545487593, "b": 0.12359275896277098}