{"x": -0.16105406980941464, "y": -0.39295485568183225, "r": -0.05330346435356233, "b": -0.27593437068241633}