{"x": 0.09148225872915709, "y": 0.3102254986565487, "r": -0.19831085079883998, "b": 0.01177132948864948}