{"x": 0.27345408446238445, "y": -0.15738787523965195, "r": 0.34688760417935127, "b": -0.06552631226574147}