{"x": 0.16273013417260107, "y": -0.023549354952952822, "r": -0.17822573849741508, "b": -0.33866035988453824}