{"x": -0.043655184151622506, "y": 0.3489790227163872, "r": -0.29197551184147014, "b": 0.09149186975446458}