{"x": 0.34219388486839253, "y": 0.05568567462480838, "r": 0.20779857268169552, "b": -0.0442821783874959}