{"x": 0.295796677605223, "y": -0.06450706238705008, "r": 0.3370679179916875, "b": 0.03801542743391235}