{"x": -0.05998646303299387, "y": -0.018539325430349116, "r": -0.3403230298374811, "b": -0.30649137830039763}