{"x": 0.34886952156308443, "y": 0.18794506453730866, "r": 0.2489166108249344, "b": 0.11671706090326024}