{"x": 0.09208075459641477, "y": 0.09896882152960389, "r": -0.2862995936076319, "b": -0.25136853486409894}