{"x": -0.2342045479896852, "y": -0.039073292484933624, "r": -0.3529189118344303, "b": -0.19283878958585365}