{"x": -0.3373035231151735, "y": 0.09399645509489225, "r": -0.0908571604601605, "b": 0.4073661123891031}