{"x": -0.02018262169030023, "y": 0.2622933013850063, "r": -0.20818739882784487, "b": 0.06438614348084647}