{"x": 0.3103083880511923, "y": 0.280901304329139, "r": -0.040849136650713706, "b": -0.03208901594346764}