{"x": 0.1879195746309224, "y": 0.15880579135683542, "r": -0.07266033589936885, "b": -0.11079143733772095}