{"x": 0.2954607394034485, "y": -0.0776160209893724, "r": 0.1864476815729118, "b": -0.22060739441111746}