{"x": -0.12312812382903708, "y": -0.006575958018205314, "r": 0.1570289496355472, "b": 0.3237833536214607}