{"x": -0.17957635581796705, "y": 0.027532712653284584, "r": -0.2567508959234032, "b": -0.020189951072537838}