{"x": -0.33304953708583923, "y": 0.006624484366261871, "r": 0.1587537194933884, "b": 0.49842774094548825}