{"x": 0.22478934905167786, "y": 0.08370700007140003, "r": -0.13580257903374057, "b": -0.24096312622106408}