{"x": 0.017591915171463555, "y": 0.2297111066964754, "r": -0.31230284073730114, "b": -0.0868482214691801}