{"x": 0.1514342290480553, "y": -0.0330923197161735, "r": -0.17354718749028833, "b": -0.33122640623047417}