{"x": 0.28849711494313035, "y": 0.15430095518000733, "r": 0.12661833333413158, "b": -0.02382048570013487}