{"x": 0.23088610144936317, "y": 0.11733753856355715, "r": 0.04781894272328917, "b": -0.03602297138891953}