{"x": 0.07767391254478191, "y": -0.15521872438751724, "r": -0.04949194480719589, "b": -0.28726075013417673}