{"x": -0.0005563312910828119, "y": 0.22681489933921806, "r": -0.17547165375850066, "b": 0.04729016526547294}