{"x": 0.11299932712759311, "y": -0.11716990649169912, "r": -0.1234731314485886, "b": -0.3689896523326812}