{"x": -0.19712718339421886, "y": 0.0981941383251564, "r": -0.1798392100980911, "b": 0.10471715952291244}