{"x": 0.24159938368222728, "y": 0.2806258099177354, "r": -0.10446409341970997, "b": -0.04363978308759975}