{"x": 0.13435356067490317, "y": 0.3627226642958813, "r": -0.14589813753013087, "b": 0.13533383571420668}