{"x": 0.30807989405115427, "y": 0.005671537151915845, "r": -0.06932233101778967, "b": -0.33147652143441675}