{"x": 0.11860705696913112, "y": 0.12230683333191811, "r": -0.2299056139056042, "b": -0.22262623683333746}