{"x": -0.07562965663187347, "y": 0.2514900671491231, "r": 0.09730538806669445, "b": 0.41012102593673283}