{"x": 0.016597082798117016, "y": -0.11505655556172928, "r": -0.17389982594002654, "b": -0.22627223371237143}