{"x": 0.010815203224649291, "y": 0.11837126084986564, "r": -0.32703856144539495, "b": -0.21948250382017845}