{"x": 0.1629464820668742, "y": -0.3717401605974979, "r": 0.41667483747859174, "b": 0.004776023437015911}