{"x": 0.32788094786522887, "y": 0.16008024299146026, "r": 0.022193010180472896, "b": -0.09461302344980389}