{"x": -0.06818595187123383, "y": 0.15854231692953366, "r": -0.13293318315900085, "b": 0.18539200628884128}