{"x": 0.4034467914036792, "y": 0.06037594483632571, "r": 0.21579775388688888, "b": -0.11332715341036656}