{"x": 0.09655850775753842, "y": 0.05111878591130853, "r": 0.22009208950175688, "b": 0.2846891617438781}