{"x": 0.0021881774668162956, "y": 0.2350029118927427, "r": -0.20939910461422148, "b": 0.05208518319057583}