{"x": 0.03388223935852704, "y": 0.30826330164651444, "r": 0.10637414114345468, "b": 0.42341113134334263}