{"x": -0.05678605161960403, "y": 0.1828934451907037, "r": -0.13435817891850005, "b": 0.010183017119944543}