{"x": -0.23250159255828862, "y": -0.035280070346375696, "r": -0.25310300533015934, "b": -0.09323142924135303}