{"x": 0.028392452011771038, "y": -0.024944972882086663, "r": -0.15102781388579103, "b": -0.13737913803659257}