{"x": 0.321020410124955, "y": 0.184109055020796, "r": 0.01944838347082558, "b": -0.06616600183956876}