{"x": -0.06321370946343483, "y": -0.13312343494630435, "r": -0.13996239609851716, "b": -0.17909707780255607}