{"x": 0.10032208193144587, "y": 0.38420750679929994, "r": -0.17590945492712615, "b": 0.04335378573167186}