{"x": 0.25381613161937194, "y": 0.25204938975370583, "r": -0.055891794207072486, "b": -0.035627937960816744}