{"x": 0.17585949648502097, "y": 0.14582861381362064, "r": -0.15277267186582796, "b": -0.1828035545372283}