{"x": 0.02003651426648192, "y": 0.3327285508697527, "r": -0.32736750548166926, "b": -0.011258735997498765}