{"x": -0.05370321878449673, "y": 0.20083172543650774, "r": -0.22131756648305487, "b": 0.023066333197687635}