{"x": 0.0019636575703426127, "y": 0.24318451681983638, "r": -0.32568910517426597, "b": -0.08132643640488696}