{"x": -0.056819625775238074, "y": -0.05946708638726003, "r": -0.3055403249774865, "b": -0.3173497282821642}