{"x": -0.20786156162665517, "y": -0.3897930854641559, "r": -0.052695543433273866, "b": -0.24871445773654755}