{"x": -0.31953333148301016, "y": -0.5109375225982232, "r": 0.01138456853339636, "b": -0.17270688686744134}