{"x": -0.05462021639178896, "y": 0.3814984658434833, "r": 0.018698625957303826, "b": 0.4417280540175872}