{"x": 0.062241107301760724, "y": 0.10820819697252071, "r": -0.16418237289460175, "b": -0.1141651443767023}