{"x": -0.019601790780950836, "y": -0.11336849236666502, "r": -0.14838386685337043, "b": -0.3199378830754757}