{"x": -0.08573330607873358, "y": 0.13027677880272806, "r": -0.23328941948714307, "b": -0.09339039590850201}