{"x": 0.005052895640149247, "y": 0.2191670250721078, "r": -0.3036043019330326, "b": -0.16079458710114972}