{"x": 0.15787257949066444, "y": -0.09962729783290133, "r": 0.32326665388904935, "b": 0.07186831622201964}