{"x": -0.1591298600183305, "y": -0.036890542138749476, "r": -0.2339112180176833, "b": -0.19428070745958864}