{"x": -0.46366599179301776, "y": -0.4882129509998975, "r": 0.00051070546572529, "b": -0.08227055420030897}