{"x": 0.1875860811048038, "y": 0.19874620256525274, "r": -0.037986723755832605, "b": 0.02324412152828208}