{"x": -0.17671865854362862, "y": 0.2707306013237827, "r": -0.3782835872308867, "b": -0.002123173016398838}