{"x": -0.2479323459596802, "y": -0.1468240846952842, "r": -0.22648034496304079, "b": -0.14858690190311385}