{"x": -0.23005514252542875, "y": -0.5055454999686945, "r": 0.17343630366718504, "b": -0.07806274700355734}