{"x": 0.2962837813170212, "y": 0.3194404466418295, "r": -0.04064996712039382, "b": -0.00429795350578291}