{"x": 0.13439848640897617, "y": -0.06655549723057999, "r": -0.14276948835124634, "b": -0.3153771180598308}