{"x": 0.34117343556063007, "y": 0.14586766681405697, "r": 0.14977138521309374, "b": -0.061787608652122204}