{"x": -0.03153257770645218, "y": 0.15519344649803396, "r": -0.21899556836800388, "b": -0.04860194636127549}