{"x": -0.1304371886384151, "y": 0.24606091273441644, "r": -0.3846602333660314, "b": -0.017256972911155383}