{"x": 0.18911222948014578, "y": 0.018520351952846726, "r": -0.07159058213430776, "b": -0.25119827903216246}