{"x": -0.009114816471595245, "y": -0.02310859765759177, "r": -0.1214814451837103, "b": -0.2270248565922241}