{"x": -0.1755153744456164, "y": 0.08964219277086871, "r": -0.2564540411275495, "b": -0.009770068550623522}