{"x": -0.10381431700663864, "y": 0.2125147884380171, "r": -0.20338708378153877, "b": 0.14568483014403028}