{"x": 0.14923928635744593, "y": 0.0004512667621086859, "r": -0.11177211344279202, "b": -0.20023453302182226}