{"x": 0.33167904137490756, "y": -0.02252775637529301, "r": 0.4417008113193927, "b": 0.08749401356919244}