{"x": -0.26572859445745856, "y": -0.33156814541599594, "r": -0.018055915187659248, "b": -0.09911098662509663}