{"x": -0.08053718208863897, "y": 0.1637119564854351, "r": -0.06410619523214162, "b": 0.18572772898400114}