{"x": 0.14732274550073904, "y": 0.09340008268152135, "r": -0.10228466909666636, "b": -0.14338010823378822}