{"x": 0.11046328725348163, "y": 0.2209661413151611, "r": -0.06963169946851584, "b": 0.03087231296782166}