{"x": 0.1863391498561597, "y": 0.15015696238081983, "r": -0.15875801395922304, "b": -0.18369723428976273}