{"x": 0.15340610864825963, "y": 0.3059720093195594, "r": 0.01394387394735647, "b": 0.21712964316566197}