{"x": -0.02248135818088294, "y": 0.21801882180640175, "r": -0.021154862084977584, "b": 0.20713401916942953}