{"x": 0.11247456339243703, "y": -0.18704564066600923, "r": 0.23652415656062048, "b": -0.01228704329474984}