{"x": 0.05930116265929812, "y": 0.272533812087904, "r": -0.30354421141075877, "b": -0.09031156198215314}