{"x": 0.2084762392727177, "y": 0.23365177550144886, "r": -0.1416836359798465, "b": -0.10490381180919685}