{"x": -0.037075302450540186, "y": 0.15943363434071267, "r": -0.13072907608162132, "b": 0.08537653587436492}