{"x": 0.12490254635612498, "y": 0.11774394319136304, "r": -0.23674465821603283, "b": -0.24056110014818827}