{"x": -0.18409904944819314, "y": -0.1552778472899381, "r": -0.12092829539132924, "b": -0.13265174063354782}