{"x": -0.051338039977435, "y": 0.13220481096641337, "r": -0.2470112939257331, "b": -0.049660258500310105}