{"x": 0.3309099501967684, "y": 0.039325595664079435, "r": 0.1025050890880713, "b": -0.1933898528127255}