{"x": 0.10601921672423255, "y": 0.27326851267197233, "r": -0.24532171008727782, "b": -0.07807241413953803}