{"x": 0.21266311276409128, "y": 0.12699905328218453, "r": 0.033588737553731034, "b": -0.048239220877756846}