{"x": -0.0861926102215271, "y": 0.1496942857644454, "r": -0.18506441843247348, "b": 0.08086008394646746}