{"x": -0.10353391985499998, "y": 0.08620694158391795, "r": -0.19417120251761724, "b": 0.03123094195413922}