{"x": 0.21389248002292227, "y": 0.16973541939013867, "r": -0.02090979387155672, "b": -0.09550085497444626}