{"x": 0.0009480169869776873, "y": 0.38002138750806663, "r": -0.2190271966178112, "b": 0.21733612996620266}