{"x": -0.12446721138792817, "y": -0.2340011342863169, "r": -0.24739404495375836, "b": -0.27102904949003725}