{"x": 0.31394683230406384, "y": 0.28274252305245107, "r": -0.05841890379049115, "b": -0.05592472907402633}