{"x": 0.3279247083099408, "y": 0.17571263923126768, "r": 0.06962784723352805, "b": -0.055613198611560055}