{"x": 0.24254491766378022, "y": 0.20995533033085859, "r": -0.10429291536852434, "b": -0.09846119876216979}