{"x": 0.030088295826335078, "y": 0.350991794939806, "r": -0.09099054758917484, "b": 0.25796362673443934}