{"x": -0.11821666716861923, "y": -0.22715902897897908, "r": 0.2630641052764397, "b": 0.1464050911060516}