{"x": -0.31267697405493344, "y": -0.10595972977416969, "r": -0.14840827138932713, "b": 0.13358496659826463}