{"x": -0.04122192625953885, "y": 0.22480570024063545, "r": -0.1285634493353335, "b": 0.13236552645576596}