{"x": -0.03701991954184763, "y": 0.09641901904913326, "r": -0.22630007007900999, "b": -0.09286113148802909}