{"x": 0.1796421870428143, "y": -0.11140407572408206, "r": -0.006018676599903919, "b": -0.2491626372281366}