{"x": 0.3282590190388483, "y": 0.36220516718268225, "r": 0.027437586952427123, "b": 0.05285716719487595}