{"x": 0.18426092820239767, "y": -0.10430569438445454, "r": 0.15680250177445051, "b": -0.14362438390474447}