{"x": 0.03427023350776939, "y": 0.06326815892547137, "r": -0.2687214589446054, "b": -0.2123898744073887}