{"x": -0.29215304160233624, "y": -0.07943784006159806, "r": -0.17912028360569582, "b": 0.05270277644142248}