{"x": -0.1819783382935313, "y": 0.0385198313154912, "r": -0.34317842477517524, "b": -0.08931889496939996}