{"x": -0.04300548886910303, "y": 0.05862589182657073, "r": -0.2483630689870603, "b": -0.22869032352585758}