{"x": 0.23176840623161335, "y": -0.01744104262804347, "r": 0.06552920419311911, "b": -0.15588821806782086}