{"x": 0.17494054258039252, "y": 0.044418486202983914, "r": 0.3978464637115686, "b": 0.28831850040078966}