{"x": -0.10544148605996032, "y": -0.08462118861381898, "r": -0.32926004416763005, "b": -0.31665330695315363}