{"x": 0.012736083856964944, "y": 0.2686504134032347, "r": -0.3046896785495607, "b": -0.026991064824775833}