{"x": 0.2423335685485549, "y": 0.12498259103333414, "r": -0.0884487716357134, "b": -0.1834924938237431}