{"x": 0.1037665449499442, "y": 0.34906363984573113, "r": -0.05465618863184654, "b": 0.19504706996246504}