{"x": 0.29682377846842756, "y": -0.013502653536984079, "r": 0.2678843293336505, "b": -0.021446198869269857}