{"x": -0.04782140440518261, "y": 0.12499301642284667, "r": -0.15400814635826685, "b": 0.03408513358167564}