{"x": 0.03089186794779478, "y": 0.16769041607414728, "r": -0.31915666943682, "b": -0.11870308115741411}