{"x": 0.14446339702101968, "y": -0.2075111899241282, "r": -0.08299497146178002, "b": -0.3593082645985423}