{"x": 0.033482106933498346, "y": 0.19529142022675253, "r": -0.051688006720191186, "b": 0.11995818707141043}