{"x": 0.07105694473582587, "y": 0.06118615298012144, "r": -0.16476042776783198, "b": -0.16156826862616286}