{"x": 0.33741491982075617, "y": 0.07548342693429844, "r": 0.16903477720228352, "b": -0.0786809916263703}