{"x": -0.046763980447713, "y": 0.2740457944141218, "r": -0.30200492679075913, "b": 0.009722420587454268}