{"x": -0.023630746786599925, "y": -0.2554756814664065, "r": 0.1191305566063484, "b": -0.06790020931295161}