{"x": -0.031047460683836462, "y": 0.01224382233701976, "r": -0.31394219886501706, "b": -0.2551459372102404}