{"x": 0.13091324828183262, "y": 0.17990175210380543, "r": -0.022736355456485603, "b": -0.007409515122194222}