{"x": 0.17048335810344664, "y": 0.2891477561621853, "r": -0.08532511595820469, "b": 0.02426377568665137}