{"x": 0.12856752769950525, "y": -0.23080618718289356, "r": -0.020143377008102085, "b": -0.38989866622333547}