{"x": 0.19594040863188306, "y": 0.14725977258273887, "r": 0.16426204047256074, "b": 0.10377260403511558}