{"x": 0.21515672021442292, "y": 0.20915486077809006, "r": -0.09455762249908416, "b": -0.10441582638953151}