{"x": 0.15781082305008032, "y": 0.0478606628270915, "r": -0.13292219266935176, "b": -0.2589920570805353}