{"x": 0.011147361038086334, "y": -0.3482257739988271, "r": -0.08176293555964348, "b": -0.41218639921137806}