{"x": 0.36581303310476126, "y": 0.1097078846442808, "r": 0.10427081146717453, "b": -0.1392111271067688}