{"x": -0.09145288599776337, "y": 0.11149245276889763, "r": 0.11945521459661551, "b": 0.39363044163353306}