{"x": 0.4225403833073242, "y": 0.05830444854825284, "r": 0.34126829120865587, "b": -0.006561788052177363}