{"x": -0.11548414753473399, "y": -0.23301992665567792, "r": -0.16895844862027146, "b": -0.2549433711107333}