{"x": 0.16828401229397838, "y": 0.3442100965712166, "r": -0.055419998676675436, "b": 0.10338190937197436}