{"x": 0.05149711388838264, "y": 0.19229981718176484, "r": -0.13833498741305766, "b": 0.06860387087612521}