{"x": 0.21753235229705617, "y": 0.11174084218719195, "r": -0.08304873756897757, "b": -0.19736974658291487}