{"x": 0.1791041327268201, "y": 0.020528146100136382, "r": -0.11418617217844178, "b": -0.2869673788070295}