{"x": -0.036822872998119816, "y": 0.27789681462343513, "r": -0.19422898047636059, "b": 0.12490219349347605}