{"x": -0.37592103240309355, "y": 0.03524911864022547, "r": -0.08574335585066377, "b": 0.2102323597861883}