{"x": 0.06840460048336514, "y": 0.12240490225604389, "r": -0.27434675449948936, "b": -0.22836168010506866}