{"x": -0.3738308112847906, "y": 0.0519885915176165, "r": -0.07176847955622175, "b": 0.3612051118820566}