{"x": 0.3188408591228745, "y": 0.14557112356161847, "r": -0.0037882330150793867, "b": -0.18531858940392104}