{"x": 0.12608868954836697, "y": 0.2146748754671998, "r": -0.16746723151405132, "b": -0.06626597275704739}