{"x": 0.008261900509179987, "y": -0.0937047526470367, "r": -0.26006256062814037, "b": -0.3489635791618092}