{"x": -0.20157156020371778, "y": 0.0510018095223902, "r": -0.35607305226266794, "b": -0.02069312763511716}