{"x": 0.2551942790244641, "y": 0.1950900981786341, "r": 0.05801479088288833, "b": 0.012246690605958767}