{"x": 0.2685557233932252, "y": 0.34301017695026575, "r": -0.0014326117181857243, "b": -0.0022708410868743393}