{"x": -0.058777525404423166, "y": 0.06515893200678496, "r": -0.23770650182706674, "b": -0.10993326393185225}