{"x": 0.12280627013732494, "y": 0.3018487232399422, "r": -0.1699293968455113, "b": 0.009113056257105883}