{"x": -0.26525117707909573, "y": -0.14284113658096068, "r": -0.11587442391378909, "b": 0.00011451740465153308}