{"x": 0.1677246417425488, "y": 0.25640092874366666, "r": 0.06657395701194324, "b": 0.17130112464287212}