{"x": -0.09978963961074058, "y": -0.2168522464707147, "r": 0.37647901699223707, "b": 0.2846517717835952}