{"x": -0.12027563853934652, "y": -0.027953011642371236, "r": -0.37144588079420904, "b": -0.2662678074123384}