{"x": 0.09991476150533715, "y": 0.05229419161480296, "r": -0.273011013907833, "b": -0.2978288847224823}