{"x": 0.3359284841986639, "y": -0.041153420230634626, "r": 0.12858607783841913, "b": -0.21273683740412308}