{"x": 0.22069882829696447, "y": 0.31455267635331524, "r": -0.0639239931826829, "b": 0.07011958400402477}