{"x": -0.14071799390095352, "y": -0.10549616009541615, "r": 0.12676582760867397, "b": 0.28612267486103}