{"x": 0.3112281151057935, "y": 0.18206839500903582, "r": 0.10794675455835515, "b": -0.025663907658249285}