{"x": -0.1492988296343368, "y": 0.14729208635071686, "r": -0.29626241416186233, "b": 0.004794661066502089}