{"x": -0.08452046276922007, "y": -0.18109759360546485, "r": -0.23644494805399807, "b": -0.3433644632160382}