{"x": -0.08873652565569246, "y": 0.19947393101178648, "r": 0.14724717440926427, "b": 0.4422487503078693}