{"x": 0.02430179695864998, "y": 0.08568294559867269, "r": -0.26193747112683685, "b": -0.2045438126092416}