{"x": -0.010057889730132058, "y": 0.18147728965701673, "r": -0.21713322119676284, "b": 0.01894828788327187}