{"x": 0.2621168337019261, "y": 0.0257024488703429, "r": 0.09123432778083199, "b": -0.13037438751362812}