{"x": 0.14640002268418234, "y": 0.018933066351740573, "r": -0.15242987381842948, "b": -0.29348539804810747}