{"x": 0.24892213720459536, "y": -0.00867566983659003, "r": -0.047408375393654924, "b": -0.2825486456028696}