{"x": 0.10417851513748237, "y": 0.3483201784138112, "r": -0.2538292593290544, "b": 0.042719932562250866}