{"x": -0.015358942667793689, "y": -0.4181385010630555, "r": 0.29719960108118704, "b": -0.061828005855775414}