{"x": 0.06658431344683761, "y": 0.028863829195353095, "r": 0.2548769424272485, "b": 0.3335356331789994}