{"x": 0.02908435282844295, "y": 0.21342109047529353, "r": -0.1357040493052073, "b": 0.039794470374803624}