{"x": 0.33371332382045577, "y": 0.11559354412984026, "r": 0.13032363935578994, "b": -0.07417886998379444}