{"x": 0.03507741123457466, "y": 0.23416503650304873, "r": -0.12267299768993085, "b": 0.14516969623776704}