{"x": 0.03410398789015853, "y": 0.08370383472871752, "r": -0.2110023162798383, "b": -0.08746958170535114}