{"x": 0.34828227030317704, "y": 0.07501490852407999, "r": -0.022009928673695306, "b": -0.23360487695052728}