{"x": -0.0014139622936209216, "y": 0.3126215882138679, "r": -0.23717330095591413, "b": 0.0594931436120813}