{"x": 0.28409894405247355, "y": 0.28295648627026154, "r": -0.04298465638939557, "b": -0.047886423666345684}