{"x": 0.1872776998503369, "y": -0.2374122948899171, "r": 0.2593192236956222, "b": -0.12638744290480325}