{"x": -0.04674901042504689, "y": 0.08236684749244819, "r": -0.27546024779813255, "b": -0.07080579972645513}