{"x": 0.1278709577668363, "y": 0.016683234576108437, "r": -0.19271824894947961, "b": -0.30770156316413866}