{"x": 0.17458203028510186, "y": 0.34417167885823163, "r": -0.08170487721428775, "b": 0.05952283139059839}