{"x": 0.31517382055649606, "y": -0.09813360305879773, "r": 0.2744939207414862, "b": -0.13433069866733566}