{"x": -0.17040424523321307, "y": 0.28083467571476384, "r": -0.18862581284076727, "b": 0.2626131081072096}