{"x": 0.10840450853988182, "y": 0.3422087747458869, "r": -0.0852237219632201, "b": 0.15234863662361126}