{"x": 0.2927570767329327, "y": 0.13480995390559722, "r": 0.13496896513701145, "b": -0.02768325203895018}