{"x": -0.08311857518616979, "y": 0.1787909922097997, "r": -0.08094742445955068, "b": 0.19816679788451524}