{"x": 0.17120745868556958, "y": 0.14673164947864586, "r": -0.17768654046060112, "b": -0.21010266675110842}