{"x": -0.0395939432899831, "y": -0.3834664661396917, "r": 0.057915235444171896, "b": -0.23644559513181543}