{"x": 0.244585339674079, "y": 0.31098746496117546, "r": -0.06961656533591554, "b": 0.008558917805086505}