{"x": -0.1989895149457819, "y": 0.009079282586178683, "r": -0.3221291413314357, "b": -0.057366785160616544}