{"x": 0.32029137973586297, "y": -0.053778404828460004, "r": 0.12733558327709726, "b": -0.2552743515892498}