{"x": 0.01587629746426271, "y": -0.1347664839904439, "r": -0.2069926593833578, "b": -0.36711264868138654}