{"x": 0.24089652521025678, "y": -0.0709893563224445, "r": 0.10820861371973334, "b": -0.17476686486265208}