{"x": 0.2881983166506651, "y": 0.15814150965609652, "r": -0.027373325606986677, "b": -0.17069424806167796}