{"x": 0.15782053134618992, "y": 0.14872914252840289, "r": -0.16305926131111312, "b": -0.1451401873368611}