{"x": 0.17429971146407583, "y": -0.23396301017009324, "r": 0.19204543519186545, "b": -0.23667448691924473}