{"x": -0.30175689629542995, "y": 0.09696165229909158, "r": -0.30797085009368264, "b": 0.07148827900080502}