{"x": 0.19772670711435344, "y": 0.18540035018698725, "r": -0.06191868207911583, "b": -0.04479911698576773}