{"x": 0.016152453745223044, "y": -0.1419224988829865, "r": -0.08452511683672181, "b": -0.1765481396206663}