{"x": -0.21279578661590262, "y": 0.11840517076953627, "r": 0.10421688587215623, "b": 0.45793088039414315}