{"x": 0.3235054675772252, "y": 0.27234020784419766, "r": 0.13598455792331882, "b": 0.12147249023598}