{"x": -0.1979000669875707, "y": -0.2071454315886929, "r": -0.24791639559979153, "b": -0.2408530276449008}