{"x": 0.07067105405683777, "y": -0.34204558997587603, "r": 0.16132355836058462, "b": -0.2754515967964765}