{"x": -0.15903856896675547, "y": 0.15372379953241558, "r": 0.03636071119969731, "b": 0.35569120761187084}