{"x": 0.2302233048965223, "y": 0.07227892564462497, "r": 0.183115595319294, "b": 0.0135505783793135}