{"x": 0.04225175914731773, "y": 0.40178297234386917, "r": -0.12691446558355995, "b": 0.25913271916413305}