{"x": 0.09664224473169351, "y": 0.07801866818204431, "r": -0.23516081578552758, "b": -0.26193313549960073}