{"x": -0.11852070070732694, "y": -0.32064365744429213, "r": 0.42820257514862753, "b": 0.2754431272155758}