{"x": 0.330159039723846, "y": 0.17903599417585056, "r": 0.06413656734605316, "b": -0.057794190171513424}