{"x": 0.15753538730987485, "y": 0.011259170482712149, "r": -0.12158688920376218, "b": -0.22915826181689197}