{"x": 0.27157522992080585, "y": -0.10963137292328781, "r": 0.12870163089236242, "b": -0.206484762503594}