{"x": 0.09319997855324995, "y": 0.028378587825033306, "r": -0.2659485820725056, "b": -0.3307699728007222}