{"x": 0.2335906519838911, "y": 0.353110007430064, "r": -0.041591177374213174, "b": 0.06908893208852199}