{"x": -0.2217369252089998, "y": -0.08023982452952566, "r": -0.17058919373544074, "b": 0.05671588502350795}