{"x": 0.0889641830982946, "y": 0.26277655304141784, "r": -0.16829472045742083, "b": 0.02157691643584897}