{"x": -0.13855647477853192, "y": 0.2035034130751246, "r": -0.30931021579191387, "b": -0.041290172490633985}