{"x": 0.3168718770055221, "y": 0.05056085544593706, "r": 0.06427189666608589, "b": -0.21115375927960361}