{"x": -0.06672027137455123, "y": 0.22789273335848528, "r": -0.08444739997968663, "b": 0.24868610951393283}