{"x": 0.15831659984915158, "y": 0.07760117838257208, "r": -0.013008945131094381, "b": -0.09835383282683452}