{"x": 0.2046240903872882, "y": -0.020180478756892477, "r": 0.2695260504855064, "b": 0.04472148134132565}