{"x": 0.08245607610892702, "y": -0.014784295747600875, "r": -0.23898928575004905, "b": -0.3516513539279639}