{"x": 0.1654661872668174, "y": 0.24456703590947132, "r": -0.1744277366140606, "b": -0.09532688797140668}