{"x": 0.09694482387388818, "y": -0.22053932918128966, "r": 0.11957077262305082, "b": -0.2103844285876053}