{"x": 0.1769265597677307, "y": 0.1993968948898802, "r": -0.09153343216206167, "b": -0.07798431665052447}