{"x": 0.2425392709444278, "y": 0.013953333247291717, "r": 0.13728327446429514, "b": -0.02558700195737046}