{"x": 0.29630463274462404, "y": 0.009999908836589425, "r": 0.11672260889714661, "b": -0.18548168819213814}