{"x": -0.00931785119640588, "y": 0.06756895442902605, "r": -0.23438594352378592, "b": -0.1225398037176347}