{"x": 0.038878100634268, "y": -0.08200011610873169, "r": -0.2065270242326291, "b": -0.26580565933211}