{"x": 0.08100463318291126, "y": -0.05027616513724004, "r": -0.06175470905950385, "b": -0.1838178658983908}