{"x": 0.0970202783210283, "y": 0.019557000519110027, "r": -0.25504076812821835, "b": -0.32708196263682465}