{"x": 0.20432559703455266, "y": 0.2493187642281483, "r": -0.019135276523164196, "b": 0.029486578177171423}