{"x": 0.05875791599748658, "y": -0.04073623099962999, "r": -0.15045224892374606, "b": -0.2813982643614962}