{"x": -0.2768854348577275, "y": -0.04221547986829851, "r": -0.2339668142989392, "b": 0.06813322391627348}