{"x": -0.3821173490726382, "y": -0.04001224583235846, "r": -0.36884245551537387, "b": -0.03909436317213392}