{"x": -0.02563482426107785, "y": 0.19107257948551326, "r": -0.24791785907528222, "b": -0.02693728519030798}