{"x": 0.07498705229343168, "y": 0.027358748999852987, "r": -0.15261626262659161, "b": -0.1653996026834799}