{"x": 0.3445930013769251, "y": 0.11076143433866546, "r": 0.1597363708001424, "b": -0.07864906981031397}