{"x": 0.07672219657147505, "y": -0.36802479440138447, "r": 0.2847348412761671, "b": -0.2678704215453257}