{"x": 0.1830228205610496, "y": 0.16185747606525866, "r": -0.21298312708148853, "b": -0.17499441490309495}