{"x": 0.16065482923886074, "y": 0.24425391350863257, "r": -0.14300018219279578, "b": -0.002556609060302157}