{"x": 0.10406863158525449, "y": -0.27806184550150365, "r": -0.04670312429503193, "b": -0.3595088467597724}