{"x": 0.22034944652776078, "y": 0.22146676075749053, "r": -0.039875665708624705, "b": -0.02605835340569975}