{"x": -0.47249354915270714, "y": -0.020363759214502324, "r": -0.2766332594922897, "b": 0.15145913768892183}