{"x": 0.15982290848606714, "y": 0.24511384469460984, "r": -0.02729519069030911, "b": 0.08755508736636534}