{"x": -0.38484130503824965, "y": -0.17621267525724438, "r": -0.1977890207988192, "b": 0.031218188969129073}