{"x": 0.04316864958364035, "y": 0.30531237513056236, "r": -0.2620268368795333, "b": 0.00758790494197818}