{"x": 0.1623808364263289, "y": 0.2775897959108645, "r": -0.07386030401879162, "b": 0.08627564720426634}