{"x": 0.29970002314835625, "y": -0.03367683169136499, "r": -0.002881819992566072, "b": -0.28503587235111216}