{"x": 0.004870368438944369, "y": 0.11858017137964146, "r": -0.302733079246724, "b": -0.18902327630602664}