{"x": -0.06838639054569343, "y": -0.20639325576196346, "r": -0.02741051777761067, "b": -0.11845606542539576}