{"x": 0.06888429597183407, "y": 0.06100466399060474, "r": -0.30575842531565756, "b": -0.2936798462741472}