{"x": 0.05020091634236851, "y": -0.3562730074248759, "r": 0.017714975078801435, "b": -0.39416405516183084}