{"x": -0.05459848941949337, "y": -0.08597935575121282, "r": -0.2651345955085389, "b": -0.288026602765947}