{"x": 0.13585172364301107, "y": 0.3427440890232377, "r": -0.18428374963543087, "b": 0.04527076663551438}