{"x": 0.29888356759966994, "y": -0.09042843954850185, "r": 0.18943895934615265, "b": -0.1957115740088113}