{"x": 0.31028638241803574, "y": 0.0860752668834226, "r": 0.07702590139667614, "b": -0.13407855569385788}