{"x": 0.2201912070378195, "y": 0.036846100891661716, "r": -0.1357791951675406, "b": -0.29765664805387704}