{"x": -0.06934080004011794, "y": 0.04351082443061473, "r": -0.1900288668818495, "b": -0.059678497472643366}