{"x": 0.2970395369033854, "y": -0.19515250799684714, "r": 0.4653962379549298, "b": -0.014232831665177767}