{"x": 0.08845837548308559, "y": -0.2528192748350309, "r": -0.03506994734641843, "b": -0.366923171028293}