{"x": 0.085519257290142, "y": 0.21779185327273815, "r": -0.036783650512722525, "b": 0.07612798020081894}