{"x": -0.05457099320133856, "y": 0.07154367145352203, "r": 0.12684622461553358, "b": 0.20790684282822547}