{"x": 0.16198584886737435, "y": 0.07897318243845325, "r": -0.11198528253230484, "b": -0.2598219550862546}