{"x": 0.12843632966026894, "y": 0.22405944990610288, "r": -0.20430875400094695, "b": -0.06943534455871393}