{"x": 0.19480688664913604, "y": 0.2484018100365248, "r": -0.08230505270222353, "b": -0.02871012931483476}