{"x": 0.37502930609751706, "y": 0.04072774610310105, "r": 0.06190594929682136, "b": -0.21632404798744717}