{"x": -0.2030225741081266, "y": -0.2467912054436097, "r": -0.009534846175667694, "b": -0.027498337447746286}