{"x": 0.046061414108078194, "y": -0.2465417295239855, "r": 0.035258185418044936, "b": -0.2404356116958997}