{"x": 0.17022866172974263, "y": 0.18819914118783662, "r": -0.17093204562083056, "b": -0.14951214578237307}