{"x": 0.03873746991404896, "y": 0.31307393964172414, "r": -0.2835848622142473, "b": 0.027136985654190517}