{"x": 0.18919613290470574, "y": 0.08930944634088624, "r": -0.008933604423822203, "b": -0.11730569059263084}