{"x": -0.24501650088171167, "y": 0.0016099903051810633, "r": -0.36951517652062915, "b": -0.20105844643740453}