{"x": -0.3536912980036878, "y": -0.10557801969603084, "r": -0.1442493201968229, "b": 0.22231446109191924}