{"x": 0.09034729369058898, "y": 0.034066636698377804, "r": -0.2188877517602507, "b": -0.23808035750150022}