{"x": 0.11201734218105981, "y": 0.16025561418915915, "r": -0.16670035773935576, "b": -0.12725821134198345}