{"x": 0.17986336693579075, "y": -0.009266291707076896, "r": -0.1897653400998291, "b": -0.3541745558813485}