{"x": -0.18618361100722422, "y": 0.1657321884323098, "r": -0.37360823759516343, "b": 0.04464024538821249}