{"x": -0.14355979166801955, "y": 0.24456034055286763, "r": -0.26449120002907106, "b": 0.11871793447316274}