{"x": 0.07895364935794195, "y": -0.07560199903755951, "r": -0.20466000317508007, "b": -0.30073513341001207}