{"x": 0.10341129857250117, "y": 0.2210167490267482, "r": -0.2612173097903178, "b": -0.1094979591139403}