{"x": 0.18891421156525273, "y": 0.06601803071816531, "r": 0.2864230143854841, "b": 0.20656639443330777}