{"x": -0.08204691331470264, "y": 0.12338810918731544, "r": -0.34136428998757107, "b": -0.1232136859692074}