{"x": 0.057017741109162134, "y": -0.013451861888038215, "r": -0.21822854359147595, "b": -0.28490362451904616}