{"x": -0.034365899230665756, "y": 0.1053772504803116, "r": -0.3507908348169279, "b": -0.21938396637928897}