{"x": -0.035422874778892166, "y": 0.3263632909029277, "r": -0.3401910021972733, "b": 0.07834878573610735}