{"x": 0.2380413212499172, "y": 0.3065614982480727, "r": -0.07085810681567352, "b": 0.022793000071005955}