{"x": 0.25784282124827324, "y": 0.23570696344794287, "r": -0.11541969248946304, "b": -0.11262849117708962}