{"x": 0.05933311139885444, "y": -0.14475092045061153, "r": -0.1250232134501065, "b": -0.3203368832011746}