{"x": 0.13665629062085607, "y": 0.18743234960130709, "r": -0.06093313010834498, "b": -0.010157071127893958}