{"x": 0.2805232303386868, "y": 0.20091766491958685, "r": -0.023060345617275695, "b": -0.11115879425642522}