{"x": 0.25438115510284964, "y": 0.015417799317745996, "r": -0.04655228775499392, "b": -0.2403173747593547}