{"x": -0.042463458864515254, "y": -0.11561047987466765, "r": 0.36731832643904205, "b": 0.1487678029087909}