{"x": 0.16584541716864962, "y": 0.27385139509871087, "r": -0.17310911091530062, "b": -0.06510313298523937}