{"x": -0.20588516441882587, "y": -0.4353450046261859, "r": -0.10344944025916544, "b": -0.2680601202218387}