{"x": 0.15618515793847615, "y": 0.006871370015070205, "r": -0.027083570509013798, "b": -0.14436868111663503}