{"x": -0.20349579549224917, "y": 0.2886052147090927, "r": -0.1672502753176181, "b": 0.21797339423790973}