{"x": 0.2566941049528848, "y": 0.07376905417989327, "r": 0.11612392434730254, "b": -0.05755994557198557}