{"x": 0.04211571262464507, "y": 0.025688947456679986, "r": -0.3019233865901823, "b": -0.2701722324914395}