{"x": -0.1712353825644075, "y": -0.2524537136354194, "r": -0.17014365582628935, "b": -0.2635704225892302}