{"x": -0.18517438192392605, "y": 0.0630228591587138, "r": -0.3902397875494354, "b": -0.1353903741289335}