{"x": -0.3179375341714146, "y": 0.007552583140813643, "r": -0.38538612015573565, "b": -0.005040037313172712}