{"x": 0.10003807129281832, "y": -0.01269385782558514, "r": -0.1515912698859598, "b": -0.24943025057011042}