{"x": 0.3934463263616964, "y": 0.12763370469573462, "r": 0.08420264209517127, "b": -0.15956456523887105}