{"x": 0.2871605938533701, "y": -0.1553987491172702, "r": 0.4083454179447603, "b": -0.13431971289118264}