{"x": -0.02209553341457134, "y": 0.23897450239511803, "r": -0.17647549788595404, "b": 0.14670222414900103}