{"x": 0.12158491105982906, "y": 0.18899096212440883, "r": -0.23085987368027655, "b": -0.15056715166525114}