{"x": -0.21154459346886273, "y": -0.06278696280287802, "r": 0.09086396021942267, "b": 0.31279061075553577}