{"x": -0.09206741074413145, "y": 0.24433213560688052, "r": -0.23022358109314273, "b": 0.12156603364449349}