{"x": -0.04421236308277329, "y": 0.10565396561119417, "r": -0.2886095568244523, "b": -0.1479578964994887}