{"x": -0.11524566013121326, "y": -0.06736070164437671, "r": -0.3708288650154446, "b": -0.22619564538158976}