{"x": 0.12028075010206918, "y": 0.2354190130542319, "r": -0.14910392128504338, "b": -0.02142290591034173}