{"x": 0.06681284012829468, "y": -0.07290347348630112, "r": -0.1436232885725421, "b": -0.2796500513866742}