{"x": -0.23177899289981482, "y": 0.09484683637103378, "r": -0.2814806467900925, "b": 0.055363444266882174}