{"x": 0.22243134941158277, "y": -0.14757957499092028, "r": -0.013255731838172937, "b": -0.39258754549372754}