{"x": 0.25498901604857266, "y": 0.32130899183884265, "r": -0.03804139363414168, "b": 0.06986502864538077}