{"x": 0.2630818309239811, "y": -0.13730728924517546, "r": 0.2680945925386835, "b": -0.100219652259791}