{"x": 0.2987039977079808, "y": -0.020052156503645537, "r": 0.07023433331084293, "b": -0.21826572930851373}