{"x": -0.13149223242127606, "y": 0.07059861882577625, "r": -0.04394460238418682, "b": 0.19769343540966958}