{"x": 0.1345393554157365, "y": -0.43742885287979977, "r": 0.5419385916605289, "b": -0.002021671635110993}