{"x": -0.20489884056488097, "y": 0.12203633104264754, "r": -0.4072606549658792, "b": -0.028754048944622773}