{"x": 0.20101312551251227, "y": -0.17158022665436054, "r": 0.130002170001841, "b": -0.26370456953978927}