{"x": 0.16031790586187636, "y": -0.10490730668513218, "r": -0.04087787018529034, "b": -0.3365659556796527}