{"x": -0.10889023961159451, "y": -0.20305835003788253, "r": -0.2089738587371685, "b": -0.30816943497839744}