{"x": 0.08985557738482236, "y": 0.21001363770956732, "r": 0.18009919262504606, "b": 0.294166506495935}