{"x": 0.18641761664326617, "y": 0.28131061919167333, "r": -0.08501996404392748, "b": 0.0256257394625944}