{"x": 0.258366092786253, "y": -0.1320326544069452, "r": 0.1634881060699323, "b": -0.23794871445599367}