{"x": 0.17613432848717267, "y": 0.21597522827981266, "r": -0.11639021208962673, "b": -0.14951763322404354}