{"x": 0.1245683139624284, "y": 0.0773580218651172, "r": -0.21394104457928786, "b": -0.2739709227513719}