{"x": 0.21683937747801746, "y": 0.229729255387417, "r": -0.08515674615909831, "b": -0.10002838605958621}