{"x": 0.08863892691974994, "y": 0.2501222696743268, "r": -0.24161915787207144, "b": -0.09311530959827304}