{"x": -0.35570165320735747, "y": -0.01119582906869941, "r": -0.21091908507385307, "b": 0.138936190317766}