{"x": 0.18983403177315056, "y": 0.37587708895298144, "r": -0.06348901684330573, "b": 0.17739472038164456}