{"x": 0.22944803062368216, "y": -0.12981448399259832, "r": 0.1827455682369315, "b": -0.2128715134917188}