{"x": 0.1760239058026448, "y": -0.16364756718388437, "r": 0.25550204347768013, "b": -0.023524590313622307}