{"x": -0.2534288777679709, "y": -0.1726533576958384, "r": -0.2141147902712523, "b": -0.22613517086846968}