{"x": 0.1658926436602786, "y": 0.32353400258495907, "r": -0.04213509171513267, "b": 0.09958722671458121}