{"x": 0.370695983731082, "y": 0.02200795134561153, "r": 0.2663982519064141, "b": -0.1179143025087571}