{"x": -0.3844053525402145, "y": -0.11185889781582493, "r": -0.08561009388684178, "b": 0.1710973942686031}