{"x": 0.23065835861857056, "y": 0.0359066951612294, "r": -0.05528752979962912, "b": -0.22407358919945028}