{"x": -0.1754630259612152, "y": -0.23821449934030484, "r": -0.2003236064456906, "b": -0.28523733935922396}