{"x": 0.20277646929475387, "y": 0.28205609885913735, "r": -0.13221869600001804, "b": -0.030772238612126968}