{"x": 0.2536006757899139, "y": 0.24113655294957126, "r": 0.009240070959661539, "b": -0.07069185502083716}