{"x": 0.33796946734957456, "y": 0.2158414073038128, "r": 0.034185891667259855, "b": -0.09530953794800122}