{"x": 0.05425093810447938, "y": 0.10538309820279496, "r": 0.3747431244894017, "b": 0.4854463606652326}