{"x": 0.20327504299889051, "y": 0.27259195269913367, "r": -0.11565596418226196, "b": -0.10714878598370148}