{"x": -0.27840903150188434, "y": 0.16846570622797508, "r": -0.06845189430762899, "b": 0.47719485462176103}