{"x": 0.053096979832307614, "y": 0.23851755915413214, "r": -0.2100709686311232, "b": -0.033636146035354024}