{"x": 0.05648623556830938, "y": 0.23743265794977725, "r": -0.12389675914470491, "b": 0.10309556241018912}