{"x": -0.2694071942793221, "y": 0.13510851868259288, "r": -0.3897578226737847, "b": -0.06378223217664984}