{"x": 0.3165031721778981, "y": 0.33384704913480184, "r": 0.0002633280671416241, "b": 0.010371647818868322}