{"x": 0.23569806378596783, "y": 0.2217390084262246, "r": -0.12282855957884152, "b": -0.14037126508738418}