{"x": 0.06726759067556272, "y": -0.2547594949852377, "r": 0.15930833826147603, "b": -0.1509763737693691}