{"x": 0.12334455788027993, "y": 0.26705210408634156, "r": -0.22952339321905746, "b": -0.09882352638788378}