{"x": 0.31384823940062606, "y": 0.29794637948292096, "r": 0.019778200127710224, "b": 0.007572308590775193}