{"x": 0.09580439204885312, "y": -0.07641013849850767, "r": 0.23751030506204193, "b": 0.05321423046163191}