{"x": 0.1603915253327951, "y": -0.033207588164470024, "r": -0.11291032298028726, "b": -0.26568369761873695}