{"x": 0.3114563126244061, "y": 0.12149897513422678, "r": 0.12025696972689191, "b": -0.026274829126911283}