{"x": -0.4584804518996276, "y": -0.03505453628627359, "r": -0.39034635943673757, "b": 0.00880378134791438}