{"x": -0.04604000161596588, "y": -0.27355239868176806, "r": -0.20550881070610905, "b": -0.26989189905838795}