{"x": 0.09590346815200541, "y": 0.13888493592076723, "r": -0.2034647839792552, "b": -0.09186474296561681}