{"x": 0.011815445208835741, "y": 0.07169057685055412, "r": -0.23134135665017422, "b": -0.18816129555568356}