{"x": 0.0983187009503534, "y": 0.11781738471639445, "r": -0.11807363351212954, "b": -0.02182986910066176}