{"x": 0.14986846856409142, "y": 0.32576457837787304, "r": -0.10904947640586655, "b": -0.009587838635542443}