{"x": -0.1612253838087085, "y": -0.128595169336353, "r": 0.3166968349718423, "b": 0.3616945993921522}