{"x": 0.31378822893912794, "y": 0.22701171439145548, "r": -0.055209236265312774, "b": -0.13851870391850415}