{"x": 0.044984805754743167, "y": 0.13455067956178107, "r": -0.2545472864146764, "b": -0.15744949962021287}