{"x": 0.2694076421552308, "y": 0.03510371880612245, "r": 0.360297634549945, "b": 0.20611557504903602}