{"x": 0.1394379490600118, "y": 0.12841815241856308, "r": -0.1876379940938711, "b": -0.1625276400321726}