{"x": 0.26557773752716896, "y": 0.2528387400396287, "r": 0.1767597449015152, "b": 0.16402074741397504}