{"x": 0.15358982465420742, "y": 0.17887255979570468, "r": -0.15725084279061624, "b": -0.19350019091297402}