{"x": -0.11226529478324809, "y": 0.1615730908811181, "r": -0.30184140805985205, "b": -0.04588001989673739}