{"x": 0.18757509120312857, "y": 0.26760734620547794, "r": 0.0920335964054158, "b": 0.23849500715708596}