{"x": 0.26328660294445916, "y": -0.06125219711725712, "r": -0.0034143117371387755, "b": -0.31209799644061936}