{"x": 0.31971755133041296, "y": 0.1277407822508813, "r": 0.06703908638421908, "b": -0.11216295560037559}