{"x": 0.2172322021236366, "y": 0.15057476277622797, "r": 0.09857525736644752, "b": 0.021169731979492425}