{"x": 0.3357726471841626, "y": 0.2317759563279003, "r": 0.062352597615711845, "b": -0.057671592147128845}