{"x": 0.3578799002942533, "y": 0.10556665328570851, "r": 0.13648880788264434, "b": -0.08751138794086807}