{"x": 0.2878162178603301, "y": 0.2513594915969447, "r": 0.1516353191187676, "b": 0.11035278782041882}