{"x": -0.05604572970373328, "y": 0.33885341634985844, "r": -0.24626582541722333, "b": 0.15287300599912518}