{"x": 0.28371944730184995, "y": 0.10497619857638482, "r": -0.051094444600383926, "b": -0.2298376933258492}