{"x": 0.2090536468977618, "y": -0.31364950642278505, "r": 0.44866113045475214, "b": -0.05276120769743437}