{"x": 0.3557763199353185, "y": -0.01924334436786986, "r": 0.24653440694563267, "b": -0.11257886294665723}