{"x": -0.14568208291555212, "y": 0.2615927723594412, "r": -0.24865909840173206, "b": 0.1382288708615835}