{"x": 0.27418827409603863, "y": -0.21850750344643305, "r": 0.16093903376390503, "b": -0.25936892666282196}