{"x": -0.35671153641285974, "y": -0.3792932618337709, "r": 0.18946325952312404, "b": 0.007410591023613682}