{"x": -0.20656148682250217, "y": -0.1631236008899201, "r": -0.2548357820492795, "b": -0.23239184548669478}