{"x": -0.07552517831110891, "y": -0.28508195691594196, "r": -0.009072594996349522, "b": -0.23163489290989914}