{"x": 0.22153725117450482, "y": 0.3223048077291455, "r": 0.022725701797970465, "b": 0.11501507368992897}