{"x": -0.24116592724677485, "y": -0.2813169721152365, "r": -0.1886634421655219, "b": -0.14289591682326935}