{"x": 0.11343707786727768, "y": 0.16543498074030435, "r": 0.20989899149064747, "b": 0.3514039893533366}