{"x": -0.09943750817181013, "y": -0.020543363315821954, "r": 0.2055569550572145, "b": 0.28445109991320267}