{"x": 0.18124668635751395, "y": 0.3887712642800293, "r": 0.055016188635196826, "b": 0.24497756048177924}