{"x": -0.03556244030741437, "y": -0.3184986828026154, "r": -0.10376980456904246, "b": -0.37006689285462974}