{"x": -0.17065894099467033, "y": 0.09606341993760154, "r": -0.10732008629940318, "b": 0.14643472762439058}