{"x": -0.09303616809065808, "y": 0.2076030061866518, "r": -0.38749884381145006, "b": -0.0587985259548535}