{"x": -0.0791298081736116, "y": 0.15313089620623851, "r": -0.3138008724392965, "b": -0.09842242399476216}