{"x": 0.2666031471527637, "y": 0.06195251428208577, "r": 0.1226535699981421, "b": -0.06730091827433188}