{"x": 0.024352822687294298, "y": 0.30813198101708883, "r": -0.10049862170453357, "b": 0.19890818940397834}