{"x": -0.0398184131559103, "y": 0.2200424842363681, "r": -0.03991642961650875, "b": 0.26505282793544194}