{"x": 0.324807113753435, "y": 0.309824251193102, "r": 0.10409513761449339, "b": 0.07960876256805027}