{"x": 0.12868068421670448, "y": 0.0017617808145723565, "r": -0.0664792787625507, "b": -0.1413611108055831}