{"x": 0.1510165783263326, "y": 0.15633673651724542, "r": -0.04581471207164702, "b": -0.07243876392172365}