{"x": 0.18106185163229294, "y": 0.12796707267314647, "r": 0.04936649385418405, "b": 0.01111452929199298}