{"x": 0.08116232993080827, "y": 0.22530715309476593, "r": -0.23590577362729734, "b": -0.11892301452636957}