{"x": 0.30412499874229687, "y": 0.03302052890502276, "r": 0.09964219309368039, "b": -0.16709130314825624}