{"x": 0.09554667656282162, "y": -0.2966021153645596, "r": 0.2103594089392173, "b": -0.1817893829881648}