{"x": 0.14042418377132418, "y": 0.13026173269780422, "r": 0.23345713719096503, "b": 0.12570245813354858}