{"x": -0.36127463702460594, "y": -0.20583396571391074, "r": -0.07869103552674328, "b": 0.12704703192112302}