{"x": 0.19537594662859809, "y": 0.20385740636758864, "r": -0.1696492152474262, "b": -0.16471510097281541}