{"x": 0.20506752854730445, "y": 0.36733918891027195, "r": 0.04409483792077402, "b": 0.1314533456611103}