{"x": 0.24706847517230474, "y": 0.10610295320932704, "r": 0.3679910570898862, "b": 0.2133557475425478}