{"x": 0.41933163387250116, "y": 0.07722087107902757, "r": 0.28732484767328037, "b": -0.05478591512019323}