{"x": 0.3338481644107237, "y": 0.13828564379434005, "r": 0.003344406038240577, "b": -0.17889480628704807}