{"x": 0.2740955137608694, "y": -0.2041155855550911, "r": 0.333040371373173, "b": -0.05872624977035451}