{"x": 0.32627733985478574, "y": -0.03201927402705641, "r": 0.10415162016817563, "b": -0.262376467579417}