{"x": -0.007386932459230177, "y": 0.2936198195743842, "r": -0.2219300581847157, "b": 0.06949795147969733}