{"x": 0.09392473978054876, "y": 0.1163486322765197, "r": -0.15992787477439505, "b": -0.1246945851034017}