{"x": -0.0008567351042568788, "y": 0.11959388834077, "r": -0.3384250871577035, "b": -0.1638984108190804}