{"x": 0.26655515208342606, "y": -0.004260273336165501, "r": -0.052265072857992444, "b": -0.2865070875361837}