{"x": -0.22386036543986682, "y": 0.04984618442374974, "r": -0.03003094293324676, "b": 0.22053937781202415}