{"x": -0.12600604437938193, "y": 0.2927064174346353, "r": -0.11299395834683532, "b": 0.2933646975399564}