{"x": 0.033282685126611755, "y": -0.18382616985965444, "r": -0.09249399875660592, "b": -0.23823768508027765}