{"x": 0.049425485851613285, "y": 0.1706966651152053, "r": -0.2818923190534005, "b": -0.16062113978980852}