{"x": 0.0013960080447125297, "y": 0.2301886037596409, "r": 0.15999788018526798, "b": 0.40859563610772787}