{"x": 0.25149869078655646, "y": 0.04841988500129511, "r": 0.04978076859664012, "b": -0.1714408116843041}