{"x": 0.2141188321627329, "y": 0.23020118428408468, "r": -0.028840579553218174, "b": 0.002307256912094936}