{"x": 0.031905466744181994, "y": 0.305874328660334, "r": -0.24864937067382786, "b": 0.010858281944193972}