{"x": 0.14196630299583696, "y": 0.1444628331831888, "r": -0.02450131711379406, "b": 0.05962982759890321}