{"x": -0.3476102227538986, "y": -0.1514441171411572, "r": -0.23256355380469088, "b": 0.029193532334474526}