{"x": -0.30548458882386054, "y": -0.09706551159625275, "r": 0.17492165673518092, "b": 0.4501259781233465}