{"x": 0.17474629125362734, "y": -0.0033873807368224257, "r": -0.01957380383659607, "b": -0.2297515629541392}