{"x": 0.03519558536230416, "y": -0.026402264883827645, "r": -0.2641796407506124, "b": -0.2881600534726055}