{"x": -0.29189658994890577, "y": 0.0336176928381247, "r": -0.03597952970234774, "b": 0.33948599979903393}