{"x": 0.055087472293230695, "y": 0.09439178892534325, "r": -0.3200038359202874, "b": -0.240295940077842}