{"x": -0.3439174944507894, "y": -0.0797205474343727, "r": 0.06020809987177762, "b": 0.4390275443839131}