{"x": 0.1434733876411745, "y": -0.022767138841271985, "r": -0.1502903839487238, "b": -0.30440668333400117}