{"x": 0.2854471247196758, "y": 0.0751752886472094, "r": -0.08825786789530365, "b": -0.2616888211804159}