{"x": -0.15930255381075223, "y": 0.12337693875915397, "r": -0.35754471350247424, "b": -0.07486522093256812}