{"x": 0.058501045029959585, "y": -0.11176500478865384, "r": 0.15117448300912403, "b": -0.04105485199499955}