{"x": -0.023377965426539415, "y": -0.04588912716554711, "r": -0.09942347937584066, "b": -0.10614054733620436}