{"x": -0.08349883446958602, "y": -0.022940156074902227, "r": -0.10387710491035965, "b": 0.011716502111246316}