{"x": -0.07935865472709241, "y": -0.11089392633770154, "r": 0.05985153620316384, "b": 0.06467403664352034}