{"x": 0.06695961486389769, "y": 0.0035211130946965247, "r": 0.0015597736863069702, "b": -0.02789326776207931}