{"x": 0.009944974581604007, "y": -0.15752476695019904, "r": 0.023864982329346723, "b": -0.12627279325805046}