{"x": 0.018806282441718884, "y": -0.05438790266204493, "r": 0.11289659558099444, "b": 0.017710645389003986}