{"x": -0.08452024774069732, "y": -0.20597294592083318, "r": 0.01917256522489522, "b": -0.043021458433600064}