{"x": 0.020391522779072073, "y": 0.07036779847164767, "r": -0.16073401079998725, "b": -0.06258864884735632}