{"x": 0.04358219658284056, "y": 0.13368815569231765, "r": -0.022540956271265403, "b": 0.05617626079984774}