{"x": -0.042164268682279134, "y": 0.055814943998512806, "r": 0.0027812559348126117, "b": 0.07771019969022731}