{"x": 0.01153400697536253, "y": 0.07006637286788815, "r": 0.13119622707427117, "b": 0.1680297127323218}