{"x": -0.13674833400005296, "y": -0.06641096425708995, "r": -0.09419679817358033, "b": -0.005961547987244388}