{"x": -0.06987199022405682, "y": -0.17344134220349397, "r": 0.027497048244101957, "b": -0.03242694425080613}