{"x": -0.07718009851661078, "y": 0.043771585373287895, "r": -0.12611327535191652, "b": -0.01675996735427082}