{"x": 0.013134367241355395, "y": 0.05389404747210718, "r": -0.05230207022800883, "b": -0.029654086945524804}