{"x": -0.0417150495911809, "y": -0.05634355432278352, "r": 0.11479730616978162, "b": 0.1065232649313707}