{"x": 0.11579844585006241, "y": 0.09961141147638253, "r": 0.06808797161181823, "b": 0.06214060955815722}