{"x": 0.01853484333253986, "y": 0.07136900205080814, "r": -0.11465528110571324, "b": -0.07239197452844238}