{"x": 0.0707252945421545, "y": 0.09452620582498501, "r": 0.012086682539331997, "b": 0.03588759382216301}