{"x": 0.024975661442610625, "y": 0.12036925247153797, "r": -0.12602303217163674, "b": -0.025964598799931207}