{"x": 0.03640615877499381, "y": 0.07888191203019031, "r": -0.107431098017947, "b": -0.04966672434833872}