{"x": 0.12002588560681156, "y": 0.04372588961333587, "r": 0.08802646369427963, "b": 0.10653064802895836}