{"x": -0.05701075467804411, "y": 0.06787046287249818, "r": -0.10027231963976924, "b": -0.07406816041156022}