{"x": -0.03416170154815797, "y": -0.12083285976419897, "r": 0.04673464750114914, "b": -0.0006311889312806882}