{"x": -0.0442560087461639, "y": 0.027235985560642422, "r": -0.09354714189686192, "b": 0.031355462907096204}