{"x": 0.1700784633902299, "y": 0.09570549532883542, "r": 0.03091745482511172, "b": -0.00921759880421283}