{"x": -0.06592379957302136, "y": -0.08847423462454601, "r": -0.10100029703092982, "b": -0.08846260471728751}