{"x": -0.02175643414316564, "y": -0.09843126967278454, "r": 0.1772949976369706, "b": 0.07651862579016384}