{"x": 0.11545498466526234, "y": 0.0642997616218738, "r": -0.02280399451727815, "b": -0.09354424076106349}