{"x": 0.1326927316743482, "y": -0.023686766516054544, "r": 0.05444999643609414, "b": -0.05014538575645713}