{"x": -0.19294271001269817, "y": -0.1274652032462952, "r": -0.019011314604340815, "b": 0.03214995563269193}