{"x": -0.06828708567991851, "y": -0.1681011632465755, "r": 0.10729475425064341, "b": -0.0049593427861782755}