{"x": -0.005850717201878306, "y": -0.00284162033351947, "r": -0.17345792363784865, "b": -0.14270240031735548}