{"x": 0.03260535157510226, "y": 0.0831502994122847, "r": 0.033909635003188124, "b": 0.04626924999777407}