{"x": 0.07251238034808684, "y": -0.04775714169055872, "r": 0.03493127158800446, "b": -0.0808409659121373}