{"x": 0.08395771692758844, "y": 0.038331685778630144, "r": 0.0014177753549062756, "b": -0.05539679309194613}