{"x": -0.04978590720789521, "y": 0.06430216274579989, "r": -0.07113804425609284, "b": 0.07557162112932901}