{"x": 0.012093837307450787, "y": -0.10500620533325244, "r": 0.043015434913065954, "b": -0.06299942925875937}