{"x": 0.03583208005517134, "y": -0.058166354642867034, "r": 0.039718621294620934, "b": -0.03711935970701709}