{"x": 0.08480628670669833, "y": 0.04456527903465849, "r": -0.048306425408743185, "b": -0.12160669405943135}