{"x": 0.1247635983456998, "y": -0.010611502820526298, "r": 0.18288999303272385, "b": 0.005430319350536553}