{"x": -0.14565282033883337, "y": -0.08092841746853696, "r": 0.01866476975282102, "b": 0.1290486859600438}