{"x": 0.06993185177997317, "y": -0.06678977293318906, "r": 0.1565218850808513, "b": 0.028893063993637256}