{"x": -0.03220658147049443, "y": -0.048151860982111966, "r": 0.03277560803280233, "b": -0.007373812149343242}