{"x": 0.08066880514588434, "y": 0.03128507392297246, "r": -0.01887986990498719, "b": -0.017676448040870475}