{"x": -0.11399415170285672, "y": 0.03977159843813697, "r": -0.18638079340817343, "b": -0.001694597990690307}