{"x": -0.09577947514224397, "y": 0.012529971642096427, "r": -0.14389252750449014, "b": 0.042121976229870975}