{"x": 0.14784569657875665, "y": 0.14585873782814177, "r": 0.01854903175160062, "b": 0.016562073000985746}