{"x": 0.12298372517605856, "y": 0.039488729218178815, "r": 0.003985064470956451, "b": -0.04496085935771161}