{"x": 0.02259702418900547, "y": -0.0995503569787797, "r": 0.16326125344457618, "b": 0.027203332895625508}