{"x": -0.18159438255262916, "y": 0.019017362566241258, "r": -0.025546066259438623, "b": 0.055831996013048904}