{"x": -0.16398339847247123, "y": -0.012986826149687486, "r": 0.017491466580950816, "b": 0.046631886902708974}