{"x": -0.017568025090302256, "y": 0.05453633669151772, "r": -0.15810686924818507, "b": -0.054749374526652524}