{"x": 0.16715890569956662, "y": 0.01835590104293179, "r": 0.0813824326129898, "b": 0.02211678368498905}