{"x": -0.17864134882114518, "y": -0.02239168531504313, "r": -0.14755257892021523, "b": 0.0029368121283397516}