{"x": -0.06316726034485627, "y": -0.11028959390086741, "r": -0.0512656958942664, "b": -0.09365951746686343}