{"x": 0.020336133772689533, "y": -0.10019377885125347, "r": -0.08386133115886266, "b": -0.14647297642924242}