{"x": 0.03225430008828873, "y": 0.11436681651063106, "r": 0.01967894574491346, "b": 0.11005442991333679}