{"x": -0.1340717579988008, "y": 0.005139683988551359, "r": -0.15001983144246447, "b": 0.02497531696511882}