{"x": 0.09277775560038502, "y": 0.006351186671808558, "r": 0.05543139892444892, "b": -0.026496788493267438}