{"x": 0.05450046263631993, "y": 0.049228345728044735, "r": -0.09971434808008468, "b": -0.07799332064952107}