{"x": -0.03799324723097045, "y": 0.08891273484255532, "r": -0.1387065582874888, "b": -0.02922861282139448}