{"x": -0.0959537337646992, "y": -0.013432945274942853, "r": -0.10743822444946936, "b": 0.028157222258554358}