{"x": 0.16650243564684242, "y": 0.04697743785490006, "r": 0.08771567328735065, "b": -0.0219038058202849}