{"x": 0.00146692066931269, "y": 0.03299412548153508, "r": -0.06354435704709102, "b": -0.016034439033439627}