{"x": 0.1269680770430238, "y": 0.038668806235737305, "r": -0.013840951849952363, "b": -0.10694017221649596}