{"x": 0.10546379862940287, "y": 0.07654353449643636, "r": -0.015996968920969946, "b": -0.029835014471110623}