{"x": 0.1229591691823707, "y": 0.06867414176808252, "r": -0.01054411408685773, "b": -0.030848878099938488}