{"x": 0.024142018835101014, "y": -0.0964010686772436, "r": 0.08121106028517074, "b": 0.029012953901063395}