{"x": -0.04949679914193634, "y": -0.12101504060043633, "r": 0.01528277394482009, "b": -0.03722154656570211}