{"x": -0.012985696211330767, "y": -0.056969564921003926, "r": 0.06127675661748306, "b": 0.040520184185189656}