{"x": -0.04204866850082215, "y": -0.12364666154856409, "r": 0.1276435004619639, "b": 0.05151135867105743}