{"x": 0.030774945541292186, "y": -0.08186510645204774, "r": 0.15377052861068313, "b": 0.02743540853113112}