{"x": -0.0920856641802801, "y": -0.08464474829625944, "r": -0.09370361269121709, "b": -0.06467605785608187}