{"x": 0.09789974886927162, "y": 0.04673418185481307, "r": -0.06587535968947814, "b": -0.06785122720739256}