{"x": -0.06351131993069765, "y": -0.1777026297816183, "r": 0.07918464017939596, "b": -0.028728120440151352}