{"x": -0.008379748421590418, "y": 0.02300209761327414, "r": -0.11510351754251737, "b": -0.025966742787022667}