{"x": 0.10036853397785046, "y": 0.14363603463699312, "r": 0.03755956016136442, "b": -0.015833897036985387}