{"x": -0.016279883429338924, "y": 0.07322338960872847, "r": 0.032355589562038024, "b": 0.10907062512460007}