{"x": 0.0017169907116726558, "y": 0.09857914505461746, "r": -0.1400487034008681, "b": -0.0773208680420827}