{"x": 0.05534920693631029, "y": -0.040253163753610086, "r": -0.05407888907920583, "b": -0.15465652180255907}