{"x": 0.1651254119495312, "y": 0.04427468110181231, "r": 0.06474851890950958, "b": -0.06707322543772123}