{"x": 0.10536300277380858, "y": -0.05847510529948665, "r": 0.01708088980584381, "b": -0.09780592231942269}