{"x": 0.11163833088669041, "y": 0.03955488282843146, "r": 0.039366172110104285, "b": -0.0276198702271469}