{"x": 0.05024765084342481, "y": 0.05455806515836805, "r": 0.07013330369512569, "b": 0.14038460073754985}