{"x": 0.041344751798225686, "y": 0.07614312924521222, "r": 0.024419731439945625, "b": 0.07677301923767715}