{"x": 0.129066668667178, "y": 0.11629492123105616, "r": 0.000260144060204804, "b": 0.019168159365647558}