{"x": 0.1192043624868187, "y": 0.05207283266607901, "r": 0.07844113412197493, "b": 0.08961464688369668}