{"x": 0.022489180440629607, "y": 0.07747377311024806, "r": 0.057662003963036466, "b": 0.11833435939926155}