{"x": 0.004283925777018413, "y": 0.15234889828750353, "r": -0.07269972173981473, "b": 0.11156197047589261}