{"x": -0.1366299998793097, "y": 0.016385819217128745, "r": -0.18026756435719626, "b": 0.01589242476279558}