{"x": 0.07708954072647171, "y": 0.010242108013037082, "r": -0.0693094644067162, "b": -0.0859450738926913}