{"x": 0.02313700719521746, "y": 0.16752098782031546, "r": -0.026199319472809783, "b": 0.033303976033362076}