{"x": 0.13704258980734269, "y": 0.053708609121217075, "r": 0.006195301597745296, "b": -0.05834618802264187}