{"x": 0.0967358603891584, "y": 0.11128832519408421, "r": -0.0017959502649148064, "b": 0.012756514540010998}