{"x": 0.06504650766128155, "y": -0.09342814662440167, "r": 0.05004335852312168, "b": -0.10301922515343055}