{"x": -0.020308970846510722, "y": -0.08453955305965603, "r": -0.06330409798310767, "b": -0.11724430521922714}