{"x": 0.02488396185014405, "y": 0.059831489410172106, "r": -0.009687394489057389, "b": 0.0560716855282302}