{"x": 0.004154040883967997, "y": -0.10843931165429062, "r": 0.01040892576322142, "b": -0.04299296295860981}