{"x": 0.1144101734860331, "y": -0.04852346460591432, "r": -0.013411646708157272, "b": -0.1295169261528129}