{"x": -0.0019770601854446936, "y": 0.05846986269842789, "r": -0.062443916179794834, "b": -0.001996993295922253}