{"x": 0.04347860702880323, "y": -0.1784876713680885, "r": 0.07819874425563897, "b": -0.05930058416355188}