{"x": 0.11490601265950812, "y": -0.008079825844556854, "r": 0.04946669976650126, "b": -0.0575437423767604}