{"x": 0.04894463603271997, "y": -0.0451358634234774, "r": 0.019857892264068956, "b": -0.0860630127559247}