{"x": 0.1729933851155374, "y": 0.046206462215905776, "r": 0.012925647335903219, "b": -0.08586353348971623}