{"x": 0.07234923872863543, "y": 0.05581635273708803, "r": 0.04145604116708875, "b": 0.0035457992393995823}