{"x": -0.039748864231235775, "y": 0.07180533887276462, "r": -0.08185247489565514, "b": 0.007931355723444545}