{"x": 0.1015821447531113, "y": 0.08754036972802892, "r": -0.04615429718424835, "b": -0.07058953023448437}