{"x": 0.06508940044193523, "y": -0.04290763797330055, "r": -0.06307560504487063, "b": -0.08568674193561858}