{"x": 0.11221571838479598, "y": 0.022850264876392468, "r": 0.0916623922542432, "b": -0.0096475328867152}