{"x": 0.12680114040768287, "y": 0.07093515991613421, "r": 0.037450945374190935, "b": -0.029520520543779134}