{"x": 0.05406545883026856, "y": 0.014639004249758784, "r": -0.042517590623540887, "b": -0.11787540119168324}