{"x": 0.09602415825922105, "y": 0.014209657698398256, "r": 0.023037112444013994, "b": -0.07984586434828027}