{"x": 0.08115662942589684, "y": -0.04355224674737896, "r": 0.1516694138671942, "b": 0.0062141659024204056}