{"x": 0.061185700185516854, "y": 0.04606234834049858, "r": -0.023297534433528524, "b": -0.005129367537421181}