{"x": 0.07419596103328081, "y": 0.16029808517384203, "r": -0.006896887949252452, "b": 0.06799905142280364}