{"x": 0.026215409664505394, "y": 0.0541723548111732, "r": -0.10155951061860459, "b": -0.09050615228815526}