{"x": 0.007461955399158431, "y": 0.04649101918347001, "r": -0.018682986374341865, "b": 0.09187215513281997}