{"x": 0.07710183066868154, "y": 0.12710176112768612, "r": 0.037798902129101856, "b": 0.0511620798629208}