{"x": -0.09520340105796007, "y": -0.11745854207412067, "r": 0.004230702032293424, "b": -0.039331301446856315}