{"x": 0.07354461668867329, "y": 0.05084334794462449, "r": -0.06205106477996058, "b": -0.09529384960365969}