{"x": 0.12410018282121056, "y": 0.06741051233990485, "r": -0.06620964604122892, "b": -0.06343054689096239}