{"x": -0.09837753200428939, "y": -0.02271781497630046, "r": -0.03821156379994266, "b": 0.04884778729475967}