{"x": -0.1981117981616957, "y": -0.024759800827245985, "r": -0.050095177216316164, "b": 0.09793292406786781}