{"x": -0.09046449289870061, "y": -0.1259141310028432, "r": -0.043936092306681065, "b": -0.03217392286531977}