{"x": 0.1069954377286357, "y": -0.011600839242925307, "r": -0.03765728289522311, "b": -0.13923172346128837}