{"x": 0.1486457342284238, "y": -0.013164650984096199, "r": 0.06782751682367204, "b": -0.1051924023229358}