{"x": 0.007786718914097931, "y": 0.03256775204876974, "r": -0.12049464345677716, "b": -0.024552905209523836}