{"x": -0.005169268683621509, "y": 0.07302923444876193, "r": 0.09754419953177283, "b": 0.1757427026641564}