{"x": 0.040130522389240836, "y": 0.11051847128382802, "r": 0.019944929735385135, "b": 0.1259624934425587}