{"x": -0.0058387959663256436, "y": 0.06581638116790395, "r": 0.05778348929861917, "b": 0.12349664249282113}