{"x": -0.03640933231068813, "y": 0.04102981475231605, "r": -0.14341491372374923, "b": -0.046667779231838256}