{"x": 0.047484743685719456, "y": -0.024037985152567824, "r": 0.1348429703945841, "b": 0.08273735274752654}