{"x": 0.07350535654555865, "y": -0.08206196372145724, "r": 0.08185806823754556, "b": -0.06286674975321241}