{"x": 0.14234275169324043, "y": -0.011019736553877129, "r": 0.04134673351056679, "b": -0.09412512823272338}