{"x": -0.018767241484298793, "y": 0.023861581572193903, "r": -0.012316452665003063, "b": 0.018038580283937247}