{"x": -0.020210433606074524, "y": 0.10530957943787289, "r": 0.0011037726008739479, "b": 0.14870625496821482}