{"x": -0.033963947328851864, "y": 0.02509855742784248, "r": -0.1666851454710098, "b": -0.09213551925256827}