{"x": -0.1405761930357387, "y": -0.10947474077947174, "r": 0.03422327930309496, "b": 0.09072580123155295}