{"x": 0.029977533846130312, "y": 0.016613275012990262, "r": 0.013842746983507122, "b": 0.0727397749909667}