{"x": 0.027071332678755358, "y": -0.04091251279646957, "r": 0.06033701783940942, "b": 0.05313350678539944}