{"x": 0.06987234178463218, "y": 0.03967563736726391, "r": 0.12465084861060721, "b": 0.12811728802811048}