{"x": 0.0376940865710664, "y": 0.07333245636550226, "r": 0.033753445475627974, "b": 0.05724474991756918}