{"x": -0.08813412528939026, "y": -0.014253646193047422, "r": 0.017719651044752253, "b": 0.11134751900420604}