{"x": -0.02520888157248978, "y": -0.02469055345558669, "r": -0.16584892677264715, "b": -0.10976853261265078}