{"x": 0.04927707712709322, "y": -0.10433480070351436, "r": 0.006893312295509268, "b": -0.09530292874753088}