{"x": 0.15747999203843266, "y": 0.1252815743180238, "r": -0.003674928247979709, "b": -0.03126430706886289}