{"x": -0.04572534091903235, "y": -0.08875491973592187, "r": 0.047969048374805034, "b": -0.0011705549632791033}