{"x": 0.11954689363662038, "y": -0.025236624821008014, "r": 0.06575967787360756, "b": -0.08430994552389226}