{"x": 0.037648002489271484, "y": 0.0712442807844003, "r": 0.04813534471871994, "b": 0.06940860664519624}