{"x": -0.08866955282037625, "y": -0.17694280526571213, "r": 0.06815317906001585, "b": 0.025245523943322794}