{"x": 0.029503749619790187, "y": -0.06004444703928545, "r": 0.13559200966554677, "b": 0.03986454898386914}