{"x": 0.04803852760385776, "y": 0.12992481816121912, "r": -0.041011909451262735, "b": 0.020779905452903084}