{"x": -0.16765205458690333, "y": 0.0038575422642152927, "r": -0.029107917430370937, "b": 0.18705046911316073}