{"x": 0.0042801763229871745, "y": 0.15547062853338078, "r": -0.1335949445279519, "b": 0.04511013148507063}