{"x": -0.16357543874524988, "y": -0.030222702095738428, "r": -0.025434116680499573, "b": 0.15318560436931317}