{"x": 0.11761442141803576, "y": -0.01991237066085739, "r": -0.016578038421744087, "b": -0.1732035262394653}