{"x": -0.07876082911290345, "y": 0.05366689076946417, "r": 0.024448524516342218, "b": 0.1936498895196847}