{"x": -0.03580098331988979, "y": -0.10915349867817495, "r": 0.12655353773771613, "b": 0.029837112408424182}