{"x": -0.14154460351931528, "y": -0.06619281024752773, "r": 0.02524565425643186, "b": 0.07407948712422517}