{"x": -0.056563506191160594, "y": 0.01193047924681282, "r": -0.1516145010471079, "b": -0.09415647908650045}