{"x": -0.06205323875721421, "y": -0.019868291617139617, "r": -0.006825106731559866, "b": -0.05885695709377584}