{"x": 0.1790766983852788, "y": 0.13231670390082037, "r": -0.0045556911608591434, "b": -0.0032940615009727377}