{"x": 0.10883143681221624, "y": 0.12570408323197713, "r": 0.017864779092452727, "b": 0.023651653045382023}