{"x": -0.13319840522170753, "y": -0.01687037827016489, "r": -0.07048716084016457, "b": 0.024479836073557477}