{"x": 0.002143801090765936, "y": -0.035791836976275984, "r": -0.08762338592786019, "b": -0.16176146542029765}