{"x": 0.028439434826289457, "y": 0.030596135900966985, "r": 0.11397395414745463, "b": 0.15077537392387147}