{"x": -0.04222330458066133, "y": -0.1465720621146493, "r": 0.062320651300965285, "b": -0.02004713198662179}