{"x": -0.12362760705170689, "y": 0.04535155288217238, "r": -0.11553707346475858, "b": 0.05344208646912069}