{"x": -0.09562275711710053, "y": -0.005694726054400953, "r": -0.09805662565989637, "b": 0.0002192391388462763}