{"x": -0.10254893251139384, "y": -0.14141504706104457, "r": 0.0029309872851059036, "b": -0.058155829170001776}