{"x": 0.08306850870861489, "y": -0.009035321423532491, "r": 0.0071403211913552474, "b": -0.025217486581994266}