{"x": -0.0035193708389134404, "y": -0.05452377176528514, "r": -0.051412786780859664, "b": -0.12155500849231812}