{"x": 0.042397861032983784, "y": -0.052154845150975994, "r": 0.01042873945981692, "b": -0.10358187382819928}