{"x": 0.13078336943112204, "y": -0.03921650349355642, "r": 0.00304007444961524, "b": -0.16239300944355234}