{"x": -0.014893870828414108, "y": -0.14208739519595778, "r": -0.007883573472560699, "b": -0.117094771101607}