{"x": 0.11601029714128454, "y": -0.00935205994076434, "r": 0.04438804553715738, "b": -0.09079841470251926}