{"x": 0.006941499313576706, "y": 0.11122196306940933, "r": -0.10602007690096799, "b": 0.05561200908237315}