{"x": -0.028358536929817983, "y": -0.02394522211905502, "r": -0.12255508531973583, "b": -0.08262006652426376}