{"x": -0.0332671364493667, "y": 0.08404956911911035, "r": -0.1772817449576377, "b": -0.026396984820856874}