{"x": 0.03870378795997972, "y": 0.05035180754252101, "r": -0.12673557829113977, "b": -0.10076033752836017}