{"x": 0.10206205882177029, "y": 0.09031508442848596, "r": -0.07210638406319236, "b": -0.037458327157878626}