{"x": -0.19945809959610175, "y": 0.03868193932994498, "r": -0.00011010619742034662, "b": 0.11433036390275342}