{"x": 0.03376472757972977, "y": 0.08679207869511374, "r": -0.08044285548436345, "b": 0.02468993192136798}