{"x": 0.08850376022863883, "y": -0.06341420544361294, "r": 0.01259789912607823, "b": -0.12352358553937944}