{"x": 0.10242768772348487, "y": 0.09127964519747984, "r": -0.05515054732301297, "b": -0.03326244220378229}