{"x": 0.09748282115643381, "y": -0.05722789368498229, "r": 0.12954857006905246, "b": -0.06452058434953978}