{"x": 0.023729244487560204, "y": -0.0539784860751318, "r": 0.10557741412111185, "b": 0.0766748641433921}