{"x": -0.0966313648651113, "y": -0.06439508533165307, "r": -0.10912745365777615, "b": -0.0873409509624902}