{"x": 0.013717163300942255, "y": -0.15480894466109385, "r": -0.004436555725513939, "b": -0.15617896657689134}