{"x": 0.06368014615622479, "y": 0.02899594022410439, "r": 0.08586221711079806, "b": 0.040361269687095025}