{"x": 0.07501253502600348, "y": -0.01318259564812989, "r": 0.15652524977385565, "b": 0.12639791586470953}