{"x": 0.10895265822705316, "y": -0.0690398512464599, "r": 0.11218690971084869, "b": -0.04411404837923096}