{"x": -0.1142648917834267, "y": -0.027976704622487414, "r": -0.08134082487381517, "b": -0.007649272675188201}