{"x": -0.05706987015654873, "y": 0.0717207743779436, "r": -0.08062847645204951, "b": 0.036254346207997695}