{"x": 0.0732621450473091, "y": -0.04961144025447878, "r": 0.06761557208121323, "b": -0.01570986555445347}