{"x": 0.03315191470214441, "y": 0.08418876831178046, "r": -0.06053604804747532, "b": -0.004519457969430588}