{"x": -0.11016985569867994, "y": -0.02478818879249494, "r": 0.007184693510977342, "b": 0.049955381845607626}