{"x": 0.012910272442712787, "y": -0.07299539711592648, "r": 0.10311785126023414, "b": 0.003916967325772245}