{"x": 0.05870411440091295, "y": 0.01820904677468495, "r": 0.03259057415629519, "b": -0.00790449346993281}