{"x": 0.006513139040572446, "y": 0.16560586835100272, "r": -0.152901314783472, "b": 0.0014954058891037758}