{"x": -0.01909073552513428, "y": 0.013074598603809542, "r": -0.1186403018626742, "b": -0.012968809883733763}