{"x": 0.039844548346434486, "y": -0.08949945795508758, "r": -0.00658271549901393, "b": -0.14755565760729883}