{"x": 0.06202403125971361, "y": 0.04254023785459798, "r": -3.479054406356321e-05, "b": -0.03837167295814801}