{"x": -0.01589783709693064, "y": 0.03798128832623221, "r": -0.08201573233629911, "b": -0.03952541306875371}