{"x": 0.11738368051659553, "y": 0.04458815408230508, "r": 0.0404695900436753, "b": -0.0533051616071397}