{"x": 0.036912862046975956, "y": -0.048845184716601604, "r": -0.00945613812722186, "b": -0.0907579652654452}