{"x": 0.05451265647173099, "y": -0.014791278007866072, "r": 0.044554171358704105, "b": 0.056069952380084435}