{"x": -0.12255270175617523, "y": -0.18936640798113374, "r": 0.028968329757110233, "b": 0.02684681631379696}