{"x": -0.020590431464423978, "y": -0.07108761111900752, "r": -0.039368041033482876, "b": -0.10958828381230644}