{"x": 0.03099962955053311, "y": -0.0031556750847705137, "r": -0.020587188344607595, "b": -0.07380607452975713}