{"x": 0.03466569758265135, "y": -0.010525007042545912, "r": -0.008170168973873968, "b": 0.00041239232471948224}