{"x": 0.11412855512848465, "y": 0.07784931104198006, "r": 0.0053424115531766885, "b": 0.004012730463718116}