{"x": -0.07013462800023101, "y": -0.11325273684401345, "r": -0.05178707915273573, "b": -0.07288686261603178}