{"x": 0.0424221368193976, "y": -0.022620531121187056, "r": 0.019110354371114864, "b": -0.024814730487270197}