{"x": -0.1004608938156168, "y": -0.0007658903287655403, "r": -0.16602737294709777, "b": -0.03235296870139065}