{"x": 0.037580405102330794, "y": 0.033716030140649604, "r": -0.09472004196460423, "b": -0.013603532876139635}