{"x": 0.05965733388760706, "y": 0.16287630737692188, "r": -0.08020175369440907, "b": 0.023017219794905733}