{"x": 0.07848482785054887, "y": -0.09411466345502655, "r": 0.05854818909438476, "b": -0.07561744490751082}