{"x": 0.10622353864591405, "y": -0.06389635557779619, "r": 0.1466501428999883, "b": -0.03615788064389358}