{"x": -0.13021992143864755, "y": -0.1138718638199432, "r": 0.06726043334004485, "b": 0.06900507199803443}