{"x": -0.17688378183410028, "y": -0.06429164351174631, "r": -0.12403225216600804, "b": -0.005655215328994909}