{"x": -0.05189181950489687, "y": -0.023293095059258667, "r": 0.07693335244348867, "b": 0.08365562006842174}