{"x": -0.0842880209779174, "y": 0.03055581523979683, "r": -0.19489272044851966, "b": -0.022544877731059877}