{"x": -0.0054224673017265424, "y": 0.07315844886181351, "r": -0.0907697121119447, "b": -0.04706962135818446}