{"x": -0.04418598783027641, "y": -0.13650877547906465, "r": 0.08011761734643114, "b": -0.018486196029601273}