{"x": -0.11329467443845061, "y": 0.0033419214277514942, "r": -0.15140068083832078, "b": 0.021817914651417043}