{"x": -0.1583626371612739, "y": -0.01183916937659881, "r": -0.031460601683111857, "b": 0.12125463552726744}