{"x": -0.026971089675808586, "y": 0.03218753174944259, "r": -0.08391315168797188, "b": -0.036255236823547976}