{"x": 0.05024360233908085, "y": 0.009268714194472043, "r": -0.09592658742399958, "b": -0.15406388381457697}