{"x": 0.0726866237282505, "y": 0.018940534423919776, "r": -0.04146994924336424, "b": -0.09107658328120759}