{"x": 0.06039323832517018, "y": 0.019427063723846196, "r": 0.0006660171689500858, "b": -0.050250133928074744}