{"x": -0.18200572671301718, "y": -0.002130998553384636, "r": -0.037687982364170675, "b": 0.1161795243329881}