{"x": -0.02014232648309635, "y": 0.057043395275913795, "r": -0.16092088929570741, "b": -0.09421347774629905}