{"x": 0.011868351785488847, "y": -0.07027770022980653, "r": 0.07498592163749494, "b": -0.030611253242182695}