{"x": -0.07559535021446355, "y": 0.039200304420200394, "r": -0.1547968703218426, "b": 0.03516600716119854}