{"x": 0.055315327902793185, "y": 0.04382843472609823, "r": -0.06990591321621784, "b": -0.04958266970633137}