{"x": -0.08886885466221191, "y": 0.03070662095613711, "r": 0.010367839212741215, "b": 0.19460429682373453}