{"x": -0.021985004039908516, "y": -0.010562208704381201, "r": -0.05170865992895959, "b": -0.14035920950173686}