{"x": 0.0679610846567743, "y": 0.14675531209994588, "r": -0.07338254527264085, "b": 0.03281560887491112}