{"x": -0.012667219713393232, "y": -0.00347173255257421, "r": -0.1072766920808678, "b": -0.08260444376393723}