{"x": 0.026302156605944708, "y": 0.15534550923015844, "r": -0.06065570580002789, "b": 0.03207347089715066}