{"x": 0.16732063884266837, "y": 0.01699238179625998, "r": 0.06922764097242809, "b": -0.02804726300752384}