{"x": 0.11815099338661862, "y": 0.08778764815710273, "r": -0.023409159007736248, "b": -0.08791499817611302}