{"x": 0.1535291111772159, "y": 0.06940819977094526, "r": 0.04181627465736668, "b": -0.002231531629498496}