{"x": 0.022605224324306467, "y": 0.007666813261397017, "r": 0.13599114931321055, "b": 0.1581656024165979}