{"x": -0.13917492946697615, "y": -0.05374871193983743, "r": -0.12129620117977169, "b": 0.02400523565837831}