{"x": -0.09905576957222499, "y": 0.07626136164067339, "r": -0.08716360211168005, "b": 0.09288199717346332}