{"x": 0.08859462212772132, "y": 0.08551647319013864, "r": -0.04012845645553919, "b": -0.015399895135140586}