{"x": 0.1483916663295046, "y": -0.036981514932012294, "r": 0.017114477857073592, "b": -0.13370722794596043}