{"x": 0.12195592655963736, "y": 0.09417166866445952, "r": 0.08012852533818748, "b": 0.04699134789676192}