{"x": 0.01604136657673355, "y": 0.030880815291153538, "r": -0.035214885427305734, "b": 0.009903619074219383}