{"x": -0.007985081649270595, "y": 0.011261974497877436, "r": -0.005935925557641864, "b": 0.030513691209104448}