{"x": -0.011094434433341445, "y": -0.1342058500230361, "r": -0.044784994165186325, "b": -0.11105467797440124}