{"x": -0.0020939775150480844, "y": -0.2142481362750841, "r": 0.01216664104000812, "b": -0.12549379997304638}