{"x": 0.0035336239345098775, "y": 0.14739147222532814, "r": -0.12541906615484177, "b": 0.00781625396633444}