{"x": 0.012086366519920679, "y": -0.13322556784795817, "r": 0.009172012662348093, "b": -0.09703852381759194}