{"x": -0.00036139005775402737, "y": 0.08142276847024713, "r": -0.17993114834280055, "b": -0.017795574389108195}