{"x": 0.16094758117076033, "y": -0.007012522185748038, "r": 0.07895696610585459, "b": -0.10019837365230184}