{"x": 0.056181154531293444, "y": 0.08782838955807507, "r": -0.07663033489882908, "b": -0.06178907875906042}