{
  "x": -0.06835467852431762,
  "y": 0.11094531871927817,
  "r": -0.11462959150348234,
  "b": 0.04363235234994796
}