{"x": 0.11944846685908488, "y": 0.06261537265438781, "r": 0.040204916446366916, "b": 0.01685387495393466}