{"x": 0.11216714063298801, "y": 0.08783911181731675, "r": -0.05049522243750148, "b": -0.0480997096490394}