{"x": 0.06290442451452906, "y": -0.05685087984428145, "r": 0.13753047201831567, "b": 0.04101032544337082}