{"x": 0.0027863735529613746, "y": -0.027873151775793102, "r": 0.15045232460643607, "b": 0.017322625076478502}