{"x": 0.13604765092748902, "y": 0.11007540083862512, "r": -8.538843464922331e-05, "b": -0.01676874647364363}