{"x": 0.056518448987318275, "y": -0.050726212797270596, "r": -0.034661222124172185, "b": -0.1595186809802438}