{"x": -0.018341449630478984, "y": -0.09303726034935558, "r": -0.08295530109703247, "b": -0.11545324045349796}