{"x": 0.034514806158114274, "y": 0.040274666219925356, "r": 0.021295721892788964, "b": 0.00528835587221752}