{"x": -0.03489252845847132, "y": -0.026809243536334588, "r": -0.10025045665334843, "b": -0.0006300616059674251}