{"x": -0.09759470237387277, "y": -0.0163902502232778, "r": -0.06148109328374285, "b": 0.008759193691295825}