{"x": -0.05162434854807129, "y": -0.03349549227554301, "r": -0.1012028862158015, "b": -0.09466453558147102}