{"x": -0.03247886940264616, "y": -0.03109914257387695, "r": -0.10191939072607378, "b": -0.07084095713103207}