{"x": 0.06376188774900132, "y": 0.04882758587536641, "r": 0.05475458883435394, "b": -0.04866120420761603}