{"x": -0.13492786182431618, "y": -0.06948616562257627, "r": -0.03087450650529683, "b": 0.021103124387673727}