{"x": -0.07613141447280718, "y": 0.02155538797936855, "r": -0.15958713705918964, "b": -0.02055247246805336}