{"x": 0.05647365254509434, "y": 0.0271160859100233, "r": -0.0961720381796803, "b": -0.13586319395225457}