{"x": -0.06726996671792157, "y": 0.0161545370534147, "r": -0.14278637699736882, "b": -0.07063606334457587}