{"x": -0.059238854850050225, "y": -0.06958513742351785, "r": -0.10891711386836651, "b": -0.04946575444883068}