{"x": 0.15345449400923206, "y": 0.07405327684655674, "r": 0.05393020192812412, "b": -0.009391091878856698}