{"x": 0.01541384303704669, "y": -0.11661914179885292, "r": 0.15461971159468507, "b": 0.010531638202619984}