{"x": -0.009527863648724476, "y": -0.11426121104484566, "r": -0.029259329286943817, "b": -0.053970755510675046}