{"x": 0.11379746964641017, "y": 0.007786052862452326, "r": -0.02569408872288511, "b": -0.09748073794198538}