{"x": 0.012079951102806465, "y": -0.16775360681103407, "r": 0.030766176468777485, "b": -0.13165394169521705}