{"x": 0.15675064876406553, "y": 0.027803129414187385, "r": 0.013894807923798132, "b": -0.13228173975089874}