{"x": 0.13132158832818905, "y": 0.09856226245128358, "r": 0.05150174229381692, "b": 0.038638203529681794}