{"x": -0.04741415595746953, "y": 0.12727676926227774, "r": -0.01183979296588095, "b": 0.13931535127678477}