{"x": -0.04968813465552201, "y": -0.07525181390385834, "r": -0.09658811247954077, "b": -0.08424440448224119}