{"x": -0.026288144543737926, "y": -0.032797552112155993, "r": -0.030567001035289067, "b": -0.026369729641250693}