{"x": -0.05141092802849771, "y": -0.08810452741442083, "r": 0.03560094385537145, "b": 0.05727039799341446}