{"x": -0.031210209483760014, "y": -0.12197548601896192, "r": 0.07409264317957928, "b": 0.06450780215072432}