{"x": 0.12693664126697596, "y": -0.09060995651649771, "r": 0.07925308940789502, "b": -0.04502540262981897}