{"x": 0.08919319315783558, "y": 0.054576602094242484, "r": 0.11323404262855576, "b": 0.05602831517957902}