{"x": 0.027428834595371078, "y": 0.02919540301791217, "r": -0.12999754256802823, "b": -0.12360144874528603}