{"x": 0.07807342525626003, "y": 0.08922948598745817, "r": 0.096017026889609, "b": 0.06668669437402622}