{"x": 0.07075542671125033, "y": -0.10346297777562412, "r": 0.09689578564741726, "b": -0.07195015622722531}