{"x": -0.06906173342022226, "y": 0.022225496012933103, "r": 0.017504637294639424, "b": 0.011777012199682139}