{"x": -0.09333888837562915, "y": 0.03119592640996792, "r": -0.12002378393409882, "b": 0.03557427886558963}