{"x": 0.04257178285364688, "y": -0.06193764883996334, "r": 0.15428323648020653, "b": 0.0555942836013958}