{"x": -0.14165651131111384, "y": 0.02203703739051368, "r": -0.004171898467505741, "b": 0.1974378039955754}