{"x": 0.002865599389534714, "y": -0.001466063594755405, "r": -0.03466049641831766, "b": -0.02246900224909451}