{"x": 0.04465747906155358, "y": 0.07782177202657359, "r": 0.09118234080667303, "b": 0.08272348586137578}