{"x": 0.04211754989019248, "y": 0.00445725081023974, "r": -0.1301774782129607, "b": -0.13491769318337954}