{"x": 0.18903547880232882, "y": -0.000517409109183594, "r": 0.03992927381672264, "b": -0.10393804120811091}