{"x": 0.03197485866153445, "y": -0.06519770483420945, "r": 0.009923887490484874, "b": -0.03474134559833705}