{"x": -0.09385630441971146, "y": -0.032687551104196806, "r": -0.11711804858359429, "b": 0.02378443990221611}