{"x": 0.07815299372375896, "y": -0.04049114403895577, "r": -0.014656763790458842, "b": -0.05924455522780321}