{"x": -0.10278469899383592, "y": -0.17827431890047896, "r": 0.05374630797420914, "b": 0.030431019208981672}