{"x": -0.024619773854336963, "y": 0.1472245216327512, "r": -0.024146571280245145, "b": 0.13549683149252414}