{"x": -0.11866073438357605, "y": -0.09870886064989974, "r": -0.07478485905059884, "b": -0.05483298531692253}