{"x": -0.10789490504684952, "y": -0.1493934800718469, "r": 0.06296274256298982, "b": 0.0680323694315656}