{"x": -0.05571824690051744, "y": 0.08312998616316168, "r": -0.12576187196367267, "b": 0.07321285085885418}