{"x": 0.16014642904787277, "y": 0.0614286791966381, "r": 0.08424365699588206, "b": -0.035476302581443714}