{"x": -0.09461447291170846, "y": -0.05370668149352052, "r": 0.07370204136854938, "b": 0.010295858297428583}