{"x": 0.06913807350578724, "y": 0.05605450441185495, "r": -0.05848599694049285, "b": 0.013869313664135059}