{"x": -0.09994536273084374, "y": 0.035494267790698884, "r": 0.03501285187686289, "b": 0.15661152856172528}