{"x": 0.11017445322179299, "y": 0.06223503126034589, "r": 0.06516182698387021, "b": -0.08127405056738712}