{"x": 0.012025093791458776, "y": 0.0801443778601418, "r": 0.09007980014595049, "b": 0.1336978408883936}