{"x": 0.0028850068121262437, "y": 0.07550056444746842, "r": -0.12546609789449759, "b": -0.018182686469077964}