{"x": 0.06175658160991746, "y": 0.0007848959306707462, "r": -0.0024496057080158487, "b": -0.10064036348257203}