{"x": 0.13425315239356977, "y": -0.033359064968326024, "r": 0.11441189874321148, "b": -0.06515347406197199}