{"x": 0.001635943884585688, "y": -0.08919906564224987, "r": 0.00978754974702444, "b": -0.06098474125518488}