{"x": -0.013500977272490236, "y": 0.11800706854222329, "r": -0.09469764506349372, "b": 0.041620889401528686}