{"x": -0.03238217581827222, "y": 0.06342940502030374, "r": -0.13132051339025155, "b": -0.019418545722603785}