{"x": -0.0422692218469917, "y": -0.02920641067661019, "r": -0.09748586836449809, "b": -0.04684644654424437}