{"x": -0.07691379852192905, "y": -0.03402163284781031, "r": 0.03748039624798881, "b": 0.06678238881515818}