{"x": -0.02370735407259211, "y": -0.13382415729956867, "r": 0.010084125607819593, "b": -0.09435250465388068}