{"x": -0.0002514610836840917, "y": -0.14568907251228003, "r": 0.13151763821049708, "b": -0.004449102094299069}