{"x": -0.022400590949170067, "y": 0.039570018832335914, "r": -0.02682107712513707, "b": 0.07474644513800659}