{"x": 0.06814470644405646, "y": 0.10074465951658781, "r": -0.0029489476219371332, "b": -0.0057733890977368415}