{"x": 0.0833299986270589, "y": 0.06723264931318401, "r": -0.04666623988995184, "b": -0.011586897351886187}