{"x": -0.034990372454277406, "y": -0.16964501433934953, "r": 0.10535789913650953, "b": -0.02396801250748397}