{"x": -0.018335700088495447, "y": 0.049698916238234955, "r": -0.10790940321755599, "b": 0.018988982303415322}