{"x": 0.03315694715724255, "y": 0.10133471810989857, "r": -0.017717083023272635, "b": 0.02952408565395375}