{"x": 0.05557678636558586, "y": 0.13227332842428632, "r": -0.0006261855473261023, "b": 0.08396823959160105}