{"x": 0.003460719634752397, "y": -0.1378477796648573, "r": 0.05002922752325967, "b": -0.09127927177635065}