{"x": 0.04819180751703333, "y": -0.058484469505772164, "r": 0.15763993533171416, "b": 0.11053134302379086}