{"x": -0.09654204870616696, "y": -0.06970713498443004, "r": 0.05771358256603363, "b": 0.0583154137588569}