{"x": 0.02548089879474504, "y": -0.06479659935565377, "r": 0.04885087535546715, "b": -0.053906744460307035}