{"x": -0.12362683791504184, "y": -0.0035823162384892564, "r": -0.07432830926192882, "b": 0.0506194765672084}