{"x": 0.1464933865596336, "y": 0.003452432859160887, "r": 0.10722808470079685, "b": -0.047529145806274764}