{"x": 0.07747343612214737, "y": -0.012707661157765634, "r": -0.03285023600521429, "b": -0.10775791993109059}