{"x": -0.015925059671341755, "y": -0.020719331987698236, "r": -0.009139010919880113, "b": 0.019626251722145462}