{"x": 0.12495076530435445, "y": 0.08119228817861286, "r": 0.0260515798793408, "b": 0.017630389599677495}