{"x": -0.014298920844417697, "y": -0.1632706940907302, "r": 0.04901901687017533, "b": 0.004186629276322621}