{"x": 0.06819653939103458, "y": -0.024525017825001955, "r": -0.07742772321637612, "b": -0.13664434955427157}