{"x": 0.009021240692099652, "y": 0.041602638377150426, "r": 0.018347758458310773, "b": 0.11618733617134934}