{"x": 0.1257308839485581, "y": 0.1440111356676397, "r": 0.0004284669986238676, "b": -0.0005860809083989274}