{"x": 0.11177841913858225, "y": 0.07996752974494452, "r": 0.050187095174492845, "b": 0.11028221013488788}