{"x": -0.02854710143127895, "y": -0.18696982251448105, "r": 0.033642437720168436, "b": -0.11981678084363422}