{"x": -0.022228433049664785, "y": 0.1342432114917323, "r": -0.009836431401616767, "b": 0.1640153333397468}