{"x": 0.019442145815109557, "y": -0.008751824282361256, "r": -0.044217305712891716, "b": 0.004024687330208799}