{"x": -0.013600208977770869, "y": 0.025924781937861165, "r": -0.15008106536230909, "b": -0.10127092236479036}