{"x": -0.07203329542055673, "y": -0.08181351888638656, "r": -0.07900190002766826, "b": -0.08332590703529573}