{"x": 0.007230465075463623, "y": 0.024480505492692435, "r": 0.006769969586226072, "b": 0.06321763763132791}