{"x": -0.02053910265916131, "y": -0.039229205100634025, "r": 0.16254258724997714, "b": 0.1294246593218076}