{"x": 0.005542158717464476, "y": -0.11042328312797459, "r": 0.01092605843610269, "b": -0.11730016267419711}