{"x": 0.03483002582658941, "y": 0.14218101372483216, "r": -0.07668222781620622, "b": 0.02570514138730354}