{"x": -0.08210144520043311, "y": -0.02389967659243603, "r": -0.13430696712103507, "b": -0.0876636677579087}