{"x": 0.005319366213744901, "y": -0.1073055413937605, "r": 0.06436827996728518, "b": -0.05417310201873019}