{"x": 0.009018320455154905, "y": 0.050564210569839785, "r": -0.14214993262787837, "b": -0.08225092366093474}