{"x": 0.11402957163772626, "y": 0.08116110918458018, "r": 0.011452144841906504, "b": -0.038808227944654265}