{"x": 0.043793913327187343, "y": -0.08360114804716189, "r": 0.10866133014638973, "b": -0.013757715261515223}