{"x": -0.024110677195665384, "y": 0.11206144405295142, "r": 0.011325541050590993, "b": 0.1348703913449844}