{"x": 0.013392688995145534, "y": -0.008949164623232872, "r": -0.10689394813807192, "b": -0.14922928727614992}