{"x": 0.08798718830289184, "y": 0.024793108639147996, "r": -0.07019094515990838, "b": -0.07895688690098863}