{"x": -0.09570069337384564, "y": -0.05471291119480486, "r": 0.03101427858224966, "b": 0.11618696162231378}