{"x": 0.13880651198850122, "y": -0.01351600307856937, "r": 0.013642862668026378, "b": -0.13867965239904384}