{"x": 0.025695105378751193, "y": -0.16607722095857633, "r": 0.09824580217010474, "b": -0.05452468064753718}