{"x": -0.019473576467328512, "y": 0.06116242387496248, "r": -0.1692987370830275, "b": -0.033694535918475675}