{"x": -0.17187016098782718, "y": -0.07418512442305578, "r": 0.030737124839951467, "b": 0.08059118980929986}