{"x": 0.1730529376878535, "y": 0.07406317433641846, "r": 0.06003577588251553, "b": -0.02379188767072014}