{"x": -0.1100133669742145, "y": 0.08419191096421784, "r": -0.1294115529685487, "b": 0.027397893079837057}