{"x": 0.07066636078822941, "y": 0.058554189945693544, "r": -0.04180304685641988, "b": -0.14545424740376733}