{"x": 0.05344174218900377, "y": 0.0021858208576251543, "r": -0.06628950017304154, "b": -0.1175454215044206}