{"x": -0.10450810380514758, "y": -0.05566341502673857, "r": -0.0216130371639914, "b": 0.050645599001252685}