{"x": -0.0009117975952398092, "y": -0.014326852557359918, "r": -0.091997554385825, "b": -0.1991571277058669}