{"x": 0.023274248251780677, "y": 0.12685026497075935, "r": -0.09516761117410868, "b": 0.008408405544869988}