{"x": -0.10221072222206583, "y": 0.0506727861586062, "r": -0.0993997028863538, "b": 0.07139114512531308}