{"x": 0.005653396690341816, "y": -0.04781963248224931, "r": -0.07004946949049148, "b": -0.1347944149291706}