{"x": 0.1315505272299555, "y": 0.034464410741563575, "r": 0.1335992088923781, "b": 0.06849336947831884}