{"x": 0.061421781840288306, "y": 0.10685721380459329, "r": -0.0696005795683269, "b": 0.04677180248507072}