{"x": 0.009606095659402934, "y": -0.07152131151114914, "r": -0.01111129495879617, "b": -0.012297264628792914}