{"x": -0.023883338817863795, "y": -0.13088353048828041, "r": 0.1704537654643526, "b": 0.037107902375945905}