{"x": -0.022794130331109705, "y": 0.08869983112124107, "r": -0.011461435851393927, "b": 0.08769920005852058}