{"x": 0.10929651053994552, "y": 0.030333937979087844, "r": -0.05399149636059626, "b": -0.1185899145334804}