{"x": 0.13064696322644753, "y": 0.08577867577075077, "r": -0.025880940444996798, "b": -0.06167963546705317}