{"x": 0.09511163130385329, "y": 0.100084764668287, "r": -0.034594635779402104, "b": -0.014080542898597954}