{"x": 0.11464735064762688, "y": 0.06731446093389126, "r": -0.027221509305082024, "b": -0.040424183221482196}