{"x": -0.1065787730856584, "y": -0.07864437928885205, "r": -0.06648769998866662, "b": -0.003883603755293876}