{"x": 0.023782024950175788, "y": 0.09661009629936085, "r": -0.0998074541692677, "b": 0.0022343012092692406}