{"x": 0.0810379642308506, "y": 0.06352370637210955, "r": 0.026532617158128158, "b": 0.013436558612130917}