{"x": -0.030604090429218172, "y": 0.11243239071120241, "r": -0.10052594722795515, "b": 0.04762085338060478}