{"x": -0.11622504190228244, "y": -0.07964090431684474, "r": 0.018884985811221715, "b": 0.106677094571705}