{"x": 0.03642022861485263, "y": -0.08100773566007334, "r": -0.034825433010075804, "b": -0.15225339728500178}