{"x": 0.05608213688850334, "y": -0.17057815931112308, "r": 0.11582736579131137, "b": -0.007043449227112551}