{"x": -0.017952791822635848, "y": 0.062426042318643744, "r": -0.1186004360078875, "b": -0.07399129783651268}