{"x": -0.05301123924013943, "y": 0.02348885689828896, "r": -0.054985806134671154, "b": 0.053366165528399526}