{"x": 0.06315249127899075, "y": -0.00839424596287693, "r": -0.01782840993389276, "b": -0.08937514717576063}