{"x": 0.0671177894366514, "y": -0.08125987359246242, "r": -0.0027203347619050933, "b": -0.1325873136954678}