{"x": -0.08854179107969598, "y": -0.09191855389950065, "r": 0.019832772729423985, "b": -0.09786064913795824}