{"x": 0.11926890656936964, "y": 0.06642108940007714, "r": 0.031894383909266, "b": 0.05354660570649539}