{"x": 0.0806082152739581, "y": 0.04665058676475857, "r": -0.0545237331141884, "b": -0.08372933936178481}