{"x": -0.042257702894267495, "y": 0.045864688170063304, "r": -0.2008003410141402, "b": -0.03026717739453932}