{"x": -0.07734329755936016, "y": -0.06304821944491597, "r": -0.14342189102509725, "b": -0.07419025958510818}