{"x": -0.08490373058271031, "y": 0.03305878319736946, "r": -0.06986302321532496, "b": 0.06829930563674257}