{"x": 0.13969553589617306, "y": 0.14786876341195943, "r": -0.0038686156696453923, "b": -0.012292982115761755}