{"x": 0.09846319639289977, "y": 0.11420383032470847, "r": 0.00016052502049983063, "b": -0.07709901395547084}