{"x": 0.12360755238702804, "y": 0.08564489649461632, "r": 0.02415441128587189, "b": -0.0041249450484872625}