{"x": 0.019992135964241698, "y": -0.062017784198306496, "r": 0.06224455474931188, "b": -0.03247576076427376}