{"x": 0.03365795984506445, "y": -0.022907251402666955, "r": -0.07414836827150692, "b": -0.09522860393296478}