{"x": 0.07633262802740777, "y": -0.015587947607325259, "r": 0.1823993609142219, "b": 0.06608025440698563}