{"x": -0.0013511219399821993, "y": 0.09906354296723503, "r": -0.010061874519414095, "b": 0.052549386884476385}