{"x": 0.044645661266689174, "y": 0.07217254943408472, "r": 0.12335552037037174, "b": 0.13772741025601426}