{"x": 0.10042302327400277, "y": 0.13227066114749267, "r": 0.027232503078789643, "b": 0.059080140952279266}