{"x": 0.09345856417680955, "y": -0.013857102103890325, "r": 0.12921240757179653, "b": 0.12333655069576051}