{"x": 0.17070602753031705, "y": 0.043489515329235104, "r": 0.05870307294412143, "b": -0.03369002571132114}