{"x": 0.05299718417952352, "y": -0.023127455844749713, "r": -0.014331220035090832, "b": -0.05388050336189796}