{"x": 0.13963840434107663, "y": 0.04419028192929395, "r": 0.033658977672831304, "b": -0.07911512484228048}