{"x": -0.029323319454313684, "y": 0.005190138898604636, "r": -0.11328990805223256, "b": -0.07449591973949143}