{"x": 0.002854706785096965, "y": -0.10972753111030215, "r": -0.025458736630322654, "b": -0.11703153546443355}