{"x": -0.09052545725473639, "y": -0.04618418665253439, "r": 0.022026096803111166, "b": 0.1318115764675395}