{"x": -0.04707986009208724, "y": 0.04648484618903297, "r": -0.16345158232382553, "b": -0.06988687604270531}