{"x": 0.010321757515404675, "y": -0.05979488958508733, "r": 0.20300855259314918, "b": 0.10578538742270843}