{"x": -0.034712489621532894, "y": -0.18538520869122832, "r": 0.04201895671084345, "b": -0.04816323166602185}