{"x": -0.0074502690742693535, "y": 0.1031896177242191, "r": -0.09328903320868615, "b": 0.027180544298034383}