{"x": -0.12823698997886457, "y": 0.049269545885296265, "r": -0.06744725854853972, "b": 0.1281924351178489}