{"x": 0.12891322599760682, "y": 0.01954921550448073, "r": 0.13843752179176896, "b": 0.0832761580526935}