{"x": -0.18195321385118032, "y": -0.0348094278869448, "r": -0.09561802172232788, "b": 0.026836328057160987}