{"x": -0.11812035523099004, "y": -0.10305298229356881, "r": 0.0012136852551868963, "b": -0.009158351818441338}