{"x": -0.06062605113181836, "y": 0.009303153152138411, "r": 0.030361433763129258, "b": 0.10029063804708616}