{"x": 0.10462445427752146, "y": -0.014194517015916152, "r": 0.017565574984264726, "b": -0.09143682511877779}