{"x": -0.06586567710940938, "y": 0.014649140059943644, "r": -0.12500474010205895, "b": -0.06272366202199527}