{"x": 0.06252867639271857, "y": -0.06741900184884696, "r": -0.0003722994398692169, "b": -0.09624364952989248}