{"x": -0.01932367024248594, "y": -0.004302371120981106, "r": -0.09682642475185174, "b": -0.17695058144328266}