{"x": 0.0042140445813887845, "y": -0.12336219492744264, "r": 0.20686965688755238, "b": -0.04474729599814795}