{"x": 0.11685225924105888, "y": -0.030099869508591972, "r": 0.10215844270155924, "b": 0.03563947178541862}