{"x": 0.016349365757869255, "y": 0.11636900689085353, "r": -0.1279600102810102, "b": -0.03837562065974742}