{"x": 0.03208049074355478, "y": 0.0626004160477785, "r": -0.06240716237317614, "b": -0.05008849027263616}