{"x": 0.12416840838048418, "y": 0.06449771529995596, "r": -0.048596933640167976, "b": -0.07582705189797667}