{"x": 0.04116163179452101, "y": 0.02628157751197515, "r": -0.014348662032791693, "b": -0.04074688346378557}