{"x": 0.107854789887271, "y": 0.014716943629022277, "r": 0.0009040206283640265, "b": -0.07292465307332027}