{"x": 0.08611334488861153, "y": 0.03570207910017739, "r": 0.09412033025077036, "b": 0.04370906446233623}