{"x": 0.028895217191104557, "y": 0.08213830002901301, "r": -0.024532313430611387, "b": 0.010366341706166958}