{"x": 0.15456095881083468, "y": 0.02298553495040858, "r": 0.018747213527946387, "b": -0.10878995680576424}