{"x": 0.08362111289268767, "y": 0.08637132167442772, "r": -0.04767184641332146, "b": -0.0794724858410015}