{"x": -0.008114167911889247, "y": 0.08850828356885221, "r": -0.01738212297114312, "b": 0.1348994321579542}