{"x": 0.1320703598109315, "y": 0.12938086704636045, "r": -0.018604405370614405, "b": -0.02129389813518537}