{"x": 0.09221914493417462, "y": 0.07777460441618672, "r": -0.003065764434416623, "b": -0.0013546783339856564}