{"x": 0.04959945075147312, "y": -0.07399151877787861, "r": 0.1211071536853007, "b": -0.11299806323184479}