{"x": -0.011784541010832731, "y": 0.1269389234837659, "r": -0.12151601123396734, "b": -4.581282031537834e-05}