{"x": -0.051886426744439725, "y": 0.0565481997941456, "r": 0.0592855908864498, "b": 0.17382555818124878}