{"x": 0.00906371904304608, "y": 0.1406638847467929, "r": -0.009296262394829922, "b": 0.08486847887222572}