{"x": 0.01515243561250941, "y": -0.16684631508999284, "r": 0.08027212789364586, "b": -0.09281348730859529}