{"x": 0.06351670275725542, "y": 0.048630054756529435, "r": 0.07162503192278588, "b": -0.03327128832486246}