{"x": 0.01001890495395256, "y": -0.14597711876947353, "r": 0.14706418518195288, "b": -0.02096406372907109}