{"x": 0.014920305674616198, "y": -0.04436493296866307, "r": 0.060705888817908366, "b": -0.019600165566944005}