{"x": -0.009320031657974938, "y": 0.08875766040509836, "r": -0.031062317900594587, "b": 0.1195392782568347}