{"x": -0.004768553419251835, "y": -0.012744515285642436, "r": -0.15104733444624868, "b": -0.13177687443052216}