{"x": -0.001615405314043151, "y": 0.04882259339073379, "r": -0.10260598824937496, "b": -0.06313151902099642}