{"x": -0.10939293816767368, "y": -0.10129564972736155, "r": -0.09749360727637969, "b": -0.023971793131889085}