{"x": -0.01833928771083872, "y": -0.03437480515578427, "r": 0.17145980704543337, "b": 0.16538076738087437}