{"x": 0.07965910700121223, "y": 0.09239034050739016, "r": 0.016401538641375946, "b": 0.017709083956820176}