{"x": 0.025153550588355417, "y": -0.1169646730597832, "r": 0.1028795281396788, "b": -0.05238169523469548}