{"x": 0.0714061457095406, "y": 0.04644153347380977, "r": 0.13329175164624676, "b": 0.11416167570687182}