{"x": 0.12652922852160267, "y": 0.10863234857085037, "r": 0.02769152579531218, "b": 0.03983338908701688}