{"x": 0.10848144078818509, "y": -0.008255240248295846, "r": -0.010966750531274926, "b": -0.123588703489809}