{"x": -0.017682770760257524, "y": -0.061716087788065296, "r": 0.09933069602329891, "b": 0.14648215179414842}