{"x": -0.041072334133035515, "y": 0.10869099829769521, "r": -0.1434032311952413, "b": 0.041562811154617886}