{"x": -0.017853493304616445, "y": 0.06260214974101445, "r": -0.17400999455541816, "b": -0.059992394173171426}