{"x": 0.08544882379697134, "y": -0.0011257277706913879, "r": 0.03864360691307001, "b": -0.004929676243340147}