{"x": -0.10887486274169195, "y": -0.011712730712667537, "r": -0.11451036589044228, "b": -0.029474630164481895}