{"x": 0.09744681673283785, "y": 0.021238706501071587, "r": 0.03436343231011248, "b": 0.01873182739584242}