{"x": 0.18878942047447356, "y": -0.011877201950231751, "r": 0.033953686851889694, "b": -0.08393911566987279}