{"x": -0.11128825794265214, "y": 0.027507271793398888, "r": -0.13554106312920483, "b": 0.034395334526424286}