{"x": -0.03611933418269699, "y": -0.10084340520020686, "r": 0.10347966730115754, "b": 0.13178408620069682}