{"x": 0.08638936134357407, "y": -0.0065927672860368845, "r": -0.053527733910917884, "b": -0.11230201973815068}