{"x": -0.1366579587749096, "y": 0.029937319940044328, "r": -0.07266336222145232, "b": 0.12788919085159065}