{"x": 0.05656493921525779, "y": -0.14101150567783177, "r": 0.14401596489231366, "b": -0.017312112478207367}