{"x": 0.15217324806484817, "y": 0.08440002370255874, "r": 0.015076757487110577, "b": -0.06321968040471863}