{"x": 0.0713295701836871, "y": 0.029585896686152153, "r": 0.08779778922682678, "b": 0.08301659642176963}