{"x": 0.06102660383119962, "y": 0.05049302119917425, "r": -0.09434741972408466, "b": -0.04284632612005746}