{"x": -0.008986240098582128, "y": -0.02788344941959691, "r": 0.10974354188891475, "b": 0.1566539668024586}