{"x": -0.07035816682174316, "y": -0.11565298082290025, "r": 0.02838088758577512, "b": -0.005099527980892529}