{"x": 0.028458502459724783, "y": 0.09027725944867672, "r": 0.09367718053578201, "b": 0.06038712698222884}