{"x": 0.04399739319225967, "y": 0.07905649278222916, "r": -0.06510529407866378, "b": -0.040910795863439126}