{"x": 0.1783316823013166, "y": -0.020446194440148138, "r": 0.07872654719956837, "b": -0.06708692572435274}