{"x": 0.041319608423163845, "y": 0.001937055793110495, "r": -0.0327348677570806, "b": -0.10742890222771785}