{"x": -0.05498295998833203, "y": 0.002415190457988961, "r": -0.11554389949924283, "b": -0.007706067952837932}