{"x": -0.017750998536718316, "y": 0.05069583903357691, "r": 0.06887665733076526, "b": 0.22602779333922185}