{"x": 0.06798491515470634, "y": -0.01776883326217183, "r": 0.13813034479744044, "b": 0.03932604236052971}