{"x": 0.000923330123718921, "y": -0.007587083084149794, "r": -0.11506154495000254, "b": -0.13435263041306977}