{"x": -0.013671713405876298, "y": -0.02495052284528688, "r": -0.06376691856594745, "b": 0.017986184891336028}