{"x": 0.07906037563151275, "y": 0.12651415793208234, "r": 0.05659534702423368, "b": 0.09212797113708783}