{"x": 0.02562580805240371, "y": 0.08872727882138484, "r": 0.013968276857995895, "b": 0.132594605425044}