{"x": -0.10539852759974705, "y": 0.007387973663710637, "r": -0.18015451314304662, "b": 0.000587763193502656}