{"x": -0.11233319840590796, "y": 0.07341400774617136, "r": -0.07209409099218525, "b": 0.11909939320918123}