{"x": -0.03333550987320934, "y": 0.1062720877026326, "r": -0.13321189772666506, "b": 0.04219607078682353}