{"x": 0.014463352581802823, "y": 0.1466233189666846, "r": 0.006435809202070697, "b": 0.09914232560773728}