{"x": 0.1686581803126492, "y": 0.11309582717995091, "r": 0.040690979154732236, "b": -0.010079984973338507}