{"x": -0.07111246073798815, "y": -0.04982532286059649, "r": 0.10860534770945687, "b": 0.008217554670744335}