{"x": -0.1296346417983445, "y": 0.015516151168106607, "r": -0.05981548023281023, "b": 0.09093646017639236}