{"x": -0.03727773713850227, "y": -0.0030445651960130404, "r": -0.08823412448267995, "b": -0.054000952540190716}