{"x": -0.04877651612428928, "y": -0.22064199721932168, "r": 0.09208092993891372, "b": -0.012675289622989102}