{"x": 0.02205558288849638, "y": 0.07799638207238563, "r": 0.02430424183656126, "b": 0.12545926623615222}