{"x": 0.008207719229690835, "y": -0.027738499084681734, "r": -0.01995405963071021, "b": 0.006934089801011491}