{"x": 0.1454939888077306, "y": -0.004927416158839433, "r": 0.025529273276424135, "b": -0.1356242693056183}