{"x": -0.004438373841316377, "y": -0.10893820822441641, "r": -0.048889487525992786, "b": -0.08320776528706215}