{"x": -0.06170580298734405, "y": -0.02879242092176532, "r": -0.08898863614662109, "b": -0.0679376585547097}