{"x": -0.046932796601087914, "y": 0.052931210715302816, "r": -0.13852918485857718, "b": 0.002315436521385639}