{"x": 0.0924026854040302, "y": 0.00856086080940505, "r": -0.0442994648707447, "b": -0.1241071873638501}