{"x": -0.08642495004494566, "y": 0.053359751300138106, "r": -0.013920540010902368, "b": 0.16161430833531618}