{"x": -0.035322340918100936, "y": 0.09736808805812752, "r": -0.07046488360793304, "b": 0.08142668879735403}