{"x": -0.07894355189581308, "y": 0.016505969764052247, "r": -0.06848764094563321, "b": 0.10944807752649137}