{"x": -0.017318519170503355, "y": 0.07129708010092864, "r": -0.07585824566406982, "b": 0.06330555621173445}