{"x": 0.06499235350605613, "y": -0.09528658419316195, "r": 0.09269269154925168, "b": -0.08011917710171268}