{"x": -0.03344839974763319, "y": -0.090611134779634, "r": -0.061343514604735874, "b": -0.13036118726043056}