{"x": 0.01545419290495737, "y": 0.10213366770312067, "r": -0.14994694088932514, "b": -0.018456788710987982}