{"x": -0.03282576425887801, "y": -0.059527668400482604, "r": -0.08454153485802259, "b": -0.09496388141334619}