{"x": 0.11231469609166563, "y": 0.11912346773681735, "r": 0.04680591956333745, "b": 0.042218456775907215}