{"x": 0.08507230922232999, "y": -0.0899221954876166, "r": 0.17368513535277716, "b": -0.012829081802994963}