{"x": 0.04999277552867091, "y": -0.04348838067555515, "r": -0.0773411119133711, "b": -0.1239677117386464}