{"x": -0.053361491933893015, "y": -0.12165627115850196, "r": 0.04245193989232364, "b": -0.0319647020799178}