{"x": -0.08384517845139931, "y": 0.021672048220907528, "r": -0.012034375708169964, "b": 0.07193891523060446}