{"x": -0.04756802589186892, "y": 0.06862637527979568, "r": -0.09585402085699396, "b": 0.0018963104496538723}