{"x": -0.015381633241956447, "y": -0.15233493950371357, "r": 0.049112761738772034, "b": -0.08784054452298509}