{"x": 0.1300798117700412, "y": -0.00474395635105326, "r": -0.01808989789798379, "b": -0.0903498593845264}