{"x": -0.004999753405444453, "y": 0.036086509068747684, "r": 0.05204527771044981, "b": 0.10197710529858195}