{"x": -0.00761489078888283, "y": 0.09490047098818653, "r": -0.04325757027400161, "b": 0.022481453008856185}