{"x": 0.060373509319532545, "y": 0.04635766247506357, "r": -0.07344700172045245, "b": -0.08746284856492142}