{"x": 0.06275943570380306, "y": -0.05619000736853322, "r": 0.09955771151132901, "b": 0.027381122986700673}