{"x": -0.022740788879554708, "y": -0.04939868005922388, "r": -0.036306450452471294, "b": -0.06296434163214025}