{"x": 0.05980689820229093, "y": 0.02612174141366098, "r": 0.06307150592908715, "b": 0.03463904342174994}