{"x": 0.14347748153595444, "y": -0.020497680030336557, "r": -0.003976489250818913, "b": -0.15272761458115944}