{"x": -0.03496151538277096, "y": 0.007657053007263175, "r": -0.13059253837715118, "b": -0.10550050054924162}