{"x": 0.0018329261809076902, "y": 0.1024850754094363, "r": -0.010387467623837163, "b": 0.09488047415700585}