{"x": 0.12252644029554303, "y": 0.14897289298985145, "r": -0.03055441602843032, "b": -0.004107963334122071}