{"x": 0.018127454644412604, "y": -0.0656012353723336, "r": -0.026219779836528, "b": -0.1216027718717987}