{"x": 0.06475905087927247, "y": 0.05091823994783413, "r": -0.09657747148125122, "b": -0.10140039555635111}