{"x": 0.09976770087547261, "y": 0.10638542097074462, "r": -0.059408007415017144, "b": -0.05279028731974513}