{"x": 0.0542424871208942, "y": -0.038384538714786164, "r": -0.0030432922305174146, "b": -0.07528730789001209}