{"x": -0.13883651586840043, "y": -0.18380118113004584, "r": 0.014999630585113688, "b": -0.042174940988209106}