{"x": -9.758158792745909e-05, "y": -0.1259611930313702, "r": -0.03275456422018805, "b": -0.06387839561215132}