{"x": 0.022370827822944462, "y": 0.08557383144550718, "r": -0.11599099450610167, "b": -0.035640962472176685}