{"x": -0.03564583360466059, "y": 0.0924775604254907, "r": -0.11473495939422575, "b": -0.08159340440820002}