{"x": 0.12537807588170052, "y": -0.000258406477157794, "r": 0.02655273896860921, "b": -0.08939369324952966}