{"x": 0.03377488252349669, "y": 0.09542149218122724, "r": -0.09041620801579309, "b": -0.03945019481489994}