{"x": -0.1680605422966221, "y": -0.05286695914313009, "r": -0.12667033159880278, "b": 0.0064011950859820055}