{"x": 0.17687127578116005, "y": 0.008688444872559445, "r": 0.06654871450707193, "b": -0.05165223782142097}