{"x": 0.08618510885399908, "y": -0.023709774580452283, "r": 0.013666983198950818, "b": -0.06250128662295684}