{"x": 0.10097387054550748, "y": 0.024547006889763086, "r": 0.09397083833042243, "b": 0.07595556101496784}