{"x": 0.007339401081459725, "y": 0.034160872635562806, "r": -0.11918083173486133, "b": -0.04546111764740635}