{"x": -0.09908992347809899, "y": -0.09416207717460137, "r": -0.03024006009575992, "b": 0.06194083627976554}