{"x": -0.026292671276669725, "y": -0.05240804561425119, "r": -0.06715406817354408, "b": -0.05512188443316033}