{"x": 0.17984698282131104, "y": 0.08819012378582117, "r": 0.017211593898029877, "b": -0.025188523309418193}