{"x": 0.14434660040603745, "y": 0.016262087637842614, "r": 0.13715430878180357, "b": 0.02679850509174742}