{"x": 0.026139885303630147, "y": -0.06374409040069036, "r": 0.09488680689720187, "b": -0.019286871570608908}