{"x": -0.08754756540137648, "y": 0.05237705376341394, "r": -0.16804474458923072, "b": 0.025968275799802983}