{"x": 0.03812085179701143, "y": 0.0031839604517275976, "r": -0.12152420614621157, "b": -0.1611558178381813}