{"x": 0.011304124456489414, "y": 0.03801337390210096, "r": -0.13039858458472953, "b": -0.08901758657572002}