{"x": 0.024909345152590884, "y": 0.0015121408479027265, "r": 0.05706266882359526, "b": -0.07278981101666734}