{"x": 0.12735552114294665, "y": 0.13804312905332164, "r": -0.015040942727839046, "b": -0.004353334817464156}