{"x": -0.02419793962236903, "y": 0.05357160807371359, "r": -0.019719376293261065, "b": 0.11198190634666627}