{"x": -0.015028605856442117, "y": 0.09113224762514907, "r": -0.057426676151892266, "b": 0.05903097227275861}