{"x": 0.0850868700671548, "y": -0.04734903717230098, "r": 0.17741447130557053, "b": 0.0015337162895868515}