{"x": -0.02488572118501439, "y": 0.034516904185251114, "r": -0.11793031442402764, "b": -0.05852768905376214}