{"x": 0.10887629895969149, "y": 0.11267072254094739, "r": 0.0032011487188321605, "b": -0.003910828306731285}