{"x": 0.04544003569034794, "y": -0.09671459845540986, "r": 0.19607059988621858, "b": 0.030787713193810195}