{"x": 0.025948205268746544, "y": 0.11612812003288978, "r": -0.07843133608717219, "b": 0.016669570207982987}