{"x": -0.07757471916025041, "y": -0.1760124113037713, "r": -0.03729492488913131, "b": -0.059327886379971134}