{"x": -0.05505981767810597, "y": -0.019860009892637493, "r": 0.006595316655765522, "b": 0.04675612974185972}