{"x": 0.01416496776170358, "y": 0.06496306125911862, "r": 0.0726976089950101, "b": 0.16559643254147674}