{"x": 0.1576070762028137, "y": 0.059263083513544444, "r": 0.0497546681232315, "b": -0.05946917324799406}