{"x": 0.1570939245093493, "y": 0.09128499005851212, "r": 0.016376391604058727, "b": -0.018185907679698125}