{"x": 0.09292188771527805, "y": -0.017241747215138943, "r": 0.06192746149429003, "b": 0.006202341944716405}