{"x": -0.014342165809153259, "y": 0.05066727327217278, "r": -0.1267499801790997, "b": -0.05686366095694918}