{"x": -0.07007788946798715, "y": 0.03564422112623657, "r": 0.02818713119628538, "b": 0.1956095238503005}