{"x": -0.043078176845632234, "y": -0.10373313204497822, "r": 0.11601744165922248, "b": 0.03206408206781874}