{"x": -0.029014806302109834, "y": 0.0616317832241473, "r": 0.055210878842239734, "b": 0.10450987868078862}