{"x": 0.021092889585273746, "y": 0.13439202187032342, "r": -0.12554883196580108, "b": -0.029402629900830233}