{"x": 0.04502568318824014, "y": -0.060514134345341544, "r": 0.15517360527412036, "b": -0.06486577373020234}