{"x": -0.035482837930458026, "y": -0.012960360577894568, "r": 0.03849727672807527, "b": -0.034871327585301745}