{"x": -0.05520100469633466, "y": -0.09154895303435699, "r": 0.018490296192661137, "b": 0.0004960453057329424}