{"x": -0.117315268749657, "y": -0.009647602668065084, "r": -0.09367630729436958, "b": -0.09158575382924182}