{"x": -0.11184133204343064, "y": -0.03638678041020253, "r": -0.02692653004735529, "b": 0.13709249521820532}