{"x": 0.0831090307364993, "y": 0.1270345180194577, "r": -0.02109927487380822, "b": 0.005465908254311165}