{"x": 0.054744178322661506, "y": -0.05440617615048608, "r": 0.01579098351304444, "b": -0.022774012386796598}