{"x": -0.027296759658335574, "y": -0.06808493135553324, "r": 0.12068798205384922, "b": 0.06589999643333222}