{"x": -0.007241160414415669, "y": -0.13462273143149892, "r": 0.01558918760723936, "b": -0.09143755061339215}