{"x": 0.10898117243326186, "y": 0.04261865236439113, "r": -0.007887622377052601, "b": -0.09373097785451902}