{"x": -0.07716274903215288, "y": -0.03415757382054659, "r": -0.041493884659933235, "b": -0.004274569025825375}