{"x": 0.0209878235977049, "y": 0.004953524831641029, "r": -0.08359896535649078, "b": -0.11698623332886851}