{"x": -0.00357294403312029, "y": -0.05452470238972563, "r": -0.0009544723953894998, "b": 0.02994017509598319}