{"x": -0.01187639138481411, "y": -0.09627333914737117, "r": 0.12065733324713186, "b": 0.014312057487831667}