{"x": 0.09240553174315067, "y": -0.06569814502801004, "r": 0.17046290758479435, "b": 0.012359230813633253}