{"x": 0.08598082694691538, "y": 0.04579430177926881, "r": 0.02533653083234781, "b": -0.014849994335298752}