{"x": 0.004033221575676143, "y": 0.08179689051084009, "r": 0.0812707292921494, "b": 0.16495328563234965}