{"x": -0.011326899579141793, "y": 0.07705871880912028, "r": -0.08725194958503951, "b": 0.053047991836599084}