{"x": -0.039898410232705676, "y": 0.09269371267154967, "r": -0.1446328374451153, "b": 0.007316378924817932}