{"x": 0.02953499643993322, "y": -0.037877076295554486, "r": 0.14131581051300526, "b": 0.0739037377775173}