{"x": 0.05205148851982332, "y": 0.0948153836574062, "r": 0.09380102428444836, "b": 0.12386065679075607}