{"x": 0.0716689822637551, "y": 0.07538630073080832, "r": 0.09326236829174517, "b": 0.05802061695264622}