{"x": 0.004502899217182324, "y": -0.0784025850675601, "r": -0.08639004878253147, "b": -0.16453581028193207}