{"x": -0.010215825873434269, "y": -0.03168074913034233, "r": -0.07010591849675378, "b": -0.05470378656241946}