{"x": 0.04170845792286006, "y": 0.10247921738232615, "r": 0.02440350934373131, "b": 0.06612979106248348}