{"x": 0.07735118818655863, "y": 0.07100227170336984, "r": -0.01714822862402458, "b": -0.015919734369226814}