{"x": 0.02764010623821377, "y": 0.12355355563140087, "r": -0.038456913068588186, "b": 0.07604167026874267}