{"x": 0.019367299583619636, "y": 0.054626178764893084, "r": -0.07886303988600288, "b": -0.054601351686807756}