{"x": 0.004954736025107768, "y": -0.08152330718139439, "r": 0.13345137394741935, "b": 0.08800957211991034}