{"x": 0.005134504431803234, "y": 0.09367361703505674, "r": -0.059277887371827036, "b": 0.03363312994262434}