{"x": -0.025184044451849553, "y": -0.04126789559596939, "r": 0.17385895926108386, "b": 0.14315263246192825}