{"x": -0.04946671085836485, "y": 0.020975018394610856, "r": 0.024948533408852117, "b": 0.10041089464438553}