{"x": -0.014938788638149398, "y": 0.06600381484737024, "r": -0.12225032240879119, "b": -0.006300328090747698}