{"x": 0.17155072443419292, "y": 0.07796680842640126, "r": 0.026981160907630457, "b": -0.03305646347375188}