{"x": -0.056837099747394426, "y": 0.03602202547534141, "r": -0.10163068126706477, "b": 0.029219608327047508}