{"x": 0.031047343182356534, "y": -0.08560572418786605, "r": -0.013398389990353069, "b": -0.12205518734528452}