{"x": -0.0038624506858301873, "y": 0.13827942379869984, "r": -0.12078406489619753, "b": 0.0018781393135611998}