{"x": -0.09499187795547337, "y": 0.0017438849099819145, "r": -0.10599293013342982, "b": -0.021318130046292145}