{"x": 0.0974898218984726, "y": -0.0484981022800905, "r": -0.023853182085728782, "b": -0.16524080785583176}