{"x": 0.01612349725355971, "y": 0.03986018961127151, "r": 0.05853599897232615, "b": -0.025240705708220353}