{"x": -0.041472426046308866, "y": -0.17888962379893725, "r": 0.009389063622948023, "b": -0.12311756642094553}