{"x": 0.024267173906119467, "y": 0.07173593820291518, "r": 0.07169011889358988, "b": 0.1868801942887134}