{"x": -0.12953126792343583, "y": 0.05502192780500792, "r": -0.04079033800937712, "b": 0.14974495074057245}