{"x": 0.02986245799226211, "y": -0.018007584471501158, "r": 0.1223164432880071, "b": 0.16362631799124344}