{"x": 0.14442575089448245, "y": 0.02249746486053558, "r": 0.1429346148735265, "b": -0.018707091886859612}