{"x": -0.020208013524953574, "y": 0.12493920653192686, "r": -0.13620574822117976, "b": -0.0018390435948336865}