{"x": 0.036041221507580705, "y": 0.037415559402293234, "r": -0.1078777536319674, "b": -0.05115334947472565}