{"x": -0.03757166750681671, "y": -0.030874042639213253, "r": 0.05637023957322893, "b": 0.09798090402849341}