{"x": -0.03382279907197498, "y": 0.07345562945337887, "r": -0.12360604041793628, "b": -0.01156207912475949}