{"x": -0.03035681870015182, "y": 0.13501504103065307, "r": -0.1013636208126635, "b": 0.043515741905917386}