{"x": -0.03180756945672859, "y": 0.011937390009819457, "r": -0.15459482007127423, "b": -0.12154757706064635}