{"x": 0.08603675992962607, "y": 0.02274252838876321, "r": -0.03904837938851131, "b": -0.04577483976459836}