{"x": -0.07393671368871103, "y": -0.19866007740546765, "r": 0.04185783272067904, "b": 0.008219738098566506}