{"x": 0.06339843783102106, "y": 0.015466258199428455, "r": -0.0669957839443472, "b": -0.13411044397795374}