{"x": 0.018139070343053273, "y": 0.1304753039964387, "r": -0.12932528953650366, "b": 0.016443714317683444}