{"x": -0.04517191775429827, "y": -0.0032252919196143134, "r": -0.14741469711503347, "b": -0.09581476783261524}