{"x": 0.11809180681727108, "y": -0.008749864641518104, "r": -0.053183258256700644, "b": -0.11915812658532955}