{"x": -0.08876045058540806, "y": 0.03545902747907127, "r": -0.08632860868499678, "b": 0.05783976175560985}