{"x": -0.04897743773196272, "y": -0.09569918201976456, "r": -0.028379554514202824, "b": -0.16622610980359037}