{"x": 0.006178197890510401, "y": 0.0809316423309262, "r": -0.08577093184659532, "b": 0.02994721350793601}