{"x": 0.11600813587701528, "y": 0.030619259343081025, "r": 0.006966321119257138, "b": -0.0429867185016334}