{"x": 0.05693829246707761, "y": 0.0018370300395696604, "r": -0.05594718146239973, "b": -0.11600439096292736}