{"x": 0.042912708861654825, "y": -0.00322965049234161, "r": -0.0835948454886454, "b": -0.10062078998765185}