{"x": 0.013966049498442686, "y": -0.07719941932865056, "r": -0.059312700688601894, "b": -0.10072132388815391}