{"x": -0.08305938612613323, "y": -0.08270302272418403, "r": 0.06756735670644122, "b": 0.09280213616963486}