{"x": -0.06847014844038808, "y": -0.05865283877540233, "r": 0.0792599073478901, "b": 0.09868165262616593}