{"x": 0.0548249225050795, "y": 0.030920022375464866, "r": -0.08534428966720517, "b": -0.11405271375116459}