{"x": 0.05087604559503486, "y": 0.04185655087657093, "r": -0.10595901531015121, "b": -0.09992199325906416}