{"x": 0.015208348935577314, "y": 0.10762621092523209, "r": -0.07045076130207596, "b": 0.11151595071585016}