{"x": -0.12703548180619395, "y": 0.02924545245151692, "r": -0.10715044044417721, "b": 0.04913049381353366}