{"x": -0.047408840206134735, "y": 0.010617633753735617, "r": -0.007672988657974982, "b": 0.06153344069488633}