{"x": 0.06839236978011552, "y": 0.10907171898991533, "r": -0.028105354675542805, "b": -0.0680958514964878}