{"x": -0.05772199757801009, "y": 0.001435606982046148, "r": -0.04564918323477555, "b": -0.008816714285231843}