{"x": 0.013719054593526339, "y": -0.005188821895542494, "r": 0.07312787235297152, "b": 0.041300376135129734}