{"x": -0.0904588400349478, "y": 0.019720632187453686, "r": -0.14202720942924554, "b": -0.0015786426130450647}