{"x": 0.12433911582126954, "y": -0.059224173344744745, "r": 0.17803983254216377, "b": -0.00552345662384974}