{"x": 0.09433816331282298, "y": 0.08300048642022713, "r": -0.02365390193678319, "b": -0.07007143987058789}