{"x": -0.024236878522205085, "y": -0.014223256897129955, "r": -0.07610689256814801, "b": -0.07765583174739066}