{"x": -0.13341565558524332, "y": 0.004857032940754361, "r": -0.021489787520667283, "b": 0.002099963940374126}