{"x": 0.03814729214179665, "y": 0.03824538212336086, "r": -0.08790380662897904, "b": -0.0022127830218720023}