{"x": 0.03082194407185938, "y": -0.12238705661318586, "r": 0.07468886151454143, "b": -0.0559500436582296}