{"x": -0.07414748607042512, "y": -0.008456200668826191, "r": -0.1841453357234928, "b": -0.06091080784256634}