{"x": -0.08095627573030593, "y": -0.01580782702049176, "r": -0.13045725198394337, "b": -0.1015566474000498}