{"x": -0.045314926432917374, "y": 0.09440757773112018, "r": -0.07996931969735376, "b": 0.0806255219096149}