{"x": 0.0050125432561805945, "y": -0.18106989096254178, "r": -0.0315629438180844, "b": -0.12328936903892507}