{"x": -0.037618722062155524, "y": 0.005848159050581982, "r": -0.0329134039595008, "b": -7.832515472849482e-05}