{"x": 0.01666304862263197, "y": 0.0524664250960209, "r": -0.06603173278824456, "b": -0.1248383115953478}