{"x": -0.051096342085257915, "y": -0.03571549755227258, "r": 0.037950737442548406, "b": 0.040050520030071875}