{"x": 0.019942549721989188, "y": 0.04486262125089677, "r": -0.023958853661440495, "b": 0.0357284395626151}