{"x": -0.06677371590835919, "y": -0.10014239402360114, "r": 0.0006144960075028577, "b": 0.054379549477229235}