{"x": 0.07639145476362715, "y": -0.05609168446776098, "r": 0.002637607002149751, "b": -0.16668486782963415}