{"x": -0.03939011529074567, "y": 0.13147811359912345, "r": -0.06923509838907278, "b": 0.11821697694355997}