{"x": 0.021253937863141906, "y": -0.14574313005282788, "r": 0.11963040491194674, "b": -0.06076149796803203}