{"x": 0.10130325581096687, "y": 0.14403879464440364, "r": -0.015017039140571144, "b": 0.0325738826876369}