{"x": 0.0643300286703631, "y": 0.0911446949808817, "r": -0.07378018223233689, "b": -0.031574626830795066}