{"x": -0.021362453788066584, "y": -0.0025008525014191094, "r": 0.11841856886141636, "b": 0.11137605599693923}