{"x": 0.0560467826422315, "y": 0.05650757873134411, "r": -0.10369919458190896, "b": -0.10323839849279615}