{"x": 0.11169730068321047, "y": -0.07187881485158329, "r": 0.14925930707698323, "b": -0.01188303534659384}