{"x": 0.10117290114819104, "y": -0.06421145299063272, "r": -0.012327694785149198, "b": -0.14941951475163273}