{"x": 0.11005955861927959, "y": 0.032298033189184575, "r": 0.09577473980039876, "b": -0.019577618810331824}