{"x": -0.1147059170735999, "y": -0.1861654253383286, "r": 0.0535467110099025, "b": 0.0029488568180934703}