{"x": 0.011026663577666884, "y": -0.04966564445280365, "r": -0.057941718255295024, "b": -0.10010603388443197}