{"x": -0.057284112023131134, "y": -0.19335227772355434, "r": 0.034465035200017265, "b": -0.06676007261030546}