{"x": 0.153674430040075, "y": 0.1114460220532779, "r": -0.012641004419027876, "b": -0.03827867478312094}