{"x": 0.13644489437941607, "y": 0.07002862430374397, "r": 0.050097549366017215, "b": -0.02598700277300566}