{"x": 0.016266451484052136, "y": -0.11241517379811548, "r": 0.11390521270739247, "b": 0.003986643172632975}