{"x": 0.034570880492079244, "y": 0.012410096105208032, "r": -0.02119077889064105, "b": 0.007345797292543025}