{"x": 0.08210772408778098, "y": -0.05010721727062324, "r": 0.02802926824660862, "b": -0.11572130169909839}