{"x": 0.005143215928092401, "y": 0.009373218325912877, "r": 0.14555145569123884, "b": 0.17014589094197263}