{"x": 0.055269491335734756, "y": 0.10259519637284642, "r": 0.026835822927465405, "b": 0.1094912127497309}