{"x": -0.08143664179135951, "y": -0.019651089044582282, "r": -0.03786863831333892, "b": 0.06186484183263906}