{"x": -0.10856175105691394, "y": 0.050958243622920917, "r": -0.1408680491983995, "b": 0.006850802775843735}