{"x": -0.05248863771956638, "y": -0.10826827484989562, "r": 0.07478610332378798, "b": 0.024908428188450127}