{"x": -0.06672756491834632, "y": 0.009853570577705823, "r": -0.1530901749099113, "b": -0.09487361006729457}