{"x": -0.020791511948557835, "y": 0.008498963459811515, "r": -0.14795852791807895, "b": -0.10374783056047053}