{"x": 0.12720367621412357, "y": 0.006106744704396287, "r": 0.06524957993453334, "b": -0.1396014501216591}