{"x": -0.006563090118746265, "y": 0.029713472174150723, "r": -0.11439334516602612, "b": -0.03786852370232972}