{"x": 0.03156774866002522, "y": -0.04965135889237024, "r": 0.05318691784983949, "b": -0.11924818695164614}