{"x": 0.03975781039855267, "y": -0.1091825606526783, "r": 0.10191820989455364, "b": -0.059975336760287094}