{"x": 0.08189116588432664, "y": 0.1316659819360322, "r": 0.025981213404424795, "b": 0.0801676651922051}