{"x": -0.03045990983021683, "y": 0.07252553018677568, "r": -0.15649458287957957, "b": -0.07278778978061581}