{"x": 0.07481724497924257, "y": 0.10125155897593109, "r": -0.016781075705521335, "b": 0.06308863119206344}