{"x": 0.13016556137891463, "y": 0.12689640384953485, "r": -0.008548836535056855, "b": 0.005322017917374875}