{"x": 0.16207781955580194, "y": 0.10031984982635692, "r": 0.06652360454072352, "b": -0.006264191834879082}