{"x": 0.13469215889084732, "y": 0.16487170772320692, "r": -0.0012631335020787011, "b": 0.03344020961094621}