{"x": -0.0114154575955071, "y": 0.028022188197850025, "r": -0.08702740031997268, "b": 0.0203031536348632}