{"x": -0.08719682255751064, "y": -0.09782331984207845, "r": -0.02608483754672838, "b": -0.049651724892404055}