{"x": 0.011406793661045345, "y": 0.11592201595159561, "r": -0.07123255275061928, "b": 0.08253693281984296}