{"x": 0.08152602242527086, "y": -0.010948865383584055, "r": -0.05910795096069309, "b": -0.12033316507449214}