{"x": -0.024253591764903455, "y": -0.1554592212154919, "r": 0.09472265003457063, "b": 0.007398441831020378}