{"x": 0.04608041050733556, "y": -0.014105660959090417, "r": -0.031057175653130716, "b": -0.061790191358720506}