{"x": -0.02214682701115917, "y": 0.021385613539309397, "r": -0.03634996360070499, "b": 0.02849700372620583}