{"x": -0.09975917842885083, "y": 0.0333503609830449, "r": -0.03904553412623181, "b": -0.0006425700984984898}