{"x": 0.09774861669420974, "y": 0.10869869447782997, "r": -0.05550854196568002, "b": 0.010187840214930473}