{"x": -0.09685816045818522, "y": 0.022391147304930043, "r": -0.12869599242561192, "b": 0.0098202241540725}