{"x": -0.11163594599552275, "y": -0.002106210275681441, "r": -0.16704583071748585, "b": -0.04129995567956689}