{"x": 0.11532480858504343, "y": 0.02070886005394568, "r": 0.08520163131633403, "b": -0.04798896357339461}