{"x": 0.10205552917587865, "y": 0.04410183790902217, "r": -0.05578189698857979, "b": -0.08024048588697699}