{"x": 0.03501167023999647, "y": -0.12522508329627638, "r": 0.14606788936884552, "b": 0.004905062341222434}