{"x": 0.08966582215088031, "y": 0.13435625719821914, "r": -0.028640746426126917, "b": 0.0052973297014198475}