{"x": 0.07095070129474408, "y": -0.018437149158813254, "r": -0.059077538217750004, "b": -0.09221721450185612}