{"x": -0.08362625048171987, "y": 0.012923148255966865, "r": -0.17037190963624002, "b": -0.05564829516033503}