{"x": 0.002449451903351927, "y": 0.058857664095738026, "r": -0.10029045528104345, "b": 0.014130262912351572}