{"x": 0.04374512713739175, "y": 0.0161571268236556, "r": -0.10875697064589271, "b": -0.12925293830509516}