{"x": 0.04227086933739942, "y": 0.06812911512198641, "r": -0.014172076200785528, "b": 0.00017937623670616004}