{"x": 0.033198693429724604, "y": -0.06629113778877252, "r": 0.18886590584872107, "b": 0.09477638870694893}