{"x": -0.024184861004431457, "y": 0.03487723492727989, "r": -0.1088723037986475, "b": -0.059496055033134425}