{"x": 0.10261151088711637, "y": 0.08761190935458509, "r": -0.002696309993159936, "b": 0.0016487842390595705}