{"x": 0.09262118360588906, "y": -0.00040095676104505255, "r": -0.06414183003783924, "b": -0.14274966294569214}