{"x": 0.12302528247722572, "y": -0.005249454378360765, "r": 0.09420069233285418, "b": -0.03407404452273185}