{"x": 0.04210247421997782, "y": -0.10193604798403594, "r": 0.21536663285123764, "b": 0.026584985953658883}