{"x": 0.05938586674290586, "y": -0.08551427775215889, "r": -0.023475875847556584, "b": -0.17349969775831706}