{"x": 0.07281182327296547, "y": 0.1376555700374723, "r": -0.042936563815042975, "b": 0.001810555383282249}