{"x": 0.040856766339231305, "y": 0.04774198737640901, "r": -0.046194359332973174, "b": -0.03930913829579565}