{"x": -0.08401773352051731, "y": 0.071443042186618, "r": -0.16435547571131137, "b": -0.027380373527978716}