{"x": -0.18750163967248118, "y": -0.08234855167290842, "r": -0.041694536776432, "b": -0.05471886297690078}