{"x": 0.052723725916040305, "y": -0.01714740845498618, "r": 0.14788708008181853, "b": 0.08313353147792123}