{"x": -0.01564372027417484, "y": -0.10948152070612993, "r": 0.0853995424222783, "b": -0.03272597703974561}