{"x": 0.12265608680796988, "y": 0.16971490309130846, "r": -0.0035529244838653565, "b": 0.010183354094500826}