{"x": -0.13819560897484928, "y": -0.05339695866084167, "r": -0.037091926314549994, "b": 0.13759273891050205}