{"x": 0.09488225227667653, "y": 0.06341975157384765, "r": -0.05728190536804281, "b": -0.060483211325695674}