{"x": 0.10860926246506104, "y": 0.03908026034744577, "r": 0.006815719409325943, "b": -0.08252666043500105}