{"x": 0.03220217909588402, "y": 0.07580090357461212, "r": 0.017995312936760294, "b": 0.05116236404151058}