{"x": -0.14292911953645127, "y": -0.10699992888782357, "r": -0.04615378064140712, "b": 0.0015686932211461389}