{"x": 0.14915738488158176, "y": 0.1291926594482377, "r": 0.04151882430049586, "b": 0.010671642288872362}