{"x": 0.021890505616479573, "y": -0.0843208309905621, "r": 0.12250512337557758, "b": -0.09722251909899439}