{"x": -0.02234702805734813, "y": 0.05453174106502258, "r": -0.10389745934589355, "b": -0.0635479344336375}