{"x": -0.10051431546515804, "y": -0.08305212457878337, "r": -0.024405355886721887, "b": 0.004627899081140987}