{"x": 0.0012567391067903478, "y": 0.164382913554417, "r": -0.09478814988817215, "b": 0.057314181742320475}