{"x": 0.05013661163801372, "y": 0.06402032466627458, "r": -0.11626619870932389, "b": -0.09341907503963634}