{"x": 0.05411164541131198, "y": 0.005201076194064849, "r": 0.006603229994577963, "b": -0.08019052724586724}