{"x": -0.01755015067931509, "y": 0.11954549789073038, "r": -0.020677534108011725, "b": 0.13345867201026132}