{"x": -0.19447054351985654, "y": -0.1158971925306948, "r": -0.03699860616600918, "b": 0.02932636453369307}