{"x": 0.016803180607104607, "y": -0.031384240179578984, "r": -0.06697191473384034, "b": -0.12633280996758559}