{"x": 0.05329972750265887, "y": 0.06802170045616783, "r": 0.00332175951062585, "b": -0.0010521877772312325}