{"x": 0.020836955009186153, "y": -0.1003229538801328, "r": -0.04152944727973764, "b": -0.10753443865664035}