{"x": 0.12274033025333583, "y": 0.05783381431960908, "r": 0.015398407787540185, "b": -0.0674509840765224}