{"x": -0.0005905885469441732, "y": -0.1731699880370437, "r": 0.12479056203231852, "b": 0.012634311566608927}