{"x": 0.12016700797501452, "y": 0.05593726995507391, "r": -0.005707232358209644, "b": -0.06585227056662367}