{"x": 0.1415178992891649, "y": 0.027183447156649863, "r": -0.017503942551632883, "b": -0.09389953040628915}