{"x": 0.027215282890230588, "y": 0.016524077867798193, "r": 0.02780430754477257, "b": -0.021044953502621054}