{"x": 0.05324280637204475, "y": 0.0712896444961416, "r": -0.07733764731589007, "b": -0.04442893660526183}