{"x": -0.021521682820840486, "y": 0.1339949154589226, "r": -0.06352891796426875, "b": 0.12256191749176788}