{"x": 0.015013894934538105, "y": 0.09505049250014444, "r": -0.0909714168996219, "b": 0.02939667035767628}