{"x": -0.1145665180785594, "y": 0.02394898466049583, "r": -0.041620344703250656, "b": 0.10279046668072457}