{"x": -0.1054341971821084, "y": -0.018667650472817463, "r": -0.06379381462212375, "b": 0.043701893929157576}