{"x": 0.12390537929989817, "y": -0.03762189034926911, "r": 0.0581285998384533, "b": -0.1147916359148427}