{"x": -0.10673257036939078, "y": -0.08052868921619648, "r": -0.091573408271131, "b": -0.04516735473787213}