{"x": -0.02391892085896759, "y": -0.19151039396380218, "r": 0.12145388928098419, "b": -0.03382174715567847}