{"x": -0.015372775639943449, "y": 0.034960638801500035, "r": -0.04655771492350577, "b": 0.01419306576220048}