{"x": -0.015190996717293587, "y": 0.11632373606788733, "r": -0.11409990651284715, "b": 0.07567502607003504}