{"x": 0.09907766407768076, "y": 0.07260083763017355, "r": -0.05844240631901555, "b": -0.08029022216430637}