{"x": -0.11184994230397062, "y": -0.03340584419384575, "r": -0.03286929027074467, "b": -0.05076275037787212}