{"x": 0.0014787850288360328, "y": -0.03302594527404237, "r": -0.07665731348226511, "b": -0.0953360540600122}