{"x": 0.11867163828138999, "y": 0.016934174826624838, "r": -0.0623833265107562, "b": -0.11117175751673804}