{"x": -0.05387470237793669, "y": 0.021510609802465202, "r": -0.1444860249806898, "b": -0.05355560720375377}