{"x": 0.005403661292375686, "y": 0.05359693146534404, "r": -0.1480634844499362, "b": -0.08302378931661543}