{"x": -0.11720483605793183, "y": 0.020221424919574602, "r": -0.044228745235933425, "b": 0.05052233031115262}