{"x": 0.08169258912436222, "y": 0.0704490578022999, "r": -0.08729296091676723, "b": -0.08199889124462319}