{"x": -0.011488310360378812, "y": 0.10041100628249132, "r": -0.1085975595060597, "b": 0.008028933842853983}