{"x": 0.06587328353852702, "y": -0.07741465044487511, "r": 0.15023747575069443, "b": -0.01769509896480241}