{"x": 0.03511303769005599, "y": -0.017271207591447617, "r": 0.03798365487538141, "b": 0.04194045550316575}