{"x": -0.012244386839259873, "y": 0.03985153931148749, "r": -0.08414731167908804, "b": 0.04371164101534682}