{"x": -0.03203870240970686, "y": -0.008048630754593304, "r": -0.07665587951445925, "b": -0.017924614299519158}