{"x": 0.029327071780769976, "y": 0.0868401488365357, "r": -0.1158486221242442, "b": -0.019772042537878096}