{"x": -0.12922424131964183, "y": 0.021775109748284324, "r": -0.061926189210212146, "b": 0.0940605359329911}