{"x": 0.1292863780196618, "y": 0.10531423579283865, "r": -0.025056558682636055, "b": -0.02084013213286915}