{"x": -0.021030598560752616, "y": 0.1144586842071465, "r": -0.011124170504820625, "b": 0.11204918021361661}