{"x": 1.1454788908319899e-05, "y": -0.07265709040282933, "r": -0.0963504243826011, "b": -0.1361594015442124}