{"x": -0.047967886118732, "y": -0.041458325724571865, "r": -0.1011822700590615, "b": -0.11619056457534842}