{"x": -0.03995822032484548, "y": -0.08638819973647574, "r": -0.011951315567611913, "b": -0.07091796454945307}