{"x": 0.0184469676230383, "y": -0.05683824321723513, "r": 0.010450832588802228, "b": -0.0601988461721918}