{"x": 0.08820265734756078, "y": -0.012852364612687912, "r": -0.004594925952954013, "b": -0.12626818465637282}