{"x": -0.06875106045988794, "y": 0.07496739534745744, "r": -0.15359416691009223, "b": -0.02103616102408524}