{"x": -0.02190190740708484, "y": 0.04553015193138615, "r": -0.14665357172108265, "b": -0.0898952725739049}