{"x": 0.13809975821104623, "y": 0.0943530114839673, "r": -0.024294494409838416, "b": -0.034727376184338875}