{"x": 0.13705106791352414, "y": 0.15684393830032511, "r": 0.0026978593881565563, "b": 0.037288110825806305}