{"x": 0.010532516138565415, "y": 0.14621863980454639, "r": -0.0814359734302199, "b": 0.04917734850150849}