{"x": 0.018148052421265843, "y": -0.07336233921437783, "r": -0.07232985010979462, "b": -0.14574029950724995}