{"x": -0.037486305910418564, "y": -0.0004450014835142107, "r": -0.018802234995591673, "b": 0.10139695277129855}