{"x": 0.0875021583574304, "y": 0.054419202588262286, "r": 0.005265025931671766, "b": -0.048676176827820015}