{"x": -0.06517860356471289, "y": 0.0016461847393858802, "r": -0.16649379302773187, "b": -0.09546954299215188}