{"x": 0.1453271540342975, "y": 0.028712149460056065, "r": 0.13705931835311086, "b": 0.025636628775303594}