{"x": -0.033002396275635996, "y": 0.10198867894767011, "r": -0.04960542681964163, "b": 0.10294630857252152}