{"x": -0.07395889132053775, "y": -0.03550534884608827, "r": -0.018040091690366328, "b": 0.05561074410509011}