{"x": -0.07445327527125406, "y": 0.0016213967227338543, "r": -0.012499341972953373, "b": 0.12059299086926545}