{"x": -0.008739108417271609, "y": -0.07713535334730628, "r": 0.03086850340061697, "b": -0.048528880278813996}