{"x": 0.004005896381917995, "y": 0.06312695579673894, "r": -0.10517269951433682, "b": 0.041193755147758394}