{"x": 0.08901928487657854, "y": -0.08327288427548635, "r": 0.03153404737205048, "b": -0.1328709689557845}