{"x": -0.005958193937106084, "y": 0.15345629758358237, "r": -0.14904871117785523, "b": 0.010365780342833236}