{"x": 0.09372013081285004, "y": -0.009248745108972885, "r": -0.00882360545483514, "b": -0.05900093645122835}