{"x": 0.10784830128927747, "y": 0.0880090654183946, "r": 0.010237687244666213, "b": 0.031107746980793348}