{"x": 0.10313222448643947, "y": 0.15252706370425842, "r": -0.05185124203203268, "b": 0.015814224936738234}