{"x": 0.02158085105898216, "y": 0.004723960618968851, "r": -0.01804841448725108, "b": 0.0027562925022950914}