{"x": -0.0010208271663995569, "y": 0.12244078886553435, "r": -0.07613769781862949, "b": 0.03604485566028341}