{"x": -0.06631741921136379, "y": -0.15333090780805902, "r": -7.967741183290024e-05, "b": -0.10009606529876633}