{"x": 0.1191439985298879, "y": -0.06951423081549525, "r": 0.1591187592385139, "b": -0.011762123769969659}