{"x": 0.07647949020612338, "y": 0.17034575317346734, "r": -0.01030299469566171, "b": -0.010625085303469964}