{"x": -0.06757089272891442, "y": -0.04134180999646292, "r": 0.024959243367186575, "b": 0.05690837916820404}