{"x": 0.04031036655648049, "y": 0.1838573904689034, "r": -0.06746008067443869, "b": 0.04206123995441759}