{"x": 0.1845693014161764, "y": 0.027814469867347917, "r": 0.03164366676030535, "b": -0.07752271729728041}