{"x": 0.11990676541840294, "y": 0.048206537635762874, "r": 0.0562665754934292, "b": 0.039646336538731855}