{"x": 0.048773971836746595, "y": 0.08227353882515848, "r": -0.10592214033000469, "b": -0.04544478968734041}