{"x": -0.03265561287395359, "y": -0.017050596515400585, "r": 0.05922590243327048, "b": 0.11122696930206429}