{"x": 0.14411837506019126, "y": 0.02472925381300149, "r": 0.04511952367217981, "b": -0.02126953000959887}