{"x": 0.11753380371476298, "y": 0.014780592903123283, "r": -0.008328181410201323, "b": -0.12174161191543954}