{"x": 0.171180624208054, "y": 0.010180672928024074, "r": 0.05569968087354474, "b": -0.09789843729631371}