{"x": 0.030633919741599114, "y": 0.053396525792922, "r": -0.05921087210820906, "b": -0.03168305554301032}