{"x": -0.006274139123467277, "y": 0.00936306308325284, "r": -0.128680201072054, "b": -0.07345229489308967}