{"x": 0.13881352762291063, "y": -0.025998940505944118, "r": 0.160202483475132, "b": 0.01284965561725538}