{"x": 0.006703052068213647, "y": 0.12426891543406635, "r": -0.04999439784992142, "b": 0.07197942135743532}