{"x": -0.05144689370727523, "y": 0.012199013085529412, "r": -0.1626668430106102, "b": -0.1098597173238619}