{"x": 0.11741572735922208, "y": -0.04701397231679893, "r": 0.10009269493521297, "b": -0.06982682020212642}