{"x": 0.13486445773071074, "y": 0.07139997885008438, "r": 0.06010167900650433, "b": -0.003362799874122308}