{"x": 0.040579286328931194, "y": 0.1349961416607262, "r": -0.02866634161348562, "b": 0.028731873920564605}