{"x": -0.08896681028677807, "y": -0.15212783161250307, "r": -0.020053303111792105, "b": -0.025822995193222554}