{"x": 0.0030493586570886364, "y": -0.19072318925143636, "r": 0.0523760343862947, "b": -0.03862740610545274}