{"x": 0.023664363801378454, "y": 0.05213385804315468, "r": -0.11165311865108057, "b": -0.06597601211980061}