{"x": -0.01785956080876686, "y": 0.0329674513448836, "r": -0.12451324509649002, "b": -0.057733620162264}