{"x": 0.048251165743101045, "y": 0.027326259159033955, "r": 0.0255291192168899, "b": 0.04347322214598487}