{"x": 0.09432783637074535, "y": -0.08541882140218904, "r": 0.014406081980901576, "b": -0.11594040153108483}