{"x": 0.093321156100573, "y": 0.09156634045408746, "r": -0.023706156584220955, "b": -0.0103026428347373}