{"x": 0.1367444455373577, "y": 0.0001940940718834034, "r": 0.02717410412409871, "b": -0.059352109218525524}