{"x": -0.08738025499224208, "y": -0.11595460260808212, "r": 0.08580997586219005, "b": -0.06376605475657347}