{"x": -0.03172596826329007, "y": 0.017896376570305454, "r": 0.029561234491612645, "b": 0.11305444749823698}