{"x": 0.036087034589690585, "y": 0.010015540076159287, "r": 0.04269748734286435, "b": 0.09879827468673515}