{"x": 0.029600365216852855, "y": 0.13106981140494978, "r": -0.12299035998812438, "b": -0.040780215499914334}