{"x": -0.013920589332880828, "y": -0.038562673441871184, "r": -0.05044510287924236, "b": -0.04433796933545702}