{"x": -0.0978288641488073, "y": -0.1250177906689685, "r": -0.09579834041280638, "b": -0.04118885683206939}