{"x": -0.043194137892479854, "y": 0.02779368321840354, "r": -0.03925407828793561, "b": 0.026125139138006202}