{"x": -0.0729260914661606, "y": 0.08504202574686381, "r": -0.1568639239840404, "b": -0.010067296618358897}