{"x": -0.10385701348568242, "y": -0.11806297640996145, "r": 0.03443184483453153, "b": -0.0018339796851010578}