{"x": 0.054233233585029156, "y": -0.03309181595968193, "r": -0.06544076116961636, "b": -0.10330929356571203}