{"x": 0.024535793567235176, "y": -0.0368154588746936, "r": 0.06138567006530106, "b": -0.005758039787231432}