{"x": 0.08165549672140182, "y": 0.030710385832584633, "r": 0.042216791972907494, "b": -0.020442481053123168}