{"x": 0.02935568422311535, "y": 0.004268322557933868, "r": 0.06769101370896519, "b": -0.05010485951745289}