{"x": 0.1034127732161206, "y": -0.008713057283328305, "r": 0.05949269289433451, "b": -0.015139807421655025}