{"x": 0.15652518392891981, "y": 0.1410176209188396, "r": 0.009009823257154041, "b": -0.00251416667195284}