{"x": 0.11675465055184236, "y": 0.1173483258748929, "r": -0.039861412666642934, "b": -0.006193857469807511}