{"x": 0.07599587876255687, "y": 0.09926992900378336, "r": -0.060007089797247226, "b": 0.047885226409771886}