{"x": 0.03723209288393124, "y": 0.007150533690714002, "r": -0.10916015724872778, "b": -0.14965156705008334}