{"x": -0.029679807853071984, "y": -0.028898824956699497, "r": -0.1337694348141417, "b": -0.150351056046431}