{"x": -0.12078859054477582, "y": -0.13342021608507978, "r": 0.045333504888929996, "b": 0.05352548819565649}