{"x": 0.08441137293483239, "y": 0.05500474032696351, "r": -0.04433856299220961, "b": -0.07374519560007807}