{"x": -0.07273167208793356, "y": 0.015833986903137892, "r": 0.05278746794644888, "b": 0.18228109566604422}