{"x": 0.06608800660210877, "y": 0.0254591540115238, "r": -0.017793609993725878, "b": -0.04019125097427722}