{"x": 0.0979384559392925, "y": -0.05828304113827458, "r": 0.027857916969639237, "b": -0.12836358010792773}