{"x": -0.022111804651362844, "y": 0.006981950766632273, "r": -0.09360628966228736, "b": -0.07583577223196329}