{"x": 0.04432337217038486, "y": 0.019890886187724263, "r": -0.07493812462953246, "b": -0.11011132406585314}