{"x": 0.0626211521956092, "y": 0.07245931895352849, "r": -0.0746448567981448, "b": -0.08214807679412031}