{"x": 0.05945652945539331, "y": -0.08844278753871256, "r": 0.054893803379586124, "b": 0.004485765790427455}