{"x": 0.06089725102018033, "y": -0.10549623610188502, "r": 0.09118482125554037, "b": -0.052932177861436114}