{"x": 0.12807247569248, "y": 0.05119183241385612, "r": 0.016283964699916716, "b": -0.012907471115220634}