{"x": 0.11582911307298012, "y": 0.039370413875203736, "r": 0.019707583058243907, "b": -0.07491952759652293}