{"x": 0.017373467993087147, "y": -0.12326283034755271, "r": 0.0947022877946, "b": -0.05907216688508269}