{"x": -0.0842314061812648, "y": -0.10115718053852715, "r": 0.014150706403661005, "b": -0.0027750679536020337}