{"x": -0.00834533199113402, "y": -0.10824030505869021, "r": -0.049001707455113445, "b": -0.11827933080343493}