{"x": 0.05234469002024367, "y": -0.07340723271855118, "r": 0.18521223614164906, "b": 0.04564485552332486}