{"x": -0.022884426477911314, "y": 0.018769742326240926, "r": 0.11310001502706463, "b": 0.16070174635218457}