{"x": 0.045469564830152666, "y": 0.05898296182970389, "r": 0.0039057323653305903, "b": 0.005730883419330236}