{"x": -0.10700408013343177, "y": -0.07104928258771091, "r": -0.07655480901382872, "b": -0.006251702430787761}