{"x": -0.13069279279260732, "y": -0.0279358795268306, "r": 0.04538534314490885, "b": 0.12450249488430373}