{"x": 0.036618794221931296, "y": -0.040933134214485294, "r": 0.07439229030755613, "b": 0.015372031444097134}