{"x": 0.021073987494870203, "y": 0.03838836934574588, "r": -0.11666847736154508, "b": -0.048633064031635004}