{"x": 0.048143511433538594, "y": 0.11885385056255025, "r": -0.03544866908571804, "b": 0.07170970831809563}