{"x": 0.07246731352528947, "y": -0.06102946226661541, "r": -0.04644910653107555, "b": -0.13263938138640943}