{"x": 0.09295424753334039, "y": 0.09454491037352321, "r": 0.06277444878941515, "b": 0.1188493925990407}