{"x": 0.044624854355460895, "y": 0.0041160236747924345, "r": -0.027538564876009447, "b": -0.04798606408060159}