{"x": -0.018999968058838385, "y": -0.19296279733070051, "r": 0.1460758187038692, "b": -0.004701422771720129}