{"x": -0.04739120980596873, "y": -0.07545051030893149, "r": -0.044277393615384464, "b": -0.0845697894377446}