{"x": 0.037922837522065364, "y": 0.13771678634561235, "r": -0.06473741146845466, "b": -0.05749419929610963}