{"x": 0.03478883849658857, "y": 0.06777865593425268, "r": -0.1304850932057322, "b": -0.08322645408776576}