{"x": -0.008514410689367232, "y": 0.032546729002447095, "r": -0.059033229228650924, "b": -0.017972089536836346}