{"x": -0.01311253871440265, "y": 0.06509991282346798, "r": -0.11725418734965477, "b": 0.011287385051403954}