{"x": 0.08575509752305595, "y": 0.0179356168188467, "r": 0.02101429993877915, "b": -0.041666393938970626}