{"x": 0.05483546756252423, "y": 0.0004611503290404034, "r": -0.02050771565998221, "b": -0.059075933461372125}