{"x": -0.14782934217521942, "y": -0.10724054884641665, "r": 0.049777121915153204, "b": 0.044694482291357016}