{"x": 0.013648686271420856, "y": 0.161070305873593, "r": -0.029464111094940498, "b": 0.1527534067848185}