{"x": 0.12233446101770398, "y": 0.03168752961211827, "r": 0.0037790949650013473, "b": -0.09761716124482023}