{"x": 0.03237674509354591, "y": 0.15505238924849754, "r": -0.05796493753171566, "b": 0.053617312508910456}