{"x": 0.004480456988333569, "y": 0.004894485351378926, "r": -0.014299909678669575, "b": -0.035530432050910915}