{"x": -0.04617123810166868, "y": 0.0480593728917634, "r": -0.06538490704929696, "b": 0.006555105511126672}