{"x": 0.06902809610991131, "y": -0.0878972965327334, "r": 0.044944908669007085, "b": -0.13159690231653456}