{"x": 0.05181857093038559, "y": -0.041364606135508145, "r": 0.1036484352602566, "b": -0.012736871165854646}