{"x": 0.1526548412390984, "y": 0.09335452560836784, "r": 0.04383009004033368, "b": 0.05727877431174479}