{"x": 0.005851097570867365, "y": 0.028045608905166705, "r": 0.10054569862534282, "b": 0.19351787813126742}