{"x": 0.040560865675607544, "y": 0.004670232026168546, "r": 0.028745604508011474, "b": 0.009747017676220406}