{"x": -0.07835359777018323, "y": -0.1070962719802721, "r": -0.0742017798962665, "b": -0.0857794657666303}