{"x": -0.054146254742503064, "y": 0.03434629750398615, "r": -0.11993229579594993, "b": 0.028962021037601825}