{"x": 0.06717145106370404, "y": 0.01798558648029477, "r": 0.0637574354357926, "b": 0.07055954750250067}