{"x": -0.09932440384018476, "y": -0.11538428483301742, "r": -0.04615342444885047, "b": 0.023759835733119856}