{"x": -0.03341287399228171, "y": 0.044814805011440424, "r": -0.05845125233529522, "b": 0.0637596577206218}