{"x": 0.17069096067050585, "y": 0.047271218954308754, "r": 0.03042805534414541, "b": -0.03740523628539395}