{"x": 0.07194170582239935, "y": 0.09847173099666705, "r": -0.06629998264142334, "b": -0.021137345325832887}