{"x": 0.05149240770313387, "y": 0.1062073776343169, "r": -0.1103864304310604, "b": -0.008586001968090062}