{"x": -0.08198482427337284, "y": 0.059204014887451, "r": -0.12361174114516339, "b": 0.005889621392145062}