{"x": -0.07771897622257799, "y": -0.015569969788303314, "r": 0.02615251998908364, "b": 0.0943667544245213}