{"x": -0.04406430378880188, "y": 0.03995426729641663, "r": -0.14733244847653082, "b": -0.04791933910268964}