{"x": 0.011953967743330454, "y": -0.12744978692676437, "r": 0.02763466252188812, "b": -0.11744328597378523}