{"x": 0.07676319898224855, "y": 0.12962069308651708, "r": -0.04239653299505262, "b": -0.0002809933788657805}