{"x": -0.035505925929230915, "y": 0.06284004628054835, "r": -0.1232764582797307, "b": -0.04326675677647407}