{"x": -0.014804946535931524, "y": 0.04789660054710561, "r": -0.03300538100914846, "b": 0.02421125229999603}