{"x": -0.006838646927596538, "y": 0.08282167646194727, "r": -0.0059262113728271275, "b": 0.1374743770129459}