{"x": 0.050391572413803536, "y": 0.039489328153007645, "r": 0.07951778854184571, "b": 0.07968141757274855}