{"x": -0.12597114277070673, "y": 0.05261582556134323, "r": -0.09394825201193159, "b": 0.10235584749194282}