{"x": 0.03379549831204425, "y": -0.012737484726330468, "r": 0.14048813794433082, "b": 0.15612889870552277}