{"x": 0.08375638169136025, "y": 0.06384091515360042, "r": 0.03236416733469288, "b": 0.028733812996818587}