{"x": 0.08044259836401628, "y": 0.04050136298875972, "r": 0.1097830165992459, "b": 0.028902105498724528}