{"x": 0.07745732184715537, "y": 0.03977492412360187, "r": -0.036493169607277026, "b": -0.038934961877313365}