{"x": -0.02395381529760436, "y": 0.04813363904784141, "r": -0.06118166966994698, "b": 0.04299818952975404}