{"x": 0.1706011830221627, "y": 0.08856461744676668, "r": 0.058165178544116534, "b": -0.008022029968387268}