{"x": 0.06776117583221783, "y": 0.1406746835235375, "r": 0.01189705444027738, "b": 0.14034796675560055}