{"x": 0.0343626674784673, "y": 0.042436870370733654, "r": 0.07445899355352109, "b": 0.14371533327373331}