{"x": 0.11533716645901906, "y": 0.09997729761469769, "r": -0.0025941113550898265, "b": -0.03504833528053345}