{"x": 0.003235014333044422, "y": 0.07979165463284413, "r": -0.15915574197420757, "b": -0.06448863154051063}