{"x": -0.04536384492237702, "y": -0.002203174675404752, "r": -0.14324583198956817, "b": -0.11821818712818045}