{"x": -0.041656460649852914, "y": -0.13544451381881265, "r": 0.006387784120506199, "b": -0.10018129642370106}