{"x": 0.12103376500990368, "y": -0.005401597215481383, "r": -0.060170349624165745, "b": -0.1406059430087682}