{"x": -0.06329019774940738, "y": -0.042430308746336465, "r": -0.10923137628811404, "b": -0.08391326849316794}