{"x": 0.13048471350645433, "y": -0.05050462410706222, "r": 0.16591188358077416, "b": -0.015077454032742306}