{"x": -0.1508620608842791, "y": -0.04480671671588893, "r": -0.016222380646312304, "b": 0.1260448682105236}