{"x": 0.048380396003114466, "y": 0.046289664367669486, "r": 0.07561149923817542, "b": 0.0677820463556072}