{"x": 0.036871829815059695, "y": 0.027370978348001566, "r": -0.04549356527683882, "b": -0.06470483584345409}