{"x": 0.17213431519457545, "y": 0.10192376553960476, "r": -0.01642836432406893, "b": -0.020399132715255393}