{"x": -0.15077172080143375, "y": -0.028490747675967685, "r": -0.06699351724564066, "b": 0.07381357901753106}