{"x": 0.001663816686068074, "y": 0.05464421491672964, "r": -0.067611370521473, "b": -0.032668274864309066}