{"x": 0.03214495571236604, "y": 0.13625612151125094, "r": -0.0031011476023755278, "b": 0.17186764902649884}