{"x": -0.030525174660779753, "y": 0.08041168314801554, "r": -0.03643101380584938, "b": -0.014252563216244667}