{"x": -0.036740693873969374, "y": -0.08014492520857609, "r": 0.04934677905893328, "b": -0.007302421457781204}