{"x": -0.08398090818681406, "y": -0.07818407938266922, "r": 0.09935132745364399, "b": 0.08136258368210066}