{"x": -0.042800157730539204, "y": -0.06368314689506119, "r": 0.1286386949828894, "b": 0.1203518225142116}