{"x": 0.030596679341474736, "y": 0.007053779193675087, "r": -0.04819099349447511, "b": -0.16674682424663867}