{"x": 0.0704500230324855, "y": 0.09956982914998358, "r": -0.014850647351524249, "b": -0.08007202769666233}