{"x": 0.13371658007241422, "y": 0.12138037704207773, "r": -0.007056727357495107, "b": -0.029871304687467355}