{"x": 0.11302819233256536, "y": 0.044381586936154904, "r": 0.015223808858491363, "b": -0.04587304242473182}