{"x": 0.011981416724360336, "y": 0.051122047731899024, "r": -0.059627499721192335, "b": -0.03031111298407172}