{"x": -0.1410006502062383, "y": 0.0028903334033651357, "r": -0.0609661218380016, "b": 0.059100570704655464}