{"x": -0.001717708510857477, "y": 0.042587765527062296, "r": -0.17450760497488088, "b": -0.10012176353565311}