{"x": -0.039031224068815484, "y": -0.13626288852589596, "r": 0.16285910989132513, "b": 0.0423349971016838}