{"x": -0.03056231626397403, "y": -0.07818645593527689, "r": 0.13135607409701458, "b": 0.1259835122570204}