{"x": -0.08688910774465697, "y": -0.024864291658679587, "r": -0.10133249233059148, "b": -0.022460554613604435}