{"x": 0.17401384647256024, "y": 0.0813240134759506, "r": 0.03613267840616136, "b": -0.005844282123765844}