{"x": -0.05164241590469861, "y": -0.04988213011606202, "r": 0.06080451801789855, "b": 0.08242992762658152}