{"x": 0.002536891336882004, "y": -0.13851754590471907, "r": 0.09521676581849585, "b": -0.027159382970428657}