{"x": 0.07033113792027204, "y": 0.009644008913459899, "r": -0.04141517246336977, "b": -0.1937159107131247}