{"x": -0.0712042735546689, "y": -0.026104352177319202, "r": 0.023481959076794207, "b": 0.14898256420673847}