{"x": -0.04726070741540854, "y": 0.0644788717916426, "r": 0.013774624413927487, "b": 0.19411562593752935}