{"x": 0.057881892445482114, "y": -0.11145163197940657, "r": -0.018933619073738306, "b": -0.14661972296565967}