{"x": 0.0006930337250746258, "y": 0.09230110744927218, "r": 0.05937980308302046, "b": 0.17205627022727665}