{"x": -0.07563701018427817, "y": 0.04833187586085975, "r": -0.04288667870463849, "b": 0.07531265241603081}