{"x": 0.06038502086343809, "y": -0.028371884104009232, "r": -0.06286755830155688, "b": -0.1326677622779773}