{"x": -0.014833425829402355, "y": -0.1703814927040338, "r": 0.1544990525829141, "b": 0.022221283786139297}