{"x": 0.07950668816615147, "y": 0.09915860827358941, "r": -0.044292852148984325, "b": -0.03532630350111738}