{"x": 0.14252326632080875, "y": -0.003022969071606262, "r": 0.015644012141025006, "b": -0.16319920084622877}