{"x": -0.005128046004042934, "y": 0.07583943124191882, "r": -0.07607108174336888, "b": -0.07805511916353874}