{"x": 0.06289851525094971, "y": 0.07732752997823795, "r": 0.007792229223375827, "b": 0.0007463868149271068}