{"x": -0.038564138172171906, "y": -0.055734432084646006, "r": 0.006532163276496773, "b": -0.021697350757126446}