{"x": -0.11981763317260646, "y": -0.02042225010590041, "r": -0.13834604561626956, "b": -0.050919828251470726}