{"x": -0.09403532938326202, "y": -0.12181961883457575, "r": -0.1003315185282442, "b": -0.055131912267041144}