{"x": -0.0354094340479577, "y": -0.07073083581228054, "r": 0.05866992192959438, "b": -0.08949374524945412}