{"x": 0.025843912757422045, "y": -0.0034119493640097603, "r": -0.0839342465811186, "b": -0.20500671110261123}