{"x": -0.10364366319249972, "y": -0.05290539715313178, "r": 0.04132686036047228, "b": 0.10437663740578616}