{"x": -0.014770161690553533, "y": 0.00725665898155203, "r": 0.015966652913227387, "b": 0.017275145653598663}