{"x": -0.02085804777465182, "y": 0.00014399024526763626, "r": -0.12026506955137527, "b": -0.09926303153145592}