{"x": -0.08033995495640875, "y": 0.02279666508646815, "r": -0.11410501447562586, "b": -0.11062491295767234}