{"x": 0.13901048541432964, "y": 0.16297346982290553, "r": -0.013602558093716218, "b": 0.01479700723890133}