{"x": -0.04333910096258671, "y": 0.04855726425841453, "r": -0.05814730178151849, "b": 0.07293282817963888}