{"x": -0.039562738224091905, "y": -0.08724636748447502, "r": 0.04686469707859192, "b": 0.017752476968682027}