{"x": -0.03485398856915167, "y": -0.02868655591223339, "r": 0.025739456196467687, "b": 0.0734987886481151}