{"x": -0.03286139088855157, "y": 0.07826119366631466, "r": -0.11890271789996798, "b": 0.06682873791927244}