{"x": 0.168439694640001, "y": 0.005675242467270358, "r": 0.03232805884802927, "b": -0.12568975396092122}