{"x": -0.03928824030117212, "y": -0.1475292926938145, "r": -0.04231782865387001, "b": -0.1055827722503935}