{"x": 0.09054720917517813, "y": 0.007054572044559253, "r": 0.07646585262268406, "b": 0.003574491228059876}