{"x": 0.17299771964325766, "y": 0.0016255967296115502, "r": 0.08341196757653481, "b": -0.04688883588147491}