{"x": 0.046015704795823224, "y": 0.0469438412789192, "r": -0.052688191325521105, "b": -0.04206869888674016}