{"x": 0.025135961448384793, "y": 0.06630015515672698, "r": -0.07424364902648803, "b": -0.04406263080015959}