{"x": -0.01472067413273265, "y": -0.02347414337671451, "r": 0.016989112090647584, "b": -0.032798269105400533}