{"x": 0.17258147798111426, "y": -0.014909180456223558, "r": 0.017209793902166835, "b": -0.12059684595157966}