{"x": 0.024699603221567293, "y": -0.07863500251618974, "r": -0.012455499729910351, "b": -0.09926057933807901}