{"x": 0.15232405002462251, "y": 0.051469673616803234, "r": 0.07391519736488826, "b": 0.0024733043828223953}