{"x": -0.005391932366993944, "y": -0.03684147665066182, "r": -0.006135431298278021, "b": -0.0497710304730278}