{"x": -0.001941591242687159, "y": 0.021598156398133637, "r": -0.045023388635705625, "b": -0.059542887689480684}