{"x": 0.05053699112574061, "y": -0.07305915577997603, "r": -0.03722067561188502, "b": -0.1304087447421901}