{"x": 0.08332473537983225, "y": 0.11775823766759641, "r": 0.001442493875895314, "b": 0.015009683470567142}