{"x": 0.15280753863980825, "y": 0.06926005855060442, "r": -0.006383348389549949, "b": -0.0447867150306645}