{"x": -0.04771736677550826, "y": 0.03052818569630908, "r": -0.05847912291538737, "b": 0.05274103768510066}