{"x": -0.023512282892525684, "y": -0.014480421171146137, "r": -0.1348474007987427, "b": -0.12166289944141045}