{"x": -0.10147586075954339, "y": -0.12610343996147289, "r": -0.062476766236486424, "b": -0.03131915915529704}