{"x": 0.14339416860248652, "y": -0.005632051503673954, "r": 0.05650889655357631, "b": -0.1036528690154029}