{"x": 0.02537553889025687, "y": -0.09296249099373141, "r": -0.05291464679144786, "b": -0.12176490141002295}