{"x": 0.10775162919743915, "y": -0.04751609233616345, "r": 0.07936043813958829, "b": -0.021322518846703206}