{"x": -9.012094584899141e-05, "y": 0.0844840725399085, "r": -0.1094332984381351, "b": -0.03428404487309463}