{"x": 0.004386873203408212, "y": 0.1101754613826838, "r": -0.11362676981764974, "b": -0.027293763042321395}