{"x": 0.037265639229671535, "y": 0.08822578029126653, "r": -0.042085768796429994, "b": 0.024611955033949584}