{"x": -0.004317743627168007, "y": 0.12600003763524872, "r": -0.02382237072681487, "b": 0.09611979812395735}