{"x": 0.13824236331187648, "y": 0.01749055380285858, "r": 0.038351006671117537, "b": -0.10049343888532274}