{"x": -0.07141755851961647, "y": -0.09441086911141003, "r": -0.10824236050336225, "b": -0.077124704914468}