{"x": 0.028960608336327198, "y": -0.09148354630939269, "r": -0.028955462187498525, "b": -0.09647355337950016}