{"x": 0.029883122569678865, "y": -0.048181494501462564, "r": -0.051194460847721224, "b": -0.09584371731585901}