{"x": 0.042109994396091435, "y": 0.147362479159461, "r": -0.09865555885978508, "b": 0.037841814876098064}