{"x": 0.1328388868320488, "y": -0.017401213961531402, "r": -0.03945613906354007, "b": -0.14100771196862646}