{"x": -0.02145090357592051, "y": -0.05897798800896834, "r": -0.10945669817533757, "b": -0.15663451494066621}