{"x": 0.11408259282448775, "y": -0.047571081001625354, "r": 0.1345472433922136, "b": -0.009662590253254616}