{"x": 0.16054900251770987, "y": 0.0741922595676348, "r": -0.009711138041686116, "b": -0.0515180898808574}