{"x": -0.17011369829639555, "y": -0.0035120220886234945, "r": -0.15098754574546688, "b": -0.023250849931585917}