{"x": -0.015727002397116392, "y": -0.1862552896747521, "r": 0.14815208410569072, "b": -0.015981263136215285}