{"x": 0.04964083509094367, "y": -0.0439478974586243, "r": 0.042419922981042, "b": -0.01807617330552269}