{"x": 0.05826981696879602, "y": -0.07411247037761393, "r": -0.05295080965201423, "b": -0.15047900392473118}