{"x": 0.041447394344694, "y": 0.019893968104479333, "r": 0.10089706430146934, "b": 0.16582932540466455}