{"x": -0.028611982529340833, "y": -0.10803148086580082, "r": 0.08936678327729068, "b": 0.016090025412295313}