{"x": 0.1255595164025313, "y": 0.12131574852550414, "r": 0.03749260203764486, "b": 0.06641003727462182}