{"x": -0.010208623150006457, "y": -0.09611300781723707, "r": -0.03166988548642391, "b": -0.1124510306894473}