{"x": 0.15935622060743793, "y": 0.024487816841492132, "r": 0.1558193484370407, "b": -0.01704976783088124}