{"x": 0.04562291273195245, "y": 0.03361895478643445, "r": -0.032710325302424015, "b": -0.1397740838094189}