{"x": -0.05424228018019054, "y": 0.07739700850433671, "r": -0.12545385156744618, "b": 0.022130302844338486}