{"x": 0.02461390156562872, "y": -0.03216171555385895, "r": 0.006160108119504773, "b": -0.06258558468966433}