{"x": 0.10487700562302724, "y": -0.014208312387384422, "r": 0.12997589629567458, "b": -0.001610627698549847}