{"x": 0.03444733145686184, "y": 0.015734004586649385, "r": 0.15888316019511298, "b": 0.12827104148639956}