{"x": 0.039549184244446894, "y": 0.005960616638206063, "r": -0.005233947749130156, "b": -0.03382137992078184}