{"x": 0.00726795443048342, "y": 0.09966844163304794, "r": -0.14390562029083181, "b": -0.06856697078231079}