{"x": -0.036089186466156074, "y": -0.05854110545733192, "r": -0.034656547923886984, "b": -0.037179459182878946}