{"x": 0.0677964019638566, "y": -0.0013775294394721854, "r": -0.017667233890663346, "b": -0.1684961978069814}