{"x": 0.05079366693892101, "y": 0.014819883611819696, "r": -0.10045024066083078, "b": -0.08154755249653636}