{"x": 0.0027591637107041438, "y": 0.15991032967409788, "r": -0.07775776663834619, "b": 0.09769156986536545}