{"x": -0.2022060283433671, "y": -0.049608099074417655, "r": -0.0664915380679805, "b": 0.061053865680187835}