{"x": 0.13747572781035464, "y": 0.1076412384155599, "r": -0.0038921543778441194, "b": -0.00250365767039155}