{"x": -0.16917589127136928, "y": -0.019497353525056063, "r": -0.15159499650903435, "b": 0.015552741147361595}