{"x": -0.05505608816069326, "y": 0.10326880962555172, "r": -0.08299586466318325, "b": 0.12752018606252535}