{"x": 0.09108713324508526, "y": -0.04077031756662908, "r": -0.022401945471312475, "b": -0.16507050507916832}