{"x": 0.013261066270079233, "y": -0.10440382948871106, "r": -0.06602891936794392, "b": -0.13196853342100404}