{"x": -0.013274072623299287, "y": -0.003186720254213292, "r": 0.1548214357054809, "b": 0.17102447136424637}