{"x": 0.01401489777529871, "y": 0.11364560111027593, "r": -0.16143075238513743, "b": -0.03431490405550809}