{"x": -0.03556856129722639, "y": 0.05385936173430518, "r": -0.11645777025377492, "b": -0.019338543531503178}