{"x": -0.13421573604389173, "y": -0.11607668770783411, "r": 0.019513509497921102, "b": 0.023582688985907818}