{"x": -0.05512252236552933, "y": 0.026387355453767455, "r": 0.06124200122095924, "b": 0.2338836768840514}