{"x": 0.08959320149868034, "y": 0.11297901742914603, "r": -0.08731022827953937, "b": -0.031187616942525614}