{"x": 0.06848079368073733, "y": 0.019181852150664223, "r": 0.14174808996282776, "b": 0.09244914843275384}