{"x": 0.017359747762780642, "y": -0.02297499065007949, "r": -0.06028365116523834, "b": -0.040983264508789356}