{"x": -0.0019851412824796787, "y": 0.0026745810128359433, "r": 0.08385452156945238, "b": 0.09419926827760533}