{"x": 8.908324764806163e-05, "y": 0.11764609032688371, "r": -0.1507064356226476, "b": 0.00015270797147876711}