{"x": 0.16730386913469625, "y": 0.10800040418719273, "r": 0.0494010734862161, "b": -0.002520824897676561}