{"x": -0.12437298188428325, "y": -0.019869840416913864, "r": -0.03770088417564208, "b": 0.025361372209618243}