{"x": -0.047888975797695583, "y": 0.047033555591563636, "r": -0.053782565844739394, "b": 0.058891865722251184}