{"x": 0.003094852111768826, "y": -0.03735922078614647, "r": 0.08611898141935996, "b": 0.0881364430040953}