{"x": 0.16108908989523388, "y": 0.055794681767629195, "r": 0.07337807759308608, "b": -0.05265017116401523}