{"x": 0.06718005302787519, "y": 0.09827659040275884, "r": -0.0733829194214335, "b": -0.07646853655140691}