{"x": 0.12431363678383278, "y": 0.10140733117338556, "r": 0.018913635914235935, "b": -0.014902425783166875}