{"x": 0.08425566748382796, "y": 0.020169926483972735, "r": -0.01396036758090553, "b": -0.09793840192492104}