{"x": 0.08607068018710315, "y": 0.07859575888128448, "r": -0.03371686015015706, "b": -0.009184055650057917}