{"x": -0.11191898615231409, "y": -0.007101791857312871, "r": -0.15296083684742537, "b": -0.06672810281027124}