{"x": 0.06019976324073094, "y": 0.13238929022007068, "r": -0.027185795007098227, "b": 0.03387428756062909}