{"x": 0.007054192431320787, "y": -0.06873796826995264, "r": 0.18357536465898458, "b": 0.09343538478420306}