{"x": 0.09457836396263224, "y": 0.026500693024735608, "r": 0.07390206905736597, "b": -0.006118573893880402}