{"x": 0.010845484444054407, "y": -0.07540698038746811, "r": -0.052110941069991666, "b": -0.1383634059015142}