{"x": 0.07518897088936632, "y": -0.025791964354548662, "r": 0.08321698231186327, "b": 0.0022963060017299015}