{"x": 0.06917035504446171, "y": 0.016911045027198295, "r": -0.03945273171634196, "b": -0.09171204173360531}