{"x": -0.002910739168746129, "y": -0.024089183290679887, "r": -0.030536404627539225, "b": 0.019702475256377066}