{"x": 0.0162826807455219, "y": 0.018128423520464596, "r": 0.0032641909824776653, "b": -0.00692642612351812}