{"x": -0.01841704392851193, "y": 0.06544545830836301, "r": 0.048010676388808404, "b": 0.1891310428037945}