{"x": 0.034467937255355484, "y": -0.012895978472535003, "r": -0.05714228663789394, "b": -0.05107150965362321}