{"x": 0.10530692203462576, "y": 0.07520576025626062, "r": 0.025507314272702468, "b": 0.04953558733187124}