{"x": 0.05769877049005507, "y": 0.06312639597170823, "r": 0.0732780423689365, "b": 0.05630318391208534}