{"x": -0.023865030584954056, "y": -0.03625469671450352, "r": 0.022241279816302292, "b": -0.002905780342530784}