{"x": -0.057326968586823894, "y": -0.05800764014732226, "r": -0.032667420631749974, "b": 0.0008072260729207961}