{"x": 0.041686794678214234, "y": -0.07630117385007065, "r": -0.045119265821041865, "b": -0.17277066228055155}