{"x": -0.02863223267986598, "y": -0.12328989968540048, "r": 0.03156849601719437, "b": -0.10525624542515502}