{"x": 0.11593603251089707, "y": 0.1328423076948145, "r": -0.06550832983805939, "b": 0.004321801228468628}