{"x": 0.005983116848811078, "y": 0.1221650034887558, "r": -0.07318520630667485, "b": 0.031767025737604475}