{"x": -0.004847988184559784, "y": -0.014900264943155868, "r": -0.06721716222720106, "b": -0.07726943898579713}