{"x": -0.009191567973990495, "y": -0.08486626199480413, "r": 0.05694521989975248, "b": -0.01374752651417451}