{"x": -0.05633850815659118, "y": 0.0799115047274737, "r": 0.06687246698464275, "b": 0.16028816302010082}