{"x": 0.020547702843090508, "y": 0.016506143524342792, "r": -0.12778666743349754, "b": -0.062304501876864676}