{"x": -0.006239430645491216, "y": 0.01629889405972105, "r": -0.14135776768524463, "b": -0.12936678033320612}