{"x": 0.13610393772656365, "y": 0.0043612000799609935, "r": -0.012165249579428328, "b": -0.06049105196218484}