{"x": 0.027605439202800876, "y": -0.04110805294918364, "r": 0.06058133638241728, "b": 0.009525551874528599}