{"x": -0.10050405807775245, "y": 0.047700721958521694, "r": -0.08588328473015257, "b": 0.023628330220831745}