{"x": 0.046691613666872044, "y": -0.07273535455728401, "r": 0.009171903012438979, "b": -0.1289077839974843}