{"x": -0.026621512516075974, "y": 0.05550886336838387, "r": -0.17282905401702722, "b": -0.04273280967756464}