{"x": 0.08844835114792732, "y": 0.06846996750532443, "r": -0.04502097655146394, "b": -0.08469323910998977}