{"x": -0.006010703511106652, "y": -0.01478246600926103, "r": 0.10776184217951176, "b": 0.08540748766073925}