{"x": -0.17380201726081357, "y": -0.03149473738185453, "r": -0.13502079038111425, "b": -0.015627802271560343}