{"x": -0.003129642788954861, "y": 0.007196356894050323, "r": 0.05425458772393095, "b": 0.05168565776653509}