{"x": 0.015069663966111046, "y": 0.027554418097036154, "r": -0.11398853626669865, "b": -0.09213881654687903}