{"x": 0.06189373644022809, "y": 0.0018696750744250491, "r": 0.025459969308467993, "b": 0.05980579672872924}