{"x": -0.016828906515567482, "y": -0.020643713582778295, "r": -0.029062304520055857, "b": 0.01168378775087671}