{"x": 0.025710061628542735, "y": 0.04225898336582949, "r": -0.0026184803982460206, "b": 0.057765243954373574}