{"x": 0.07906125143741902, "y": 0.09953336725807506, "r": -0.05714083470325393, "b": -0.021243756135109898}