{"x": -0.1004217201601787, "y": 0.002766532829228933, "r": -0.05056041502798078, "b": 0.07137536126735895}