{"x": -0.04975113308277407, "y": -0.10556208244822429, "r": -0.0011452124274753462, "b": -0.0006551727644531516}