{"x": -0.008155229337350202, "y": 0.11174856039416825, "r": -0.11686011989535977, "b": -0.007825782718012481}