{"x": 0.18369388593256622, "y": -0.0016855454880108753, "r": 0.09028336387092248, "b": -0.028510399678476486}