{"x": 0.026274865030766276, "y": 0.04010611825519242, "r": -0.10243176372109863, "b": -0.060793275244072444}