{"x": 0.032416052830384165, "y": 0.05214680974285952, "r": 0.04431372556443701, "b": 0.04104680809659299}