{"x": -0.11295441465820487, "y": -0.15499543001077237, "r": 0.08133472987658351, "b": 0.015287902573568017}