{"x": 0.02964974392080958, "y": 0.047086265932914075, "r": 0.08673387610810648, "b": 0.10417039812021098}