{"x": 0.03324948890397772, "y": -0.051683599874274934, "r": 0.08150454462182681, "b": -0.016212142396888167}