{"x": -0.052516335446090544, "y": 0.017645425169841106, "r": -0.13649637217161634, "b": -0.07145204151811191}