{"x": -0.05685975127137213, "y": 0.029273010147044563, "r": -0.1240525151878242, "b": -0.027889568435175812}