{"x": -0.04545583197615102, "y": 0.054014803894129076, "r": -0.11559411492142377, "b": -0.027463256088396445}