{"x": 0.03792180912912111, "y": -0.004037532857685307, "r": 0.14876087936545673, "b": 0.09325471944893891}