{"x": 0.0021351421714630434, "y": -0.10282448775660256, "r": 0.1130240978278907, "b": 0.05162874067066426}