{"x": -0.006400586252707836, "y": -0.05910423215209549, "r": -0.061007100592433895, "b": -0.09326980626132915}