{"x": -0.03615137170865172, "y": 0.07449347666812443, "r": -0.03484968385685091, "b": 0.09744493074374797}