{"x": -0.17631750329362128, "y": -0.06868428667293561, "r": -0.035531296553849366, "b": 0.058189893155375684}