{"x": 0.10118311073088403, "y": 0.032206203450748226, "r": -0.06337610751699052, "b": -0.050531494934804584}