{"x": 0.07574691792764575, "y": 0.012021525943013691, "r": -0.005407195215615527, "b": -0.0742658044452573}