{"x": 0.02663187952530792, "y": 0.06852907643881316, "r": -0.08088768754497998, "b": -0.038990490631474736}