{"x": 0.057770800072136974, "y": -0.011732220143841971, "r": -0.05628498357443476, "b": -0.1429574653476507}