{"x": 0.15452496758499215, "y": 0.11825744804052297, "r": 0.034224830276592566, "b": -0.01277073637387119}