{"x": -0.17303281227990105, "y": -0.0005453263839424185, "r": -0.12033362157698364, "b": 0.010285146506927136}