{"x": -0.06555979544238913, "y": 0.04659418366781765, "r": -0.056742805807402506, "b": 0.035133444867929894}