{"x": 0.15648405253025355, "y": 0.0015689447985844963, "r": 0.057566384334856516, "b": -0.08125796747173032}