{"x": 0.031113978113293236, "y": 0.016567084589673136, "r": -0.08866062637736541, "b": -0.0937427307019608}