{"x": 0.08693125476099306, "y": 0.08561590683431351, "r": 0.0013291265874819617, "b": -0.08162888846656267}