{"x": 0.024576939715393546, "y": -0.020438103466749027, "r": 0.0700895326929056, "b": 0.025074489510762795}