{"x": -0.12781019208276276, "y": -0.16219257313752244, "r": -0.03500251341206257, "b": 0.03764266169164781}