{"x": -0.07298999625856914, "y": -0.026389449481494666, "r": 0.12051449019111476, "b": 0.044018161684140474}