{"x": 0.0755258807260188, "y": 0.0068160448149180335, "r": 0.17380830961514881, "b": 0.1108486434888079}