{"x": 0.07714494307446546, "y": -0.010191736977550511, "r": 0.14920821877492604, "b": 0.0487975963363191}