{"x": 0.08485492880673733, "y": 0.006059714294884968, "r": 0.11319492692881433, "b": -0.006500173871984275}