{"x": -0.09728915727953145, "y": -0.056296742459998196, "r": -0.0005820120396121657, "b": 0.028805036163625647}