{"x": 0.08228714199483593, "y": 0.08950348163692153, "r": -0.08296959045630815, "b": -0.04255323449125669}