{"x": -0.0538811728199551, "y": 0.0663682622500322, "r": 0.03710466516668808, "b": 0.04483089721563147}