{"x": 0.050322082824429196, "y": -0.09327057547876483, "r": 0.14603179448696943, "b": -0.03934640366776214}