{"x": 0.1505151312218872, "y": 0.08490285943024845, "r": 0.04236973434311277, "b": -0.04052654138498418}