{"x": 0.0006181402394011944, "y": 0.09933452153577921, "r": -0.14642199045385065, "b": -0.040567869665366296}