{"x": 0.003721932378742088, "y": 0.017932007254094055, "r": -0.07022256891978751, "b": -0.03758352889614757}