{"x": 0.040223928803042625, "y": -0.05170655532915457, "r": 0.03158194425051999, "b": -0.015625621891565442}