{"x": -0.08361306190908921, "y": 0.033873541638368324, "r": -0.18531812664664446, "b": -0.027306939553512367}