{"x": 0.0011338525119884927, "y": 0.06613990905066393, "r": -0.12512198084456788, "b": -0.0412241585406288}