{"x": 0.0012939560553864424, "y": 0.006469417947052708, "r": -0.005440166023231797, "b": 0.03143527069571261}