{"x": -0.00966366896389013, "y": 0.04135597397097336, "r": 0.030380381296591152, "b": 0.06871656020388779}