{"x": 0.10342958905679761, "y": 0.12814434155659615, "r": 0.0020252078742176056, "b": 0.01723101202674138}