{"x": -0.047060681353520005, "y": -0.03234973406207772, "r": 0.022455374582310453, "b": 0.016439266526158625}