{"x": -0.10663120862027005, "y": -0.0895413267198749, "r": 0.026394221627483956, "b": 0.031494416435310084}