{"x": 0.08956717196722966, "y": -0.00406853177660539, "r": 0.1045269773353136, "b": 0.016205199274033973}