{"x": 0.025864869019971808, "y": -0.019515295860144263, "r": -0.048431762216365484, "b": -0.10510099256920856}