{"x": 0.16478698992598764, "y": 0.011872227435769439, "r": 0.09957084338179269, "b": -0.04329247982395395}