{"x": -0.08432500142732581, "y": 0.017638075514310625, "r": -0.03185736966330799, "b": 0.11137894773966248}