{"x": 0.08720684516496062, "y": -0.037174681452066746, "r": -0.005904577840647913, "b": -0.041467120112863735}