{"x": -0.04061296724986702, "y": -0.012737738673067338, "r": -0.09096452648120133, "b": -0.025319189464738816}