{"x": 0.020350300159632805, "y": 0.04951745011068139, "r": -0.14073237115788104, "b": -0.06652268006951775}