{"x": -0.1604243716011995, "y": -0.000927686830564058, "r": -0.14816958810904166, "b": -0.008290244103758143}