{"x": 0.07229075995136042, "y": 0.1866721233414254, "r": -0.012660271165732128, "b": 0.06682515697032368}