{"x": 0.10889050048952975, "y": 0.030261030484560362, "r": -0.06699483663300472, "b": -0.09932573007182437}