{"x": 0.15750596245011947, "y": 0.062399729563964265, "r": 0.02734032086450955, "b": -0.07697050840698254}