{"x": 0.15115659748716495, "y": 0.000567115310831977, "r": 0.15167212842200434, "b": 0.018258878536398206}