{"x": 0.08691011732328882, "y": 0.08335799769425437, "r": -0.033014715714875326, "b": -0.053622555633868335}