{"x": 0.08817327468766036, "y": 0.004434157602394755, "r": -0.07142666202339519, "b": -0.14612921928834957}