{"x": -0.038826753887991346, "y": 0.02362570641943961, "r": 0.04954315796869896, "b": 0.13365472099964615}