{"x": 0.011023406066714342, "y": 0.04632491715717871, "r": -0.0004283238568745467, "b": 0.012406181095489565}