{"x": 0.03021998370026649, "y": -0.13600655404546969, "r": 0.010141087467094733, "b": -0.13658453279074464}