{"x": 0.06235412808235241, "y": -0.011834709368758687, "r": 0.048290535949778786, "b": -0.031406326126290005}