{"x": 0.09850728919780796, "y": -0.014115424977693417, "r": -0.041933756841920876, "b": -0.16503889728523094}