{"x": -0.02036527007590095, "y": 0.01765122766843106, "r": -0.013874138368992367, "b": 0.003911381853592311}