{"x": 0.05678295071343412, "y": -0.0428294443582185, "r": 0.10636516390260001, "b": 0.00675276883094677}