{"x": 0.016126654556713572, "y": -0.03160023100083297, "r": 0.030176307096190944, "b": 0.08176356276673721}