{"x": 0.04210757178550396, "y": 0.055489734987182425, "r": 0.052613094279795644, "b": 0.148485504215702}