{"x": -0.05301365570870347, "y": -0.05078735810416066, "r": 0.149915268661231, "b": 0.1062671581330221}