{"x": -0.08350311543671722, "y": 0.030642087926132988, "r": -0.13673033248930394, "b": -0.034131138674592304}