{"x": 0.0475304464163213, "y": -0.04887213249563797, "r": 0.19337703213965637, "b": 0.08484909253221286}