{"x": -0.13409722176866412, "y": 0.015902075187253763, "r": -0.055992328198363625, "b": 0.12841457174384044}