{"x": 0.1592419524953802, "y": 0.07837665160867097, "r": 0.04084457863567644, "b": 0.024729753115202577}