{"x": 0.06800759945224172, "y": 0.08307625409931771, "r": -0.06669114079789117, "b": -0.012586339094430198}