{"x": 0.08531258376125561, "y": 0.0003364980656263936, "r": -0.024847955543577615, "b": -0.18927399308698958}