{"x": 0.02606624691934215, "y": 0.05873783322206879, "r": -0.11122634536813361, "b": -0.07855475906540697}