{"x": 0.13328736032734378, "y": -0.023639441024236797, "r": -0.034086755495383946, "b": -0.14203556366006614}