{"x": 0.019474279162215547, "y": 0.1318879277413114, "r": -0.11908649614709947, "b": 0.049023654028376856}