{"x": 0.011461033153746815, "y": -0.007875269127242502, "r": -0.06401379347742779, "b": -0.031410479277022424}