{"x": 0.026207241118276308, "y": -0.018769163865538743, "r": -0.12920115731527013, "b": -0.14105632302196935}