{"x": 0.12201267471753754, "y": 0.14499035243965608, "r": -0.01296569679332131, "b": -0.0005370633210703571}