{"x": 0.05502563282514432, "y": 0.06431379829833757, "r": 0.09286926694374786, "b": 0.14343530422847647}