{"x": 0.09894822541582751, "y": 0.007100462542787282, "r": 0.012300868427724248, "b": -0.10030490905922274}