{"x": -0.088014453182481, "y": 0.06043286646201121, "r": -0.11996386530988605, "b": 0.016677959360550127}