{"x": 0.022682973327982275, "y": 0.05069840537093121, "r": 0.068769704990293, "b": 0.0033845359919641984}