{"x": -0.12697185185290427, "y": -0.07146038609944007, "r": -0.016362004879367304, "b": 0.048443267124920884}