{"x": -0.022340809572457102, "y": -0.0525723551907744, "r": -0.10064199503751053, "b": -0.11511800536463215}