{"x": -0.08185274216840079, "y": -0.137997184046121, "r": 0.012799681555991045, "b": -0.05669418012324614}