{"x": 0.04680282552975425, "y": 0.017011727657890253, "r": -0.12377895031257796, "b": -0.07233836643704171}