{"x": 0.008353112270940087, "y": 0.026147884954996255, "r": 0.08652507873241097, "b": 0.13872959502693924}