{"x": 0.06624926345482698, "y": -0.030871701202414836, "r": 0.024296538648645914, "b": -0.11092857899925916}