{"x": 0.05121145240691282, "y": -0.005401098921119992, "r": 0.045113055548369696, "b": 0.0696353289665781}