{"x": 0.06775387338698084, "y": 0.03504470449852262, "r": -0.009851121325963044, "b": 0.03273726123758372}