{"x": 0.06839169460477419, "y": -0.032069953406198046, "r": 0.11039575752013223, "b": -0.002773257111759009}