{"x": 0.15222732428009975, "y": 0.03068092054238341, "r": 0.0058441234294893275, "b": -0.13510266210707678}