{"x": 0.07319501632937114, "y": -0.005991145984317047, "r": 0.1495440251449371, "b": 0.08193150808733024}