{"x": -0.07693497452125288, "y": -0.037089832315369775, "r": -0.08326131913578913, "b": -0.0327315139687717}