{"x": 0.02645974899299308, "y": 0.14666521798495452, "r": -0.11561538684011412, "b": -0.029531929491155014}