{"x": 0.08183809328025132, "y": 0.07521666641062048, "r": 0.04953061545676657, "b": 0.08656449033945973}