{"x": 0.12566053845767794, "y": 0.10668332050080029, "r": 0.05328599136240466, "b": 0.022996267882298627}