{"x": 0.08652135961796939, "y": -0.11212258473372971, "r": 0.006657564221612317, "b": -0.1425830939768724}