{"x": 0.13826746254549238, "y": 0.09084425378971218, "r": 0.041421204397816914, "b": 0.02282205123306809}