{"x": 0.13228208196124966, "y": -0.030064259098926738, "r": 0.11490818204359068, "b": -0.06648130049104929}