{"x": 0.025457863529632852, "y": 0.01952422973299161, "r": -0.03828264715791988, "b": -0.0630355671718965}