{"x": 0.1749864543391721, "y": 0.006259077039418884, "r": 0.1276720698088352, "b": -0.041055307490917826}