{"x": -0.07056464942710534, "y": -0.041059934531275266, "r": -0.08706340687009384, "b": -0.04074670492200715}