{"x": 0.14179245475567362, "y": -0.0424569992483926, "r": 0.05369299074077721, "b": -0.10015977873045223}