{"x": -0.03476134978046716, "y": 0.06010148010191617, "r": -0.14785153874521217, "b": -0.020737443007000828}