{"x": -0.07450276874802102, "y": 0.0353855497901704, "r": -0.15116990879658293, "b": -0.052541747087067575}