{"x": -0.007601566113194088, "y": 0.12040618671290558, "r": -0.09253697801409544, "b": 0.014673852355206532}