{"x": 0.16383984331378137, "y": 0.07784174040990764, "r": 0.017912669552607726, "b": -0.06361384787357582}