{"x": -0.0124482745190427, "y": -0.1668721409520616, "r": 0.12131027116578806, "b": 0.027759346782961426}