{"x": 0.10880335808175723, "y": 0.0025802569797886564, "r": 0.07442145368178571, "b": -0.051211056376966706}