{"x": 0.10432619340967458, "y": -0.05194335363176609, "r": 0.08748203135079863, "b": -0.013554041649005866}