{"x": 0.02973373272681108, "y": 0.008925789070050724, "r": 0.009596535973840909, "b": -0.023160954063980787}