{"x": 0.04708316781520354, "y": 0.07722638997885305, "r": -0.0798541927556405, "b": 0.03579516419746218}