{"x": -0.12373610132766741, "y": 0.038032911037050275, "r": -0.13716419297562943, "b": 0.012573454653087119}