{"x": -0.05714041886648514, "y": -0.022614582759680712, "r": 0.002199031715346123, "b": 0.02551492654615234}