{"x": 0.024315625516220858, "y": 0.04270072717549416, "r": -0.1402236739453682, "b": -0.09517493290720942}