{"x": 0.003763643396021354, "y": -0.07218327440900536, "r": -0.0195051171760609, "b": -0.09545203498108762}