{"x": -0.016367373500117417, "y": -0.04273635903115448, "r": 0.09519507263412418, "b": 0.055270447516084155}