{"x": 0.05758170267945274, "y": 0.05516937875854984, "r": 0.0399583682921113, "b": 8.252746225108038e-05}