{"x": -0.07231043707678951, "y": 0.033280505053184375, "r": 0.03675339043681857, "b": 0.04332077653879174}