{"x": 0.047381486649258904, "y": -0.017642522856730965, "r": 0.02732885991439755, "b": -0.05739258423008717}