{"x": -0.06238666851617821, "y": 0.06915151063555218, "r": -0.1473847167435819, "b": -0.027005097979322185}