{"x": 0.0411187593565128, "y": -0.08770945201253147, "r": 0.1944934306776836, "b": -0.03731466205932235}