{"x": 0.11226750572900332, "y": 0.03432190737449801, "r": -0.027199133971796782, "b": -0.10112354839967032}