{"x": -0.10209904046590411, "y": 0.027523242351574856, "r": 0.03691570770019719, "b": 0.17878546092806474}