{"x": -0.10785844303149257, "y": 0.03195774334246764, "r": -0.15484904173844502, "b": 0.001985169658605324}