{"x": -0.10001664179319508, "y": 0.01624556999866571, "r": -0.09553567440628458, "b": 0.03797084583857039}