{"x": 0.016247197362617635, "y": 0.012653420639880175, "r": -0.05207282574812781, "b": -0.06702855340853911}