{"x": 0.09208000846128392, "y": 0.09766033377678371, "r": 0.052448244969074014, "b": 0.07879328891176926}