{"x": 0.10614345767670133, "y": 0.05330222046820556, "r": 0.10055875001916481, "b": 0.0355904970503951}