{"x": 0.051460840078440255, "y": 0.10179361003452064, "r": -0.12196526887647126, "b": -0.04157526651875177}