{"x": 0.06489789869286264, "y": 0.1439429254870331, "r": -0.02325465490035363, "b": 0.04467028108397743}