{"x": 0.0019835901639926714, "y": 0.0971141416893284, "r": -0.14883381260931294, "b": -0.06405914641601057}