{"x": -0.09935180731111096, "y": -0.0007728174812959911, "r": -0.1254549374986348, "b": -0.049009967437285196}