{"x": -0.02711977282808272, "y": 0.072117111042508, "r": -0.1409191473991305, "b": -0.052489588228893394}