{"x": 0.05870676911168368, "y": 0.029324961495587585, "r": -0.10492428780957128, "b": -0.12000919041577453}