{"x": 0.029920350112129568, "y": 0.04920242519336751, "r": -0.0774094771330992, "b": -0.058127402051860816}