{"x": 0.0786177770169318, "y": 0.04433708238793199, "r": 0.1026837680368024, "b": 0.06268203435182566}