{"x": 0.11502054144062802, "y": 0.04263036753458593, "r": 0.08445728283369228, "b": 0.043006579397641305}