{"x": 0.13080650971057314, "y": 0.03281766403770269, "r": 0.028409947308268423, "b": -0.016778696152971756}