{"x": 0.1477577818147135, "y": 0.10814090732620647, "r": -0.03593390376937321, "b": -0.022772223446506534}