{"x": -0.09224038480699416, "y": -0.04968916544171419, "r": -0.1532767170145802, "b": -0.03407540231930741}