{"x": 0.12823958632221902, "y": 0.12842583163577656, "r": 0.0348226239434833, "b": 0.04259533819111}