{"x": 0.0754388692281902, "y": 0.09122641132170643, "r": 0.06157599898553072, "b": 0.13031050106601824}