{"x": 0.08729398359113394, "y": 0.10799597174230656, "r": 0.05118220654443137, "b": 0.10968373285063483}