{"x": 0.14600386490912404, "y": 0.05966845195141554, "r": -9.441376587723895e-05, "b": -0.10359368041856025}