{"x": 0.004532508774957586, "y": 0.07199080995921338, "r": 0.10657255887169591, "b": 0.1978587530310163}