{"x": -0.07467597390012513, "y": 0.09372840937874503, "r": -0.07294303877530081, "b": 0.08324508919716836}