{"x": 0.10600539508234035, "y": 0.036920737023243985, "r": -0.010033287634447387, "b": -0.09688601237260307}