{"x": 0.07530640576417837, "y": 0.1389035375301463, "r": 0.015257902448671732, "b": 0.13166129807331908}