{"x": -0.08868104237331517, "y": -0.06191834639738482, "r": 0.05571046892924215, "b": 0.0369575934329117}