{"x": -0.1119991746407378, "y": -0.06819278717851418, "r": 0.035250945824551905, "b": 0.08441831515810866}