{"x": 0.11056063717918538, "y": 0.037557296834551834, "r": 0.010757750620359855, "b": -0.06224558972427369}