{"x": 0.06912287625899954, "y": 0.05117395692034055, "r": -0.02649247885061892, "b": 0.021982332791371583}