{"x": -0.02193937496177715, "y": 0.02306883215898017, "r": -0.1381507353174383, "b": -0.06100475948234137}