{"x": 0.156296366107288, "y": 0.031049914649835284, "r": 0.015594100796593508, "b": -0.12013159132780246}