{"x": 0.12669015476995915, "y": 0.09975154060049604, "r": -0.007149948902842296, "b": -0.05149881224471192}