{"x": -0.11658002546866304, "y": -0.10161574850048717, "r": -0.058235436385381804, "b": -0.025179798920055833}