{"x": -0.041351959820988396, "y": -0.029678765661202818, "r": -0.1386126578908655, "b": -0.06857269852008059}