{"x": 0.01793561728931141, "y": 0.06797218501795804, "r": -0.0988521336422881, "b": -0.06888857157428695}