{"x": -0.0463199877180921, "y": 0.09704258824845194, "r": -0.1588201618330021, "b": 0.03674828624442959}