{"x": 0.018302860066449538, "y": 0.04181469575321709, "r": 0.055153092664071306, "b": 0.06602041331915981}