{"x": -0.09575354119925311, "y": -0.024102869537681152, "r": -0.14201459923982473, "b": -0.05406069780116854}