{"x": -0.04250943439964383, "y": -0.022001370139533964, "r": -0.13687305638415398, "b": -0.11636499212404412}