{"x": 0.10061691135349848, "y": 0.11054842742084414, "r": -0.04740174948958671, "b": -0.056833445675807295}