{"x": 0.10208321322213075, "y": 0.015546150412096976, "r": -0.04380825373207366, "b": -0.1407612742621786}