{"x": 0.044202862120112756, "y": 0.1412440667330292, "r": -0.07803550655622753, "b": 0.03401017038700787}