{"x": 0.07475403596529469, "y": -0.016655989082229865, "r": -0.004998946340580707, "b": -0.17857388368222354}