{"x": -0.07021426931151929, "y": -0.08437111858818801, "r": -0.07990097266458462, "b": -0.11590296819081827}