{"x": 0.009365124341912206, "y": 0.0738049023575024, "r": -0.08073454072756404, "b": -0.006510888142828442}