{"x": 0.0014935866541518233, "y": -0.0235253016580206, "r": -0.11122955981021443, "b": -0.14563762117567397}