{"x": -0.06524722247461365, "y": 0.006914016317297286, "r": -0.003260474508828453, "b": 0.055949706381060706}