{"x": -0.012673923660732923, "y": -0.12548381250196025, "r": 0.12399365111867645, "b": -0.014649591694810178}