{"x": -0.20277823881020066, "y": -0.023398178481575015, "r": -0.051754087838954535, "b": 0.10448980865105309}