{"x": 0.12179544749192825, "y": 0.006974411012078209, "r": 0.08667179289495115, "b": -0.047543742989984504}