{"x": -0.028520743161733142, "y": -0.05224079675118424, "r": -0.061608559231181595, "b": -0.08532861282063216}