{"x": -0.003017441552941711, "y": -0.01074031061606227, "r": 0.07284500447148054, "b": 0.0835129464515125}