{"x": 0.14458611963270085, "y": 0.0752339675160898, "r": 0.11182141772231288, "b": 0.0237243954876857}