{"x": 0.14583583202486466, "y": 0.05165773506869928, "r": 0.07754571917665007, "b": 0.014424618458877514}