{"x": 0.10992288103366875, "y": 0.026146259786885836, "r": 0.07427841108466474, "b": -0.021258643455423}