{"x": 0.10520813031516504, "y": 0.042864457205988214, "r": 0.1270955072916855, "b": 0.025781552857132888}