{"x": -0.027370816707756554, "y": -0.0805990166520753, "r": 0.16970797979489582, "b": 0.10188125794200717}