{"x": 0.11947492348226041, "y": -0.0183782186030849, "r": 0.00812702550897663, "b": -0.1250734877699461}