{"x": -0.11504369107474446, "y": 0.026886971724018056, "r": -0.12872474502991407, "b": 0.049072061261387044}