{"x": 0.040214662332387484, "y": 0.0598149987936863, "r": 0.04879215777121306, "b": 0.11389223086884988}