{"x": 0.08348788890499138, "y": 0.02099103782516773, "r": -0.01995192021304005, "b": -0.029709936535100845}