{"x": 0.016119400944020854, "y": 0.11036068703010753, "r": -0.11953002602791725, "b": -0.009853908280615187}