{"x": -0.08306079781073204, "y": -0.046497462836038506, "r": -0.02334014715620402, "b": -0.008077729782606517}