{"x": -0.08561526375181445, "y": -0.14658499716068352, "r": 0.08419815869780434, "b": 0.06576709519619414}