{"x": 0.14166575900722225, "y": -0.021764302704662078, "r": 0.1323875433854793, "b": 0.04983272937794249}