{"x": -0.049906274217787934, "y": 0.01796990868319779, "r": -0.037660042636018326, "b": 0.06991207091523287}