{"x": 0.008041194722682887, "y": 0.03296104663898429, "r": 0.21381506009803977, "b": 0.11437258509221915}