{"x": 0.050594332730121115, "y": 0.10530562463633232, "r": 0.03662548690468831, "b": 0.14427804883369508}