{"x": -0.0864217715917996, "y": 0.011180724853730289, "r": -0.12000999854217184, "b": -0.017097547299666564}