{"x": -0.014981430471617697, "y": 0.05230931569744737, "r": -0.07045456495063046, "b": -0.008440505181123987}