{"x": 0.05781025938270959, "y": 0.015769857863025444, "r": 0.1563778671429898, "b": 0.10094029967500956}