{"x": -0.02878166624733832, "y": 0.031530621457255534, "r": -0.16591597301589467, "b": -0.059275325943169616}