{"x": -0.006836099570632805, "y": -0.05988860896561889, "r": -0.10851480002231445, "b": -0.13162326609902325}