{"x": -0.009170629340100626, "y": -0.02082740416098685, "r": -0.13950126111337904, "b": -0.08728401453908231}