{"x": 0.033371270310227776, "y": 0.16676210665687294, "r": -0.07458468249224655, "b": 0.058806153854398704}