{"x": 0.06913389440067419, "y": -0.0994256390192413, "r": 0.06454518977293122, "b": -0.12330526022396598}