{"x": 0.05025214687707657, "y": -0.07964230925638165, "r": 0.05238939260687766, "b": -0.0039017629927533626}