{"x": 0.01170759015700366, "y": -0.05816260594734437, "r": -0.06160777151038784, "b": -0.15010479451589334}