{"x": -0.018007292229593626, "y": -0.19526494507814818, "r": 0.06647063773077505, "b": -0.05256001216688913}