{"x": 0.022027884027607667, "y": 0.042995705761420526, "r": -0.040832880008294756, "b": 0.014212732124211931}