{"x": -0.1374500601033936, "y": -0.03282410019608195, "r": -0.1318390624013703, "b": 0.004880865517708035}