{"x": -0.05122870648421468, "y": 0.019824051485607213, "r": -0.04775695202429211, "b": 0.0771734840373377}