{"x": -0.10014857912714101, "y": -0.09038636783252725, "r": 0.045380777847241156, "b": 0.043020985364349194}