{"x": -0.07778468860594975, "y": -0.1838412653842858, "r": 0.0856049894674345, "b": -0.015015186946071945}