{"x": -0.010763558391807907, "y": 0.04608836561759551, "r": -0.06038208615201161, "b": 0.03426910095783824}