{"x": -0.05968848217375812, "y": -0.0756973783891149, "r": 0.014687598560551051, "b": -0.02214253952950189}