{"x": 0.028344297801916805, "y": 0.15567803259306853, "r": 0.02177121639772443, "b": 0.15456334085149048}