{"x": 0.04815074240530691, "y": -0.08256557580089248, "r": -0.03168900329348249, "b": -0.1736267880155503}