{"x": 0.037783933322740076, "y": -0.07247584028997602, "r": -0.06430194033442811, "b": -0.12411710010765928}