{"x": -0.03597252838221469, "y": -0.01942121953520017, "r": 0.10833040725097468, "b": 0.09887483119723489}