{"x": 0.02400487643434857, "y": 8.117995464372445e-05, "r": -0.06355211679694799, "b": -0.07118218815578313}