{"x": 0.11420236119311149, "y": -0.02462673128704007, "r": -0.02726930622178579, "b": -0.15135971488073388}