{"x": 0.06809425277247612, "y": 0.036587238105859565, "r": 0.030596523046773433, "b": 0.09335519464413475}