{"x": 0.016349057700592855, "y": 0.056133038521129414, "r": 0.06839562046727714, "b": 0.014246872469359746}