{"x": 0.1200842248872196, "y": 0.14619367271268524, "r": 0.007590417614978618, "b": 0.0685040298611407}