{"x": -0.09604480690608658, "y": 0.04141668727452503, "r": -0.07988199782734148, "b": 0.11213857335078829}