{"x": 0.06091313815955518, "y": 0.023976878029605936, "r": 0.1409823652134179, "b": 0.08311453091575813}