{"x": 0.03689992986259299, "y": 0.13364182891391133, "r": -0.11280303060498448, "b": -0.032539756350806116}