{"x": 0.15128971220074414, "y": 0.02938343965470403, "r": 0.04840723696473564, "b": -0.03831795617879536}