{"x": 0.024989243589525142, "y": 0.11078612216457323, "r": 0.027631313605624017, "b": 0.09131108769502286}