{"x": 0.10025971023498192, "y": 0.010030907965212207, "r": -0.0023254670832710735, "b": -0.07652900466229531}