{"x": -0.10074198004933226, "y": -0.16611184679876023, "r": 0.008444630178920184, "b": -0.019952349562899367}