{"x": 0.09286618108494617, "y": 0.10282486803233362, "r": -0.016237722852989134, "b": -0.04171240336261561}