{"x": 0.11018711240472205, "y": 0.12065311134235657, "r": -0.022046082220036487, "b": -0.031302056131839284}