{"x": 0.044969524784930444, "y": -0.05608973177540686, "r": 0.0072570229885356875, "b": -0.13049963816431198}