{"x": -0.07150190379770056, "y": 0.03231464422715667, "r": 0.061417796714989904, "b": 0.1514182508311558}