{"x": 0.005425663888688882, "y": 0.08140604195025965, "r": -0.15734473430115142, "b": -0.06641382763582852}