{"x": 0.046623788128986945, "y": 0.08251861192326695, "r": -0.11769644803502582, "b": -0.06517118117933313}