{"x": -0.0945557764536719, "y": 0.02409493012682334, "r": -0.11798816501626569, "b": 0.018101248911327073}