{"x": 0.027396013949608614, "y": -0.10208899051657677, "r": -0.0003037200696758689, "b": -0.11933388296617614}