{"x": -0.12377158395150438, "y": -0.017112380521319248, "r": -0.0940303511384305, "b": 0.01828677115336493}