{"x": 0.14522949645321542, "y": 0.11395570667186104, "r": 0.008909518983691, "b": -0.007537145947354971}