{"x": -0.08470170030343369, "y": 0.07780394164282341, "r": -0.10163999893391149, "b": 0.041105608813962996}