{"x": -0.06899076171736807, "y": -0.041934696585002165, "r": 0.0905006669451283, "b": 0.163672868444753}