{"x": -0.045189097809997705, "y": 0.01954108546278425, "r": -0.1845149312166936, "b": -0.04952563230364158}