{"x": 0.10589079377988382, "y": -0.004402562539404699, "r": -0.04184831579917644, "b": -0.14745891997329497}