{"x": 0.09876268188998973, "y": 0.014487062456679457, "r": -0.004891859944713246, "b": -0.06056070943657812}