{"x": 0.1284122631529325, "y": 7.053760561128431e-05, "r": -0.013620965097455718, "b": -0.10325742274629822}