{"x": -0.00463547485934016, "y": 0.13190830450030766, "r": -0.03560937169399632, "b": 0.07891108713916639}