{"x": 0.11461778827385419, "y": 0.0295137997725081, "r": 0.018281419443426206, "b": -0.08736037885722833}