{"x": 0.06749893509800395, "y": 0.09997716255215855, "r": 0.09169710847527707, "b": 0.08344018130647064}