{"x": 0.16457913311810915, "y": 0.14228864181344844, "r": 0.007786359113560061, "b": -9.033345613544248e-05}