{"x": -0.005154743317627034, "y": -0.036741494188444204, "r": 0.04347171950547639, "b": 0.030610441185071776}