{"x": 0.028031432441186915, "y": 0.07015425800542836, "r": -0.10814790412131456, "b": -0.010174604627924497}