{"x": 0.04922301892981014, "y": -0.03894781950428391, "r": -0.003923444107730506, "b": -0.03639701566167988}