{"x": 0.12628326389288566, "y": -0.05651199684291272, "r": 0.012656780732849624, "b": -0.12034221501193955}