{"x": -0.06976510994190373, "y": 0.004255800389834874, "r": 0.11323369494673413, "b": 0.1728277905847079}