{"x": 0.0835645551876911, "y": 0.16224765851523518, "r": 0.023784156499059073, "b": 0.06507216204717374}