{"x": -0.011079161500685528, "y": 0.09270527213815807, "r": -0.034603308461034786, "b": 0.12403931916880043}