{"x": -0.05193298838060547, "y": -0.030062682744246068, "r": -0.012252662831214447, "b": 0.030307798537471772}