{"x": 0.08724936062973027, "y": -0.004546582213021869, "r": 0.017050714830214458, "b": -0.11020375423204798}