{"x": -0.01766647281105508, "y": 0.04232878063546936, "r": -0.007839057709165721, "b": 0.08581710957408838}