{"x": 0.1542307696399423, "y": 0.010480871672848033, "r": 0.09196539049183611, "b": -0.03568605904861621}