{"x": -0.05175151431389164, "y": 0.06124751588549205, "r": -0.13232913482225186, "b": -0.003613482751216365}