{"x": -0.0661759361987088, "y": -0.06765070059333218, "r": 0.010010662259911816, "b": 0.047669955991056466}