{"x": 0.07886611079162467, "y": -0.05152878719484292, "r": 0.05852725569155121, "b": -0.09155932359943805}