{"x": 0.1695896455294679, "y": -0.011185526426038334, "r": 0.1613068088566492, "b": -0.011169474702814394}