{"x": -0.11737840206930279, "y": -0.034575897415720244, "r": 0.07383312914896893, "b": 0.13269168342630483}