{"x": 0.01889484596318572, "y": -0.05230963219988619, "r": -0.027298927322727918, "b": -0.06109923973230624}