{"x": -0.19823626878690667, "y": -0.014293654395642612, "r": -0.11797299610166714, "b": -0.03048245962872761}