{"x": 0.00560554566007768, "y": 0.10160802404113954, "r": -0.13148304039808126, "b": -0.04030129617311814}