{"x": 0.03808910429203511, "y": 0.013265715586796088, "r": -0.0378232697425561, "b": -0.08364864994700895}