{"x": -0.0651867104823757, "y": -0.050716506722491395, "r": 0.008705237355813099, "b": 0.011811505159738073}