{"x": -0.03790733963550125, "y": -0.024552339575067555, "r": -0.06450488573120666, "b": -0.007236993013436375}