{"x": 0.02253258010942651, "y": 0.04881095758771121, "r": -0.06340795991236746, "b": -0.029480549296189228}