{"x": -0.12971179556139725, "y": -0.06634618843447566, "r": -0.10197504725031123, "b": 0.0022664532753463845}