{"x": -0.029267460857682132, "y": -0.054663624601757506, "r": 0.04319517641011874, "b": 0.08088505015238459}