{"x": -0.1082741656825052, "y": 0.03206010699568579, "r": -0.11025290218043247, "b": 0.06921945926254569}