{"x": -0.009089379936775553, "y": 0.0025920752815790033, "r": -0.15020797286145648, "b": -0.10436646167987927}