{"x": -0.019697600584744443, "y": 0.04374883138449307, "r": -0.13476403125825445, "b": -0.006322478378030725}