{"x": 0.043047357486856425, "y": 0.04960599725947583, "r": -0.04722518084520148, "b": 0.033596925186025445}