{"x": -0.0263278194344294, "y": -0.17739290835105997, "r": 0.0732592229767226, "b": -0.018767635474879682}