{"x": -0.03829445657721689, "y": 0.024171413515056764, "r": -0.1742584771006478, "b": -0.09311074799266454}