{"x": 0.12066934944732148, "y": 0.007739664095595483, "r": 0.061439371033122275, "b": -0.03540877548807707}