{"x": -0.0354093273460899, "y": -0.0028638762554862264, "r": 0.033654070635897614, "b": 0.07514565894810787}