{"x": 0.09229025290183984, "y": 0.056252368497777455, "r": -0.014984803319660903, "b": -0.07131189099141645}