{"x": 0.08528440503738602, "y": 0.025094605160484444, "r": 0.06733197455294276, "b": -0.015177088267494199}