{"x": 0.18214161473367196, "y": 0.07668730291782691, "r": 0.04517503431835867, "b": -0.02134543901998156}