{"x": 0.08516296936842938, "y": 0.15789204283645125, "r": 0.06531391368787715, "b": 0.036951185723848354}