{"x": -0.1376805506198805, "y": -0.015183586674601754, "r": -0.14972837053214136, "b": -0.03768592701107094}