{"x": -0.15175580959445528, "y": -0.21153050845860638, "r": -0.009112805489628562, "b": -0.0016732099946712843}