{"x": 0.035039957381736736, "y": 0.0681383718449103, "r": -0.05451650188300383, "b": -0.057628910062709905}