{"x": 0.13743334675119995, "y": 0.04709617230239953, "r": 0.08220291385565064, "b": 0.06898978570109095}