{"x": 0.04046728091951747, "y": 0.09624170119618865, "r": -0.08879215940686525, "b": -0.003993053807740172}