{"x": -0.07553638103272799, "y": -0.16115276058340072, "r": 0.058201306521585734, "b": -0.027415073029087432}