{"x": -0.017385405486163352, "y": -0.1103025162084804, "r": -0.009692464998203853, "b": -0.08538405537029954}