{"x": -0.007823330093437754, "y": -0.0481758111611249, "r": 0.07711642382756966, "b": 0.03676394275988268}