{"x": -0.03262262574969012, "y": 0.045097466274365644, "r": -0.12426189270933984, "b": -0.05761937060040974}