{"x": 0.040687717351456695, "y": 0.020917741989953595, "r": 0.11192368304116795, "b": 0.08081787735490668}