{"x": -0.12326160486525704, "y": 0.0514465603600446, "r": -0.15382765019156716, "b": -0.0160894239156859}