{"x": 0.04258221335785758, "y": 0.14996062377809471, "r": -0.0824018512467532, "b": 0.005674737069173863}