{"x": 0.11532680864513706, "y": -0.010484223151571872, "r": 0.00881651459555872, "b": -0.1017211888943054}