{"x": 0.1727030020106231, "y": -0.014599265283673639, "r": 0.04326150649397078, "b": -0.08010143561228451}