{"x": -0.14600976771456364, "y": 0.02651445806197841, "r": -0.09890053231833247, "b": 0.05257627164119929}