{"x": -0.028316634917346522, "y": -0.03354897282170366, "r": 0.01683354253744079, "b": 0.034199046307781415}