{"x": 0.038625632363322025, "y": 0.006367402235051146, "r": 0.007535387739610385, "b": 0.07017038107602723}