{"x": -0.04837605447651398, "y": -0.025041029717568213, "r": 0.009989750265718206, "b": 0.11972198357504975}