{"x": 0.023264424769768786, "y": -0.03818659531659051, "r": 0.00593031610686474, "b": -0.07527278219732617}