{"x": 0.0032049528020265242, "y": 0.09647770175465517, "r": -0.009450278464062267, "b": 0.15633931790969943}