{"x": 0.11529234952787851, "y": -0.002434041205614069, "r": 0.11483795280358969, "b": -0.013465640080968018}