{"x": 0.04711319406954525, "y": 0.009570098219276407, "r": -0.03505685550254558, "b": -0.06755692964716631}