{"x": -0.026360059545567503, "y": -0.11008296779804272, "r": 0.020795631855313208, "b": -0.06877730819269766}