{"x": 0.03168477710336898, "y": 0.0015420328990186532, "r": -0.06545276019033527, "b": -0.11374349359481248}