{"x": 0.033438963223783556, "y": -0.015755812236943348, "r": -0.04914252571851354, "b": -0.08847258600657697}