{"x": -0.061239640663913755, "y": -0.10995710520373934, "r": -0.012900844957259468, "b": 0.015378325215833811}