{"x": -0.06520602190576434, "y": 0.05372203798935543, "r": -0.10198940025737731, "b": 0.03347456730552594}