{"x": 0.04066257545018754, "y": 0.03028503292885189, "r": -0.10633007775238051, "b": -0.13323877040544901}