{"x": 0.08539068916318017, "y": 0.060100458928829564, "r": 0.04858920321195238, "b": 0.011552649635544207}