{"x": -0.06182046940621399, "y": 0.08857606897166907, "r": -0.10422053892459314, "b": 0.034497951520586594}