{"x": 0.007981733454962689, "y": -0.1395907817804501, "r": 0.020910938410546025, "b": -0.027457170153959445}