{"x": -0.02330769734008649, "y": 0.0214168390842703, "r": 0.031580646372528734, "b": 0.06344069080038944}