{"x": 0.08093458681930416, "y": 0.09378765995536543, "r": -0.07966066727482476, "b": -0.0668075941387631}