{"x": -0.07004801418513915, "y": -0.1293337085730961, "r": -0.029630047976503274, "b": -0.10907888124447253}