{"x": 0.031785230188384306, "y": 0.13273110500578073, "r": -0.038300517091078054, "b": 0.12276912406600829}