{"x": -0.12139807091468958, "y": 0.10054277663884667, "r": -0.05029092418435764, "b": 0.0611769889530452}