{"x": 0.11131645475551877, "y": -0.06361832285525515, "r": 0.06748025605732837, "b": -0.09110984118931205}