{"x": 0.06140148337787761, "y": -0.020625800378244245, "r": -0.08289445235219851, "b": -0.16492173610832037}