{"x": 0.054238829288959726, "y": 0.012739835852897839, "r": -0.08756146815737488, "b": -0.14799133738506173}