{"x": -0.1580667088629811, "y": -0.14195223313811947, "r": 0.02604519326802462, "b": 0.02771927994250717}