{"x": 0.0008158630174685731, "y": 0.07615331476918358, "r": -0.07608004378185772, "b": -0.09595063751720732}