{"x": 0.07592495244469322, "y": 0.03097643283075649, "r": -0.03901144598250373, "b": -0.09475342415220687}