{"x": 0.05672400172163827, "y": 0.01768051672140467, "r": 0.03563644065812781, "b": -0.008875828917169986}