{"x": 0.06690697318389106, "y": -0.02271101356693343, "r": -0.029182969978253863, "b": -0.12385073358292112}