{"x": -0.016191078131794424, "y": -0.17039925668396927, "r": 0.0880560473808774, "b": 0.005243157116159765}