{"x": -0.08478827787655462, "y": -0.16805375260621916, "r": 0.037106897931234735, "b": -0.04091607597689742}