{"x": -0.02019252278969066, "y": -0.13773848678220912, "r": 0.15749173571974975, "b": 0.02558376857467809}