{"x": -0.0010326931732070148, "y": 0.12169609367084347, "r": -0.15146080873131113, "b": -0.02476205981042974}