{"x": -0.16338179019646615, "y": 0.022724282704941836, "r": -0.010418893742064832, "b": 0.18808462965885284}