{"x": 0.08595793931649173, "y": 0.007916173476315718, "r": 0.03494771821580305, "b": -0.06402764568832854}