{"x": -0.09620190073657689, "y": -0.09090046551435632, "r": -0.12476433666716048, "b": -0.040161875806620215}