{"x": -0.17328538858928283, "y": -0.08561777961951719, "r": -0.0416191776793407, "b": 0.03224762384030281}