{"x": 0.06741900200615454, "y": 0.03698228473379774, "r": -0.10368728831282666, "b": -0.10161836991141801}