{"x": -0.04169299654997527, "y": -0.10615411409125389, "r": -0.054645100264730885, "b": -0.08039845716737155}