{"x": 0.08135969135714055, "y": 0.1346893468619142, "r": -0.02576148617773583, "b": -0.007944056566461426}