{"x": 0.08318598087159818, "y": 0.0955599660547728, "r": 0.07563461395776706, "b": -0.01435157377825949}