{"x": -0.166029550462973, "y": -0.058162543664582664, "r": 0.0031717804757899625, "b": 0.11103878727417933}