{"x": 0.07208109056618846, "y": 0.06815905151112576, "r": -0.08806331985983316, "b": -0.09198535891489586}