{"x": -0.06534063413518568, "y": 0.05995321092768568, "r": -0.0630829776507341, "b": 0.11851747732699408}