{"x": 0.024104847934300525, "y": 0.02992842429211131, "r": 0.009407196911278662, "b": 0.02038942431085373}