{"x": 0.03370451854582479, "y": 0.0023701919851854074, "r": 0.06892023965145957, "b": 0.024961331126118057}