{"x": 0.1701712698899166, "y": -0.010619893799041213, "r": 0.07536260646063726, "b": -0.038945577706175814}