{"x": 0.10268732776254312, "y": -0.0028667983746965098, "r": 0.1730863935410498, "b": 0.07904193477777259}