{"x": 0.03849454964419178, "y": 0.05491406756619347, "r": -0.10766847268560889, "b": -0.11008359397692027}