{"x": -0.03195314012890633, "y": 0.11278517273428126, "r": -0.0012388511401426594, "b": 0.13259243220993697}