{"x": 0.03729708760823876, "y": -0.07136706879754869, "r": 0.10270739865216577, "b": -0.00595675775362167}