{"x": 0.02230492952028995, "y": 0.1253065211334638, "r": -0.037296897418393204, "b": 0.11853605223193328}