{"x": -0.01656320612738237, "y": 0.021778994512807667, "r": -0.021303011352510542, "b": 0.004901869839205447}