{"x": 0.08753962649007233, "y": 0.10766693049782687, "r": 0.02599138192496421, "b": 0.08024420431216937}