{"x": -0.06363323572891719, "y": -0.0013784079530832492, "r": -0.15745614789851825, "b": -0.10625226021817641}