{"x": 0.07359878844858533, "y": 0.0689263039745923, "r": 0.029557560401614204, "b": -0.06046838585389925}