{"x": -0.0680817311506917, "y": -0.00014892902852819357, "r": -0.12224417724288944, "b": -0.09192991419660444}