{"x": -0.014574015818755181, "y": -0.15687876322049818, "r": 0.12927995247148594, "b": 0.006528264356755171}