{"x": 0.09280731663378901, "y": 0.0057737527372470196, "r": 0.0851090427758319, "b": 0.07095639661853599}