{"x": 0.12598119665009122, "y": 0.12005484179278812, "r": 0.04329022966200805, "b": 0.016515942236252308}