{"x": -0.016657095866086317, "y": -0.036547105711247765, "r": -0.06763314449695078, "b": -0.07958153131810272}