{"x": -0.02848568893799061, "y": -0.09752086169512789, "r": 0.017549516344318367, "b": -0.03352797048522563}