{"x": 0.09520495660477835, "y": 0.04302868644865405, "r": 0.04144056521722804, "b": 0.005439262729692632}