{"x": -0.09109032862434165, "y": -0.08249172708630526, "r": -0.01058700828702977, "b": 0.009629908523451197}