{"x": 0.17380527998894701, "y": 0.017921603825686645, "r": 0.07070254102336564, "b": 0.0026593182603831243}