{"x": 0.0331081824006829, "y": -0.06179218594744086, "r": 0.15823868100254548, "b": 0.06333831265442101}