{"x": 0.06940541980178988, "y": -0.056489647530422106, "r": 0.04868086663696539, "b": -0.08915658419323653}