{"x": -0.0464515366002587, "y": 0.01387866298665942, "r": -0.11012424160092468, "b": -0.1463659154892741}