{"x": -0.0007479578087003201, "y": -0.03669114756248176, "r": 0.16225563875946133, "b": 0.11212947831582427}