{"x": 0.08567719988545036, "y": -0.06355079399253336, "r": 0.0459809496495859, "b": -0.12443021517907728}