{"x": -0.014012666742883992, "y": 0.026271395693040506, "r": -0.04672809661876535, "b": -0.018240187477036776}