{"x": 0.1073514059429911, "y": 0.05878843107213471, "r": 0.02443130665651221, "b": 0.017240357381754518}