{"x": 0.004625885759386571, "y": -0.02522455357300022, "r": 0.1285560479043731, "b": 0.08499914317997428}