{"x": -0.011849360740358268, "y": -0.06469208855842672, "r": -0.04359724681590705, "b": -0.01739898574218326}