{"x": -0.16108170746872855, "y": -0.033122372671347655, "r": -0.046028506589646384, "b": 0.06833261844091727}