{"x": 0.05509675590183714, "y": -0.11843272379217516, "r": 0.12865752732928273, "b": -0.05086949857382144}