{"x": -0.15653524650107498, "y": -0.03747979045115553, "r": -0.056098961057036836, "b": 0.0416302103912545}