{"x": -0.009141035815328524, "y": -0.0615362726420815, "r": 0.16521088259260355, "b": 0.09849428090721725}