{"x": 0.031404365739973635, "y": -0.05471803907466891, "r": 0.023889431432339393, "b": -0.07433644979318499}