{"x": 0.11878299193547787, "y": -0.08247299901415368, "r": 0.11068517292355674, "b": -0.03222363090912899}