{"x": 0.0786627202169445, "y": -0.005809583206186804, "r": -0.04639776652280639, "b": -0.10170541950392938}