{"x": -0.0061059008707695555, "y": 0.032709243813572916, "r": 0.1398872107250434, "b": 0.15265705741857358}