{"x": -0.10355332094962064, "y": 0.060193007518032325, "r": -0.13783548100211546, "b": 0.014133800636910039}