{"x": -0.08100861305863787, "y": -0.10167143252440193, "r": 0.04376404343072724, "b": 0.04318644997370184}