{"x": -0.08305926569405805, "y": 0.05738894030471989, "r": -0.15685720163679945, "b": 0.035624828185419996}