{"x": -0.03242101887654061, "y": 0.004008024547763887, "r": -0.03099011565557619, "b": -0.01469033661762274}