{"x": 0.024942871981184517, "y": -0.0373597647036073, "r": -0.0003198692886481049, "b": -0.16315594521466795}