{"x": 0.12374161485997591, "y": 0.07803039415612048, "r": 0.011624380397025236, "b": 0.005968021296344969}