{"x": -0.09300313116256768, "y": -0.020515103614032963, "r": 0.028685395751813707, "b": 0.1203475861535857}