{"x": 0.07775469880298116, "y": 0.1684018789258385, "r": -0.013661502411462967, "b": 0.0812313963973085}