{"x": -0.0396582534362175, "y": -0.09836992057276284, "r": -0.08203207675342797, "b": -0.13548206160050744}