{"x": -0.006580699835462364, "y": -0.05475796241579329, "r": -0.09486197448301613, "b": -0.15415775810422996}