{"x": 0.0501842540685771, "y": -0.029749948436783923, "r": 0.12758859341835005, "b": 0.03451531360384545}