{"x": 0.08697104313405533, "y": -0.03995047956805493, "r": -0.018417755061324266, "b": -0.09271508942198625}