{"x": 0.012162682265675542, "y": -0.06344606224374962, "r": -0.025042519215137896, "b": -0.08345849946529282}