{"x": -0.10558265286568655, "y": 0.09645826444374106, "r": -0.06768487748616095, "b": 0.04168659559295186}