{"x": 0.07632168649817561, "y": 0.014920749340874739, "r": 0.0732917580420753, "b": -0.00026735071941878417}