{"x": -0.1273052787163578, "y": -0.0918576715085536, "r": -0.005371079408743937, "b": 0.04933720074854781}