{"x": -0.01666021621283783, "y": -0.0093458063011834, "r": 0.028878909769011522, "b": 0.06956158965881008}