{"x": -0.011198405016837144, "y": 0.024204831294312956, "r": -0.08789982212969802, "b": -0.03253337321558276}