{"x": -0.08357442213748623, "y": -0.11121180540248161, "r": 0.06219082484665186, "b": 0.05413917229933404}