{"x": 0.08333669869520816, "y": 0.17071151251307295, "r": -0.040309646484688835, "b": 0.03637792764024734}