{"x": -0.019596639198200264, "y": -0.11312048836244361, "r": -0.01607984238584858, "b": -0.09881318835856126}