{"x": 0.10462437145768642, "y": 0.1033695928450173, "r": 0.03464171176516962, "b": -0.0020798298253272562}