{"x": -0.07723694838786148, "y": 0.026034450926164503, "r": -0.11913597475709041, "b": -0.03443242376924217}