{"x": -0.022299760093478782, "y": 0.002675354838771326, "r": -0.02932064046953145, "b": 0.013386244456003431}