{"x": -0.1077120927999835, "y": -0.09053043376517741, "r": -0.10031103884905801, "b": -0.03768271572624025}