{"x": 0.0042648707337093065, "y": 0.08620232718429657, "r": -0.12728825349108344, "b": 0.018433436773502083}