{"x": -0.09064781488975687, "y": 0.011686432744817414, "r": -0.1707091923351366, "b": -0.06332033688432814}