{"x": 0.1631962257101322, "y": 0.13055872874020355, "r": 0.014120898928487053, "b": 0.03153779450081404}