{"x": 0.014651332007360199, "y": -0.05235272944373489, "r": 0.1884039796984915, "b": 0.10708586156823628}