{"x": 0.14297127746924676, "y": -0.03334258860320187, "r": 0.16956433014786684, "b": -0.0013747031880445182}