{"x": -0.16070137748596916, "y": -0.1720341350872557, "r": 0.00029261613765058764, "b": 0.008805909709417378}