{"x": -0.03958568705552947, "y": -0.17037486431212845, "r": 0.06338766759133334, "b": -0.02353325124181086}