{"x": 0.013143517027864617, "y": 0.13406343190658454, "r": 0.0011055096556091054, "b": 0.1002321452851874}