{"x": 0.0405359235286993, "y": -0.02590504664783778, "r": 0.12654218735531095, "b": 0.036145196653186856}