{"x": -0.13150490944631188, "y": -0.011114265575614965, "r": -0.12375186532081868, "b": -0.0033612214501215257}