{"x": 0.09172893281443753, "y": 0.08643052773193438, "r": -0.045129989185507945, "b": -0.06095450497532883}