{"x": 0.020379055652239835, "y": 0.004325180181158647, "r": -0.02451828813934065, "b": -0.06227904216061319}