{"x": 0.16567057845578884, "y": 0.08647291314474578, "r": 0.01574367058261299, "b": -0.045074035979741967}