{"x": 0.02531426853384821, "y": 0.08286481742418124, "r": -0.04573114468119483, "b": 0.0427845571019701}