{"x": -0.0036518264383132225, "y": 0.0820492682551967, "r": -0.0006847109505062474, "b": 0.09340941399813128}