{"x": -0.0043543659553477885, "y": 0.09306953642190383, "r": 0.008450596542950325, "b": 0.09352321888973489}