{"x": -0.06055489467842066, "y": 0.06479714140911597, "r": -0.14782553691808276, "b": -0.033604346656891146}