{"x": -0.03752247740770622, "y": -0.0722564440443486, "r": -0.07370304704996104, "b": -0.014042327208267254}