{"x": -0.03768209909135163, "y": 0.030229345383978763, "r": -0.08089418693213021, "b": 0.021809545258080962}