{"x": -0.03043363064116052, "y": -0.028069588184622858, "r": -0.09717158339103739, "b": -0.026262870797486234}