{"x": 0.057803650475022283, "y": 0.15317955306603742, "r": -0.03267929065638737, "b": -0.031110080235675273}