{"x": -0.07284321626204354, "y": 0.031281935253245775, "r": -0.09151130370676144, "b": 0.000646385460293375}