{"x": 0.001219965646737957, "y": 0.01981891061098511, "r": -0.046801525880548776, "b": 0.014743817962166436}