{"x": -0.05113946147341123, "y": -0.07887023949175612, "r": -0.02071498839926693, "b": 0.018176505548388892}