{"x": 0.03731898485229355, "y": 0.005476019889397984, "r": -0.14411807834667753, "b": -0.12781028232127775}