{"x": 0.10338842383381244, "y": -0.0009309659540792637, "r": -0.01727575138194656, "b": -0.13927023312530082}