{"x": -0.0488312792880477, "y": 0.05999027834555275, "r": -0.1083501236457147, "b": -0.03693406652061613}