{"x": -0.23335890913628574, "y": -0.032621351155122776, "r": 0.013265668607422128, "b": 0.08542759749394328}