{"x": -0.04750000333230858, "y": -0.03444730782439508, "r": 0.04949372642227979, "b": 0.06767256085427967}