{"x": 0.00021419228432324286, "y": 0.12809069557586536, "r": -0.04065458736854573, "b": -0.011701931915496932}