{"x": 0.12054379697969587, "y": 0.054671085078368035, "r": -0.03904863640173133, "b": -0.10492134830305917}