{"x": -0.1040097184232253, "y": -0.06559440422882533, "r": -0.02556927194382253, "b": -0.00030567051136569384}