{"x": -0.027141624677739912, "y": 0.1304763906737608, "r": 0.022092999662614646, "b": 0.08602935212658369}