{"x": -0.07894073116141788, "y": 0.03938788578946237, "r": 0.04946368224578905, "b": 0.20882518695693136}