{"x": 0.014842234041687814, "y": 0.00791053711691927, "r": 0.10055140427701686, "b": 0.11225849139062248}