{"x": -0.12438549148738813, "y": -0.0838476652693023, "r": 0.12201992839586774, "b": 0.05127155641009143}