{"x": 0.03942481154756716, "y": -0.10194787383038506, "r": -0.0263802196434921, "b": -0.17914552659228447}