{"x": 0.08755415812777384, "y": 0.11314644156953807, "r": -0.0668955892316614, "b": 0.013365891579105026}