{"x": -0.023640764264871175, "y": -0.09069090317776889, "r": 0.00034805141889159415, "b": -0.0619170930281947}