{"x": 0.0003139457894015375, "y": -0.09363351027599615, "r": -0.027403428755156924, "b": -0.13320799000903624}