{"x": 0.09766150284427316, "y": -0.05620499100370678, "r": 0.01757154332366153, "b": -0.08218259520200144}