{"x": 0.12031642543690585, "y": 0.10574754703306977, "r": 0.036920327124973305, "b": 0.011173352359087051}