{"x": -0.08526008565985968, "y": -0.12658308399941415, "r": -0.06099172329509395, "b": -0.04206364149554455}