{"x": -0.13460700224643452, "y": 0.04669568835703504, "r": -0.008590902013289905, "b": 0.17271178859017983}