{"x": 0.041254419726435544, "y": 0.06034283743078543, "r": 0.029223673786948394, "b": 0.08124439995998205}