{"x": 0.05825682992985971, "y": 0.149529475319753, "r": -0.0013312677831414034, "b": 0.11995452342442206}