{"x": -0.0755313043358419, "y": 0.022598085803456586, "r": -0.071356015605784, "b": 0.03757095828329943}