{"x": -0.050488421861766025, "y": 0.04843947975653511, "r": 0.010326511911858995, "b": 0.1778415859724204}