{"x": -0.07967403583000293, "y": -0.018516520296223672, "r": -0.14824646402627997, "b": -0.07116710965824903}