{"x": -0.12331306156866596, "y": 0.07214062292066153, "r": -0.10438997556588547, "b": 0.06790636605974117}