{"x": -0.023594237231149316, "y": -0.10908378030427099, "r": 0.011532349373125089, "b": -0.0865806886585853}