{"x": -0.03792807251462895, "y": 0.05448915931620913, "r": -0.1537887170756948, "b": -0.0042073027811333616}