{"x": 0.13822837617688252, "y": 0.0030473956765878496, "r": 0.09963100286975131, "b": -0.05740003732810856}