{"x": 0.07577866857850464, "y": 0.13275068503693882, "r": 0.024156278658022976, "b": 0.04496135235918738}