{"x": 0.005414283518461876, "y": -0.030351233970029284, "r": 0.14749789147702883, "b": 0.13446040598771197}