{"x": -0.01918692626326245, "y": -0.011669451784628151, "r": -0.06572284467633686, "b": -0.07737047736527947}