{"x": 0.1048828314062873, "y": 0.026114506861270974, "r": 0.038195297745582106, "b": 0.011860257826369437}