{"x": 0.11447452336788175, "y": 0.005299564744272741, "r": 5.684568227566609e-05, "b": -0.09959572237881298}