{"x": -0.002076277547094082, "y": -0.03875150462638361, "r": 0.027619838579854793, "b": -0.050009211299938384}