{"x": 0.16087986507439417, "y": 0.042572642389064906, "r": 0.027236197733300656, "b": -0.04455524870188598}