{"x": 0.013303925604712856, "y": -0.1857180566513615, "r": 0.05861163908722451, "b": -0.1055667527194328}