{"x": 0.0027486327299246407, "y": -0.09465027721090169, "r": 0.03557384153746833, "b": -0.020746793053057974}