{"x": 0.1284599187815825, "y": -0.009583297818845031, "r": -0.028270707527323215, "b": -0.15925727664916364}