{"x": -0.005661263406079906, "y": 0.16186888286854334, "r": -0.13802432472691784, "b": 0.024658687812067627}