{"x": -0.018466868966695058, "y": 0.03745027621655225, "r": -0.1099115756582144, "b": -0.0492375964785876}