{"x": 0.1099107360346204, "y": 0.11464259724261443, "r": -0.03483176486918747, "b": 0.01581996206209321}