{"x": 0.10501501117188446, "y": 0.022348069767680737, "r": 0.0191389774117979, "b": -0.058741974640364396}