{"x": 0.04645691388767528, "y": 0.13361148230341133, "r": -0.10443346598550056, "b": 0.01649250777618846}