{"x": 0.04373734457749281, "y": -0.034053960876213527, "r": 0.023731697671470976, "b": -0.14155910359419768}