{"x": 0.0043014524571136125, "y": 0.04219077800398315, "r": -0.018498686893963272, "b": 0.007473567181577936}