{"x": 0.06667191681051218, "y": 0.03738651008888412, "r": 0.03140967361950661, "b": 0.05632301728040696}