{"x": -0.043948252412557995, "y": -0.01244480581848453, "r": -0.05913505200151427, "b": -0.12920426733324397}