{"x": 0.09795965071352603, "y": 0.13356961391939498, "r": -0.07250201197741199, "b": 0.011904324011342952}