{"x": 0.020341319062591644, "y": -0.08000608787785568, "r": -0.016471654049969416, "b": -0.10028366138719845}