{"x": -0.09370674436954803, "y": -0.02927114307062215, "r": -0.019740098134826002, "b": 0.0333307767489178}