{"x": 0.023099373479584132, "y": 0.13850976724458672, "r": -0.13103875260074435, "b": 0.029787043790816637}