{"x": -0.032638277082315884, "y": 0.044748138045087545, "r": -0.1322729588238217, "b": -0.001923877916506836}