{"x": 0.048877116134998455, "y": 0.08301707232440124, "r": -0.018256215970272178, "b": 0.06829197998849743}