{"x": -0.06799855174368061, "y": -0.008097283705852694, "r": -0.13520220313850337, "b": -0.04138106787866901}