{"x": -0.10678379867997527, "y": 0.08313563156697967, "r": -0.021910137886106577, "b": 0.14698460901213023}