{"x": 0.034452231794731066, "y": 0.12701000465160267, "r": -0.0342298350025257, "b": 0.06834210917910605}