{"x": 0.11287545591768673, "y": 0.058526246470413844, "r": -0.03131818097199447, "b": -0.07646517146109189}