{"x": 0.13609897264853074, "y": 0.05550617213500059, "r": 0.038421719080575664, "b": -0.03795462000102862}