{"x": 0.06030016633054494, "y": 0.03405235173312239, "r": 0.039346296033392264, "b": 0.0572659760090307}