{"x": 0.10226196238487037, "y": 0.00015132753690430447, "r": 0.014588902666566645, "b": -0.020514668770879346}