{"x": 0.023223518984814905, "y": -0.041579335198015044, "r": 0.024074122189484654, "b": -0.06347533661163325}