{"x": 0.09274691831675437, "y": 0.05705406117581852, "r": 0.07698984870087376, "b": 0.022222516164896417}