{"x": 0.12786347092694286, "y": 0.14798611813335155, "r": 0.035272043567330366, "b": 0.02079012656287682}