{"x": -0.0007933070727127221, "y": 0.05427919549108449, "r": -0.0836395301381537, "b": -0.04941143159559647}