{"x": -0.048857522477078204, "y": -0.10391988264156038, "r": 0.0732778447584705, "b": -0.08197517319489994}