{"x": 0.0024033150281967857, "y": 0.10949580078644654, "r": -0.1462318413012834, "b": 0.02339026574350122}