{"x": 0.01930853442706365, "y": 0.149222515187939, "r": -0.1483586601210418, "b": -0.0004482943774229883}