{"x": 0.03444364024130464, "y": -0.09133338033535433, "r": -0.007263742717560828, "b": -0.1548201409542456}