{"x": -0.07534749213710397, "y": -0.06435284487272007, "r": 0.003852937770348679, "b": 0.020777257726532137}