{"x": 0.1654435028332926, "y": 0.07925533484131468, "r": 0.009975688249775645, "b": -0.05795232438184631}