{"x": 0.07515592215231234, "y": -0.0734502312432556, "r": 0.04460684689077387, "b": -0.08742749582550413}