{"x": -0.0022965650182128505, "y": -0.08118195372580998, "r": -0.03513530301226994, "b": -0.07885119128328799}