{"x": 0.12169916035325296, "y": -0.0036411560917278063, "r": -0.061830703450060635, "b": -0.1391433648246481}