{"x": -0.01952671917920267, "y": -0.058547328735092385, "r": -0.06555298836969456, "b": -0.10990306010887761}