{"x": -0.0019419753145177674, "y": 0.03169916214481627, "r": -0.11474176963310907, "b": -0.16031493625247223}