{"x": 0.15854982837580858, "y": 0.07762274088960935, "r": 0.022105120818245554, "b": -0.04163678671885045}