{"x": 0.03054004104638118, "y": -0.04168312226820418, "r": -0.05408605681193925, "b": -0.14404902443159648}