{"x": 0.07674283637543904, "y": -0.13507559342017006, "r": 0.08805691880856811, "b": -0.06946276830606596}