{"x": -0.0547068674721762, "y": 0.004314731828706799, "r": -0.065184038881501, "b": 0.013529557008251446}