{"x": 0.047347577879009874, "y": 0.04587200990914019, "r": -0.09685001975996878, "b": -0.13236318327828817}