{"x": -0.025126696209617747, "y": -0.04607782948117077, "r": -0.13237887202029353, "b": -0.0804526318886364}