{"x": -0.02777932879021355, "y": -0.05892458845026333, "r": 0.16003327889882038, "b": 0.10501238893346339}