{"x": 0.06610096865855584, "y": -0.018712388250315303, "r": 0.050859875999387, "b": -0.053037955857949445}