{"x": -0.04486396331008832, "y": -0.12885072779716716, "r": -0.0878570708787933, "b": -0.09372082373882792}