{"x": 0.07784699909008078, "y": 0.15103059240359504, "r": -0.029915181322916786, "b": 0.05852034053054623}