{"x": 0.10153005199419766, "y": 0.06507389094944319, "r": -0.053264836199308226, "b": -0.0627463660161952}