{"x": 0.09392586408405632, "y": 0.08406441771531113, "r": -0.03908174485262083, "b": -0.0537867241323343}