{"x": -0.06452873833980574, "y": -0.07131848721688218, "r": 0.011259371343602699, "b": 0.09228905999170209}