{"x": -0.06716725015467388, "y": 0.02312682683434532, "r": -0.13243854022068763, "b": -0.05354359384061947}