{"x": 0.08860276853402906, "y": 0.027652741978336236, "r": -0.05202814385317351, "b": -0.1471576227571026}