{"x": 0.0911502743411061, "y": 0.05994352855555233, "r": 0.005333110867780454, "b": -0.006107519533412801}