{"x": 0.017013034301479275, "y": 0.08509317802758543, "r": -0.11929206972613597, "b": -0.04717596854221485}