{"x": 0.10120248333357182, "y": 0.06590378756775025, "r": -0.05595927282456549, "b": -0.09596656213140305}