{"x": -0.08223940412835189, "y": -0.13091369492808128, "r": 0.027366974406383773, "b": -0.0022582798519758624}