{"x": 0.06365093265041541, "y": -0.04114526718654592, "r": -0.051623232816664755, "b": -0.1043767365046308}