{"x": -0.008501290066478815, "y": 0.13960800293698877, "r": -0.16276014669572098, "b": 0.023502882098908297}