{"x": 0.011885831981736662, "y": 0.0300775870736769, "r": 0.10504580344473805, "b": 0.08154925454020803}