{"x": 0.09271613949747723, "y": 0.0437190305498244, "r": 0.045580510482448364, "b": -0.015036895672337642}