{"x": 0.04096961871713759, "y": -0.06100167913854821, "r": 0.04741793057126144, "b": -0.14441482369997152}