{"x": 0.07422178158291896, "y": 0.039756554373983864, "r": -0.054977599017424245, "b": -0.07211346066616695}