{"x": 0.06826135625443183, "y": 0.025495956618048196, "r": 0.1616862736504492, "b": 0.07722246614726831}