{"x": -0.014088074664779775, "y": -0.18232603860456528, "r": 0.15111287614733823, "b": -0.03133485548527705}