{"x": 0.03601926536408763, "y": -0.1255627057843149, "r": -0.005025205343903664, "b": -0.16158646691486056}