{"x": -0.015614287617669087, "y": -0.013956039156219903, "r": 0.0050891110142182285, "b": -0.03217777013317575}