{"x": -0.022550281680486124, "y": -0.006987732210508346, "r": -0.06610096807905193, "b": -0.045283202600274484}