{"x": 0.046842389374434586, "y": 0.09954446182881102, "r": 0.03466398945958563, "b": 0.1319294423689311}