{"x": 0.13009938852551375, "y": 0.024600632322403025, "r": -0.0016384401309769568, "b": -0.1071371963340879}