{"x": -0.11200865982192469, "y": 0.030114131606915465, "r": -0.04146811680330785, "b": 0.1121658632601411}