{"x": 0.05100060809605394, "y": -0.12369696100874956, "r": -0.0009464266096419385, "b": -0.15677727003694736}