{"x": 0.14495866502792823, "y": -0.009388103224460216, "r": 0.07258803446333728, "b": -0.10040455026011418}