{"x": -0.1342148447932526, "y": -0.1703026896750876, "r": 0.002185266967814741, "b": 0.002365510759205306}