{"x": -0.13745702612678168, "y": 0.04754771754186312, "r": -0.09739051210315776, "b": 0.0930596059844589}