{"x": -0.10920529434048852, "y": -0.0803455426923876, "r": -0.04511913590561762, "b": -0.02923604472623541}