{"x": -0.07782652239845698, "y": 0.04365584706199506, "r": -0.06956418078360557, "b": 0.06915344237966443}