{"x": -0.04086759455272582, "y": 0.07505436235123607, "r": -0.05624766993651432, "b": 0.13199100459462695}