{"x": 0.0021861889976588617, "y": 0.035968794291018694, "r": -0.11721152499312185, "b": -0.09416797196816766}