{"x": -0.0015894919582163244, "y": -0.05623029712913843, "r": 0.13753137664445056, "b": 0.06081458564789622}