{"x": -0.05796505356390717, "y": 0.08047627250167538, "r": -0.13336872170656006, "b": 0.05946062388004291}