{"x": -0.022692198084494034, "y": 0.015690842217145888, "r": -0.0922180020838092, "b": -0.037219351139299015}