{"x": 0.12883575120568086, "y": 0.06996521545983028, "r": -0.019915209462766766, "b": -0.08916683105412357}