{"x": 0.15718746944601122, "y": 0.015020098719286976, "r": -0.0007695890451860168, "b": -0.1429369597719103}