{"x": 0.12015025513484873, "y": -0.06794523938117991, "r": 0.10138392315269051, "b": -0.04768523229444668}