{"x": 0.016130326727079394, "y": 0.10739034893495031, "r": 0.08165131447496826, "b": 0.0777755342053491}