{"x": 0.034278565116178286, "y": 0.08772240738582761, "r": -0.10838062958350503, "b": 0.02902958021555712}