{"x": -0.061408175582885006, "y": 0.09664684237942321, "r": -0.08605090048861794, "b": 0.03321149857789674}