{"x": 0.0698281444038768, "y": 0.09315707005901903, "r": 0.03907369705886997, "b": 0.05698784309024129}