{"x": -0.05526919266639532, "y": 0.08500509091974517, "r": -0.1400174217313613, "b": 0.010098278746553495}