{"x": 0.031834366936047194, "y": -0.015936205917483435, "r": -0.07542865115541186, "b": -0.12319922400894227}