{"x": -0.04752845449203375, "y": 0.04054078944759367, "r": -0.09962716587818335, "b": 0.026142697494949785}