{"x": 0.07029344584985897, "y": 0.01505922261459526, "r": -0.029760855523457672, "b": -0.09597002630294867}