{"x": 0.019769478429677172, "y": 0.05044707804442789, "r": -0.018311570412226145, "b": 0.06640641971702439}