{"x": 0.016949459567596123, "y": 0.038125104568772716, "r": 0.022096343091218676, "b": 0.05408001909802499}