{"x": -0.0572481785567552, "y": -0.16856209220428614, "r": 0.007404799403951268, "b": -0.08272199030406345}