{"x": 0.09631739371989338, "y": 0.021268895109821988, "r": -0.04464011103439125, "b": -0.13016473763526457}