{"x": -0.03018493067830205, "y": -0.037999313556909255, "r": 0.023144047634051552, "b": 0.0024841894101709796}