{"x": 0.0402142836484274, "y": -0.00975178600612096, "r": -0.0556542440405203, "b": -0.14158008816198653}