{"x": 0.06043113500085249, "y": -0.08433113773398401, "r": 0.038888769654988865, "b": -0.0702932254560612}