{"x": 0.03970034410532423, "y": 0.15878940859552063, "r": -0.07352663746403415, "b": 0.010293045611308178}