{"x": 0.15020564422341065, "y": 0.023878223444198515, "r": 0.04038052788754908, "b": -0.08105582210229967}