{"x": 0.14412048681962297, "y": 0.15599932790051896, "r": -0.023649800407790564, "b": -0.002822252737941819}