{"x": 0.13879681737970642, "y": -0.04468971910381166, "r": 0.12516994707930593, "b": -0.05289695682344423}