{"x": -0.17487718793694082, "y": -0.001914256699092356, "r": -0.11537475321084803, "b": 0.06340961997604491}