{"x": 0.0551756460082909, "y": -0.07529787658376008, "r": 0.02125465951982493, "b": -0.1460608593502083}