{"x": 0.09716038573185261, "y": -0.0096259760906386, "r": -0.012025571582635954, "b": -0.053384913320881654}