{"x": -0.08024530286333763, "y": 0.03736903027448489, "r": -0.018286300486497074, "b": 0.14723595757058142}