{"x": -0.09082022336042267, "y": -0.07807566733455519, "r": 0.1151938153965756, "b": 0.020258546533425383}