{"x": 0.012604005901833254, "y": 0.06972609123273071, "r": -0.08867834344784115, "b": -0.041066497806365114}