{"x": 0.14311576799204342, "y": 0.04790568284394954, "r": 0.0591869749160792, "b": -0.053776428195658796}