{"x": -0.009982117176614014, "y": -0.07120995889395909, "r": -0.06329635930475526, "b": -0.12010043579840017}