{"x": 0.09815587907917293, "y": 0.013328233505155412, "r": 0.10636901051823261, "b": 0.009246082853494843}