{"x": 0.04876284365208352, "y": 0.015478626724429784, "r": -0.10767148653484807, "b": -0.1370138078091697}