{"x": -0.027782582614640082, "y": -0.1211919658191298, "r": 0.0059076979888783, "b": -0.06975592932542253}