{"x": -0.02958042091196962, "y": -0.006863409450221143, "r": 0.039824095398249645, "b": 0.04949958836841087}