{"x": -0.04590728226901001, "y": 0.12197270545527139, "r": -0.05568186814048924, "b": 0.11219811958379206}