{"x": 0.025794213713561134, "y": 0.053683831219071054, "r": 0.06556323868238512, "b": -0.013787895266288604}