{"x": 0.05185912029332051, "y": -0.01378725681464972, "r": -0.0372100991312527, "b": -0.08658985515751888}