{"x": 0.0013405186422694563, "y": -0.06046209206942564, "r": -0.056899002167315325, "b": -0.13018649677157706}