{"x": -0.04314540618821532, "y": 0.05725612428069178, "r": -0.008566475806556437, "b": 0.07921823843818336}