{"x": 0.008784149626042155, "y": 0.12140584562114778, "r": -0.15209428088018545, "b": -0.025067064378748956}