{"x": 0.010727402277662921, "y": 0.16627289191006353, "r": 0.007067633392009933, "b": 0.1672689184969075}