{"x": -0.012424411276873066, "y": -0.02179595272434071, "r": 0.02880114435457172, "b": 0.006731730277451569}