{"x": -0.09342441035401666, "y": -0.021322519355686985, "r": -0.024963917377202837, "b": 0.05862679612625316}