{"x": 0.014213267277348602, "y": 0.09038649339493487, "r": -0.11902319904473313, "b": 0.027906233903703486}