{"x": -0.04253228197790093, "y": -0.1245248457210362, "r": -0.03591121380993447, "b": -0.11790377755306995}