{"x": 0.05585173179808252, "y": -0.02974445444767624, "r": -0.10099832036948488, "b": -0.11776593944524925}