{"x": 0.027203845441193995, "y": 0.09097474079976843, "r": 0.04552628585743366, "b": 0.09687861486946929}