{"x": 0.13536380320915575, "y": -0.012747025378118036, "r": -0.02091123853896859, "b": -0.10705356736763004}