{"x": -0.1627378951421839, "y": -0.0011899634000679326, "r": -0.04451624133600581, "b": 0.16150641527340134}