{"x": 0.006654337531389824, "y": 0.12401413124360296, "r": -0.07411529634818574, "b": 0.03203437094792523}