{"x": -0.07407241642579925, "y": 0.005039536432230089, "r": -0.16913447267837656, "b": -0.09002251982034712}