{"x": 0.004041346389507351, "y": -0.10261327584260374, "r": -0.006444402685006752, "b": -0.032322351372180064}