{"x": 0.0977302710628506, "y": -0.01943482895649819, "r": 0.06385337278064493, "b": -0.04292330679012543}