{"x": 0.12827493978778018, "y": 0.06068332219502048, "r": 0.039504045916021774, "b": -0.06432963839774754}