{"x": -0.06340017316150315, "y": 0.09746502065919536, "r": -0.14697643323828863, "b": -0.0038713894161022137}