{"x": 0.024732776564031642, "y": 0.08677312826890271, "r": -0.006476452457380904, "b": 0.018618488489832163}