{"x": 0.0403135339165374, "y": 0.13138263212154316, "r": -0.07625763208229493, "b": 0.019665470705135097}