{"x": 0.10176933991694376, "y": 0.06459618480695035, "r": -0.002265358984933105, "b": -0.050364920205878676}