{"x": -0.07820482638881783, "y": -0.021743223775440156, "r": -0.17499492805879605, "b": -0.06779119632575424}