{"x": 0.024269235599744608, "y": -0.13373587311021962, "r": 0.0910426370728808, "b": -0.04872702887685906}