{"x": -0.06302347385966829, "y": 0.06075487160207122, "r": -0.14336998885894262, "b": -0.02932342630726381}