{"x": 0.04933192854420053, "y": 0.09088805390102658, "r": -0.03406551739831815, "b": 0.05670416790790152}