{"x": -0.12845815960843646, "y": 0.004962561293828341, "r": -0.1195140605168836, "b": 0.001602464054995707}