{"x": -0.17554943084686514, "y": -0.11862557778063183, "r": -0.07264777475729187, "b": -0.015723921691058542}