{"x": 0.006447319682106235, "y": 0.10940544003599478, "r": -0.05198752386314706, "b": -0.033097721049860904}