{"x": 0.013579210064545495, "y": -0.056145400362761985, "r": 0.03521620785293187, "b": -0.073469135540882}