{"x": -0.060370657151419344, "y": -0.02435856760733167, "r": 0.11167346144147476, "b": 0.16028817591666966}