{"x": 0.08805494717323831, "y": -0.14315971610859318, "r": 0.1170654950158026, "b": -0.030148307217656305}