{"x": -0.023713831803784058, "y": -0.1501789894841379, "r": 0.09603680267092277, "b": -0.010432807965239894}