{"x": 0.10343423669345307, "y": 0.055670500709822254, "r": -0.006194544643401072, "b": -0.08937077227840702}