{"x": 0.09499297730193909, "y": 0.08614699690942003, "r": -0.06765908281127968, "b": -0.06750132191469357}