{"x": -0.0541972348959553, "y": -0.04951457170757465, "r": 0.032189553918494186, "b": 0.012181608270182801}