{"x": 0.00861554210652898, "y": 0.018731101666345024, "r": -0.0821744678422739, "b": -0.07713829370173829}