{"x": 0.12525712866623787, "y": 0.079738319845501, "r": 0.10239865234872815, "b": 0.04496348348308352}