{"x": 0.026776023169123062, "y": 0.08178024279573921, "r": -0.011562764619843919, "b": 0.07841095363262732}