{"x": -0.08294989559765427, "y": -0.10386632465231098, "r": 0.0008415233767279359, "b": 0.0014930827593720238}