{"x": 0.08560959199290777, "y": -0.03241848448305162, "r": 0.06137560802387562, "b": -0.04616036075282605}