{"x": 0.07093948096624178, "y": -0.02026133111353279, "r": -0.03218679318597522, "b": -0.13287833252339804}