{"x": 0.007354206316464872, "y": 0.010906108439693116, "r": -0.005942568886643418, "b": 0.050586687588094224}