{"x": -0.06358746110757897, "y": 0.044676217610631896, "r": -0.1500846287474899, "b": -0.05296122847269419}