{"x": -0.09908604843711305, "y": -0.06712154827164407, "r": 0.06277349710471372, "b": 0.1334666487882436}