{"x": 0.03371328147584526, "y": 0.08771481473769578, "r": 0.00708281181443202, "b": 0.11334579636962949}