{"x": 0.010610988941902072, "y": 0.07281168486570029, "r": -0.029294520945507597, "b": 0.02754251860894654}