{"x": 0.062268218782818165, "y": 0.07871547220533687, "r": 0.08109614137211073, "b": 0.15478091853560164}