{"x": 0.03249391303224557, "y": 0.07650418732403416, "r": -0.14116585616284985, "b": -0.04854733300018451}