{"x": 0.015324341352908678, "y": 0.134703441927158, "r": 0.03413820844733782, "b": 0.17093293068132062}