{"x": 0.03651939308276047, "y": 0.1296348554917607, "r": -0.08037398192889329, "b": 0.02851124164061332}