{"x": 0.05098076685227641, "y": -0.00906830802188152, "r": -0.04413315060177333, "b": -0.10418222547593127}