{"x": 0.018201345176825576, "y": -0.13788997777812492, "r": 0.07364385518233643, "b": -0.10290177998202246}