{"x": -0.0128430204634508, "y": -0.0942401214106591, "r": 0.1347322077387696, "b": -0.06502467010821868}