{"x": -0.0031036221350238236, "y": 0.016190373046027474, "r": 0.03821574411173377, "b": 0.11601082728417594}