{"x": 0.04253403761250827, "y": 0.018058526466710863, "r": -0.03102869706821335, "b": -0.06680222364473366}