{"x": -0.004995157079196469, "y": -0.0883244078404345, "r": 0.06906168861948911, "b": 0.055175768399114374}