{"x": -0.0871520968966495, "y": -0.02400157575252882, "r": -0.13601871127702933, "b": -0.06264094942732132}