{"x": 0.08538371660866467, "y": -0.036147767558307155, "r": 0.11924057668085646, "b": 0.018283358385967126}