{"x": 0.1251849378684892, "y": -0.028635396243398524, "r": 0.016580157982601318, "b": -0.1481108495453127}