{"x": -0.015008749034280407, "y": -0.06818660838546707, "r": 0.14138843126410305, "b": -0.03105909242279132}