{"x": 0.03957958558959701, "y": -0.08426022879767117, "r": 0.026926736267737648, "b": -0.016313310717233038}