{"x": 0.08173867364556944, "y": -0.0862737152024142, "r": 0.02593986241802635, "b": -0.15358717507352446}