{"x": -0.037589039737949956, "y": 0.09405097651920206, "r": 0.022000568534889377, "b": 0.1295590027858405}