{"x": -0.13439783261819704, "y": -0.10795385316286073, "r": 0.005808540424712483, "b": 0.03822218675461899}