{"x": -0.13237293517582802, "y": -0.01243547804717926, "r": -0.11427695136735715, "b": 0.039597038554907316}