{"x": -0.11060949024574984, "y": -0.10346233325665273, "r": -0.05212111817884914, "b": -0.03611631790885827}