{"x": -0.08563494695275074, "y": 0.0826390861276856, "r": -0.01286795724536758, "b": 0.044761946851795534}