{"x": 0.17821612705864853, "y": 0.03992827214737044, "r": 0.04658905803348037, "b": -0.06275303251197}