{"x": 0.048890997175398285, "y": 0.04713936195016801, "r": -0.04497094568969374, "b": -0.06493641120909244}