{"x": -0.025668863664612754, "y": 0.1291358278488891, "r": -0.16268020742786207, "b": 0.0208907726268648}