{"x": -0.03269973558193867, "y": 0.09636078989266927, "r": -0.10693862496773218, "b": 0.004180793712026434}