{"x": 0.032113472971729166, "y": -0.06398021548517464, "r": 0.015644757190543996, "b": -0.07221854395072166}