{"x": 0.06957442061366269, "y": 0.1055620065758169, "r": -0.029820501056757327, "b": 0.02563962713954996}