{"x": -0.11811377946348701, "y": 0.05947621016401997, "r": -0.15772435715775407, "b": 0.0005613224736582877}