{"x": 0.1630671868820148, "y": 0.030988669711954926, "r": 0.07171899890025642, "b": -0.07144063792856249}