{"x": -0.010465914501793357, "y": 0.13610250123931084, "r": -0.009870857919644557, "b": 0.09853927176536073}