{"x": 0.05701624069242324, "y": -0.11882226921146725, "r": 0.07045320040968552, "b": -0.1053853094942051}