{"x": 0.16056784057871315, "y": 0.09752503986790637, "r": 0.03723419282626399, "b": -0.03508550050091946}