{"x": 0.09281370456689773, "y": -0.06710950867805326, "r": 0.07258262217044364, "b": -0.06615639826145771}