{"x": -0.0033900251444349567, "y": -0.04152572099739321, "r": 0.1907676418872146, "b": 0.10709203500338818}