{"x": -0.005767596994040348, "y": -0.12224506230374474, "r": 0.08951024056640661, "b": -0.05185990286967158}