{"x": 0.06552013386804577, "y": -0.07619342517728715, "r": 0.07534497995739359, "b": -0.10487884864219425}