{"x": -0.00528489774623428, "y": -0.018745483862278714, "r": -0.114540971081481, "b": -0.12383920240002616}