{"x": -0.060569126094612444, "y": -0.10568601362076477, "r": 0.08375068326588546, "b": -0.005005519024014219}