{"x": -0.10559335575999738, "y": -0.02950841928497593, "r": -0.13088271463210832, "b": -0.03813605779592653}