{"x": -0.0367677874643187, "y": 0.02035491502298747, "r": -0.004982895735823403, "b": 0.05213980675148277}