{"x": 0.09234869193567541, "y": 0.11308716243101284, "r": 0.06335535845934152, "b": 0.0722522842409757}