{"x": 0.0258985753533928, "y": -0.045225233441465354, "r": 0.10936058868560004, "b": 0.025023828508641807}