{"x": 0.1155045145795231, "y": 0.10475911042622198, "r": -0.017816481006449798, "b": 0.01053641579125832}