{"x": -0.01674874124610462, "y": 0.016879872222022283, "r": 0.038517671821962966, "b": 0.11352928188099448}