{"x": 0.11920169440656561, "y": 0.024035354894383354, "r": -0.022042827672739445, "b": -0.05413673095345874}