{"x": -0.013089193815486832, "y": 0.07120398170494695, "r": -0.0952625721165931, "b": 0.04059389675771112}