{"x": 0.17859691368003108, "y": 0.08570469402075125, "r": 0.049172688628035754, "b": -0.015935197788222652}