{"x": -0.0598024185409346, "y": -0.08763749566881239, "r": -0.005727463027795972, "b": 0.0015732916947629526}