{"x": 0.08165697572909136, "y": -0.02717578034617151, "r": 0.05810343421259742, "b": -0.03129755154458656}