{"x": 0.09957427781592641, "y": 0.11821459955494669, "r": 0.06412879645820192, "b": 0.04598525943544051}