{"x": 0.046867564445708575, "y": -0.06801745660060514, "r": 0.20930696764787274, "b": -0.025470906643507863}