{"x": 0.11703355404619586, "y": 0.08898720625057369, "r": 0.02900594902361565, "b": 0.01661577968254145}