{"x": 0.008588406260137403, "y": 0.06855273529861362, "r": 0.13969085906881176, "b": 0.15651992507644868}