{"x": 0.0038864515385131373, "y": -0.006704985681962137, "r": 0.14289476948020755, "b": 0.13856161972095038}