{"x": 0.027768197625214618, "y": 0.08705961372361544, "r": -0.012830578886939082, "b": 0.10849108873007249}