{"x": 0.046494914095433756, "y": 0.10256668677181469, "r": 0.05476981260846695, "b": 0.07239042390087627}