{"x": -0.0663689999304997, "y": -0.06710538698718543, "r": 0.02963044030021372, "b": 0.03401554595488711}