{"x": 0.05209117133252439, "y": 0.004682255963955357, "r": -0.0033240796680882013, "b": 0.010339294769337879}