{"x": -0.07456965964237688, "y": -0.04147302176328321, "r": 0.04155089360522526, "b": 0.06103630522520183}