{"x": 0.12330090135865884, "y": 0.12754518965513809, "r": -0.009688750868643181, "b": 0.05061224094762256}