{"x": -0.061716999077946734, "y": 0.11086839843198282, "r": -0.14194211344402888, "b": 0.01942651716792666}