{"x": -0.030363097665161227, "y": -0.153983548911618, "r": 0.1111249684996847, "b": -0.012495482746771931}