{"x": 0.04187087482664288, "y": -0.08402065981241735, "r": 0.06544044202053023, "b": -0.014275021918053892}