{"x": 0.031379543444024556, "y": 0.11556813331196729, "r": -0.09093183509791286, "b": 0.012233806044798809}