{"x": 0.0514860047455671, "y": 0.153133981576442, "r": -0.006422164843769865, "b": 0.1113299458402789}