{"x": -0.04329109787339241, "y": 0.11122887534029112, "r": -0.08797414592292652, "b": 0.10128462554350122}