{"x": 0.02028893801302373, "y": -0.03910115696755502, "r": -0.021413661647237254, "b": -0.0432234664184149}