{"x": 0.029044598952489134, "y": 0.00804918653946825, "r": 0.15600317971249847, "b": 0.12126436997313601}