{"x": 0.12437805760051884, "y": -0.0020033797997704357, "r": 0.13978038343114652, "b": 0.0010159908378008116}