{"x": -0.05318257760498358, "y": -0.11644798396275147, "r": -0.06325842442455842, "b": -0.08715184741719575}