{"x": -0.08342538078373887, "y": 0.058105960587662604, "r": -0.11605383187094591, "b": 0.003491792479710278}