{"x": -0.12054538766542738, "y": -0.16978102364978254, "r": 0.05182452597167213, "b": -0.011708304081429097}