{"x": -0.0020057255443253416, "y": 0.15118178587452483, "r": -0.1690070714901806, "b": 0.0007575275715381131}