{"x": 0.12299292846924864, "y": -0.03989097882868783, "r": 0.07000321042052461, "b": -0.10442960275486582}