{"x": 0.1401556065701906, "y": 0.009179447679665468, "r": 0.013350193506195264, "b": -0.08851947915312973}