{"x": -0.0634079318028086, "y": 0.029997725481471765, "r": -0.023552298742609785, "b": 0.04691536663593111}