{"x": 0.13975161991006574, "y": -0.020367629255453316, "r": 0.0650140014687002, "b": -0.027148123627541793}