{"x": -0.03554433181016637, "y": 0.05912379382803465, "r": -0.08725311352499919, "b": 0.0074150121132023315}