{"x": -0.13448367360483474, "y": -0.16885819469849217, "r": -0.004606716111526271, "b": -0.050937607125747984}