{"x": -0.0028881087658663286, "y": 0.0915274968328588, "r": 0.0055067697566159, "b": 0.17398527603778322}