{"x": -0.06509375715816713, "y": -0.10270320402915403, "r": -0.07195216036833291, "b": -0.04534986606756329}