{"x": 0.05377518118937177, "y": 0.08404943500385262, "r": -0.060232362149515044, "b": -0.014136814466085735}