{"x": 0.002815414606395729, "y": 0.10426913896240383, "r": -0.07094142353037981, "b": 0.05053918000104936}