{"x": 0.14038117384343585, "y": 0.08251089584299093, "r": -0.014440611577692521, "b": -0.08261794097544126}