{"x": 0.03445089151630441, "y": -0.004618969870848123, "r": 0.12686150114290673, "b": 0.15205108738084844}