{"x": 0.00561665818117561, "y": 0.11622807031717393, "r": -0.027312087959638267, "b": 0.07150577230002915}