{"x": 0.06146411058755864, "y": 0.009383489016423479, "r": -0.09645439654457587, "b": -0.09409009400787453}