{"x": -0.012750331846308536, "y": -0.08356129970374278, "r": -0.052547338845112854, "b": -0.08516841493545409}