{"x": 0.029139378850997558, "y": -0.003815778301483701, "r": -0.015553359086423172, "b": 0.007686028588306116}