{"x": -0.0108786869796876, "y": -0.09094576468945331, "r": 0.0750898318196987, "b": 0.03760975484716382}