{"x": -0.11024058653494304, "y": -0.028532059135013423, "r": 0.04971614910951682, "b": 0.15450839264167487}