{"x": 0.05573853777701048, "y": -0.07738934017304207, "r": 0.1380135945458119, "b": -0.0363874847216948}