{"x": 0.03772708205962824, "y": 0.12422703897453563, "r": -0.12093478264846287, "b": -0.03443482573355549}