{"x": -0.07695416054464257, "y": -0.06826016097351362, "r": -0.09018109592530224, "b": -0.06461918071965449}