{"x": -0.014632889300541305, "y": -0.007349215461407848, "r": -0.08600927887139521, "b": -0.06214304056031272}