{"x": 0.07885082910700357, "y": 0.0056504099431178905, "r": 0.12478420236060113, "b": 0.038828498157037435}