{"x": 0.06614903430478154, "y": -0.029648251530347485, "r": 0.009563229242365908, "b": -0.09773910775053915}