{"x": -0.0009017499846541133, "y": 0.17245693624561745, "r": -0.11118773983201903, "b": 0.051320775542732594}