{"x": -0.09372754126426897, "y": -0.15354477881362114, "r": 0.09772500110703183, "b": -0.009479553468451609}