{"x": 0.11035187139560837, "y": 0.04593518776100676, "r": -0.044225405860749974, "b": -0.09181775670443314}