{"x": -0.05535715355101814, "y": -0.11352311551602796, "r": -0.05513204099164309, "b": -0.0735163223434946}