{"x": -0.10064480420173849, "y": -0.0768105835255611, "r": -0.071599962726169, "b": 0.012766307448570553}