{"x": 0.11970090572187753, "y": 0.11868815353660184, "r": -0.006051547719563989, "b": -0.04040424871427623}