{"x": -0.13468010069158357, "y": -0.06165092901714174, "r": -0.14391725666074737, "b": -0.012607917690373305}