{"x": 0.137961306742083, "y": 0.04530807119074708, "r": 0.06768162333498937, "b": -0.03630966485772346}