{"x": -0.014341971688476635, "y": -0.052638573349649415, "r": 0.018088747887395087, "b": -0.032798472305190764}