{"x": 0.0575973723814978, "y": 0.06590768277717969, "r": -0.10667052469724936, "b": -0.09136664021854408}