{"x": -0.05859142859239251, "y": 0.03969525313391379, "r": -0.17961712561932025, "b": -0.031949865074301496}