{"x": 0.11607315297982586, "y": -0.004043846860880627, "r": 0.0680611279164289, "b": -0.02032293942639183}