{"x": 0.04356557733662932, "y": 0.14703529811214142, "r": -0.07064136111121971, "b": 0.02202600525511926}