{"x": -0.05052157987442639, "y": -0.15661942561852613, "r": 0.02824588685130842, "b": -0.08387859278511386}