{"x": -0.11276507994921137, "y": 0.020253234358354077, "r": 0.04395962017388154, "b": 0.18303408474387156}