{"x": 0.044831238362050704, "y": -0.021167188514438415, "r": 0.06440383932592575, "b": 0.038388651702921925}