{"x": -0.03741293567387339, "y": -0.16387391125721046, "r": -0.04291637810396447, "b": -0.11087755618318923}