{"x": 0.06285038528249695, "y": -0.028427811045842393, "r": 0.06683125576264635, "b": 0.007595002109205393}