{"x": 0.02952990854165434, "y": -0.09792576871789783, "r": 0.07694810094465757, "b": -0.06328096890517437}