{"x": -0.02869881452862115, "y": 0.010938904952386681, "r": -0.04869030939231121, "b": -0.009052589911303378}