{"x": -0.08215279732383562, "y": 0.08501095852534125, "r": -0.12849634322962078, "b": 0.01699340229923303}