{"x": 0.0796287898714413, "y": 0.02629045359980779, "r": 0.016113902934783843, "b": -0.04713432871318134}