{"x": 0.09583879105379342, "y": 0.15568948254207604, "r": 0.010580207625314553, "b": 0.07522012118988787}