{"x": -0.05525962107126602, "y": -0.06034905022304367, "r": -0.029152714117967413, "b": -0.04675564213502847}