{"x": 0.005148147299333586, "y": 0.09410465930393465, "r": -0.1262461791864379, "b": -0.04788241929786401}