{"x": 0.15402679342387182, "y": -0.005516924227164741, "r": 0.008942946638777304, "b": -0.10031158552902954}