{"x": 0.05811741024424223, "y": -0.09923794562702729, "r": 0.13812590971062755, "b": 0.050598689580719745}