{"x": 0.0006312178442280543, "y": 0.05326785869357827, "r": -0.1744316802509416, "b": -0.09179732660505138}