{"x": -0.06440478708664385, "y": 0.036916350380370846, "r": -0.1756068823538365, "b": -0.03893582822131243}