{"x": -0.011897732232350475, "y": -0.0024168680020551442, "r": -0.14386121422468884, "b": -0.168904529687881}