{"x": 0.027178597386146468, "y": -0.11195952665469731, "r": 0.1633987294398097, "b": 0.060522950038976446}