{"x": -0.013106280821318548, "y": 0.06342339435191258, "r": -0.1396002453849796, "b": -0.058271086500559795}