{"x": 0.04232621885261157, "y": -0.09673143176603514, "r": 0.12504005125929737, "b": 0.05598545014970332}