{"x": -0.008379880226562957, "y": 0.028419175874435803, "r": -0.03099647782400278, "b": 0.010369790437755605}