{"x": -0.04079472862930789, "y": -0.1396406749492708, "r": 0.07605253428973964, "b": 0.021004519848955086}