{"x": 0.08572296708140746, "y": 0.05290909452110724, "r": -0.009260101997472871, "b": -0.060265269651665405}