{"x": 0.03778105171533586, "y": 0.1582023964670117, "r": -0.08338573596907367, "b": 0.05603740796780411}