{"x": -0.08760201768842638, "y": -0.09975419391456984, "r": 0.06713613058349532, "b": 0.06132866945774702}