{"x": 0.15232751998177116, "y": 0.029238551055728642, "r": 0.07863565608574888, "b": -0.06550577047902041}