{"x": -0.0319545316380942, "y": 0.12242338205831224, "r": -0.006277297781970843, "b": 0.10898580614873597}