{"x": -0.09774179510120716, "y": 0.0904725251466525, "r": -0.11626176050359124, "b": 0.05030226486343884}