{"x": 0.09675617497176948, "y": 0.06294691143366947, "r": -0.06964996502381567, "b": -0.08920976086953264}