{"x": -0.046730882333807226, "y": -0.011825412596338335, "r": 0.11180866589409781, "b": 0.12342690853150906}