{"x": -0.06467089764800772, "y": -0.020632465433653414, "r": -0.08640445287890343, "b": -0.0034576961566866924}