{"x": 0.07210072842224473, "y": -0.12847032469779146, "r": 0.10590929709209991, "b": -0.061667865538472824}