{"x": 0.03571993384284955, "y": -0.17066608112454812, "r": 0.12096002864633423, "b": -0.04596271014639126}