{"x": -0.02177103159607217, "y": 0.01343974127487367, "r": -0.1567080636720227, "b": -0.03677462899408231}