{"x": 0.062029390431609044, "y": -0.021833980313850768, "r": 0.015866822453106277, "b": -0.07962871209749374}