{"x": 0.05808353780921019, "y": -0.06908766386766828, "r": -0.03678324388922913, "b": -0.07530737779430552}