{"x": -0.020030685843913123, "y": -0.1253720946331519, "r": 0.09078363992943023, "b": -0.0026135287977292173}