{"x": -0.11001552329277589, "y": -0.14602773452550966, "r": 0.05452365466188595, "b": 0.018511443429152185}