{"x": 0.03835376362203979, "y": -0.12463025056031964, "r": 0.04687415858677004, "b": -0.09887019072439741}