{"x": -0.06722767722672243, "y": -0.007255087736896696, "r": -0.0005757861043532215, "b": 0.053437854273057035}