{"x": 0.04470538460892974, "y": -0.06476192423250464, "r": -0.03344706805781965, "b": -0.1264528135540174}