{"x": -0.06625286315656793, "y": -0.03215735797259324, "r": 0.07031577538501657, "b": 0.12702956193300216}