{"x": -0.17047707564267217, "y": 0.006254941942425145, "r": -0.15260647143089268, "b": 0.03264329179614371}