{"x": 0.1139662302677062, "y": -0.0596009428395415, "r": -0.0026185250545791537, "b": -0.11130209262052472}