{"x": -0.015270594955082505, "y": -0.0768775981254444, "r": -0.04544595457911558, "b": -0.12909442684893008}