{"x": 0.003490377074468242, "y": 0.08268858892817542, "r": -0.14489271613937516, "b": -0.06569450428566798}