{"x": 0.02801247210466335, "y": -0.05298903749269594, "r": 0.10707365943210108, "b": 0.014653512931805245}