{"x": 0.03949766469468513, "y": -0.0003245064677465962, "r": -0.031284287480998936, "b": -0.034666535199339835}