{"x": -0.07009668959533567, "y": -0.05797112044921882, "r": -0.0866832600332108, "b": -0.05699673678777029}