{"x": 0.030639777276724598, "y": 0.06897019392480518, "r": 0.01617219520086767, "b": 0.07411519728027476}