{"x": -0.14061994227567565, "y": 0.04613557287534378, "r": -0.11275771703162916, "b": 0.050637293000207376}