{"x": -0.1379625990954468, "y": -0.0832059516922589, "r": 0.028110903510586503, "b": 0.056365880400000914}