{"x": 0.12192899752099325, "y": -0.01842117356058469, "r": 0.0016627768303220406, "b": -0.15573649850143634}