{"x": 0.09608489559979418, "y": 0.14459494613235194, "r": 0.016708861814609923, "b": 0.05547685979463045}