{"x": -0.01596456678353721, "y": -0.003912987442979397, "r": -0.1594048063131422, "b": -0.14286862089682356}