{"x": 0.0993268124539776, "y": -0.00733661845249604, "r": -0.011805787247262023, "b": -0.10891150417202856}