{"x": -0.07945987118001967, "y": -0.17503260197038434, "r": -0.05745544917104968, "b": -0.05293496337290698}