{"x": -0.18714953584738042, "y": -0.09578309894942601, "r": 0.005207984623230009, "b": 0.08203347614959257}