{"x": 0.1858524530989478, "y": 0.0373296573340135, "r": 0.015893399707257855, "b": -0.06487095143659}