{"x": -0.12597964259598782, "y": -0.12863178748546386, "r": -0.025103644999105532, "b": -0.07154063070209393}