{"x": 0.07391245951742398, "y": 0.13384058477709382, "r": -0.07052466406810255, "b": -0.027793782555457416}