{"x": -0.09635557213656062, "y": 0.07404304329131706, "r": -0.1147468781589203, "b": 0.043680899537522064}