{"x": 0.0040206401477712395, "y": 0.1376521469129317, "r": -0.09397056640731608, "b": 0.028660833120711878}