{"x": 0.14065664261314342, "y": -0.03146986691385318, "r": 0.004159331292164122, "b": -0.14929684983096178}