{"x": -0.0374291946273915, "y": -0.14714710578967272, "r": -0.006696150374492178, "b": -0.07599315784058128}