{"x": 0.026285563163012872, "y": 0.05466581666288459, "r": -0.09570947489800927, "b": -0.027719974994875385}