{"x": 0.004121270936443867, "y": -0.041111357659400306, "r": 0.02161646376410719, "b": -0.03602464279304924}