{"x": 0.08230419586214612, "y": 0.019436427723353474, "r": 0.0012479062124744092, "b": -0.056808638311918604}