{"x": 0.10114347222743458, "y": 0.1037683849697977, "r": 0.06722784977348001, "b": 0.0779371506124632}