{"x": 0.1155143939786438, "y": 0.10414907610305929, "r": -0.03615284056735365, "b": -0.03236935905983096}