{"x": 0.0042959589552942256, "y": -0.11588049716456722, "r": 0.13148130251102774, "b": -0.10495193792175689}