{"x": 0.06744713770962767, "y": -0.004592444800801329, "r": -0.09600388025062503, "b": -0.13762349977779073}