{"x": 0.09296040800441756, "y": -0.0020937974095728727, "r": 0.012142677537100716, "b": -0.17771508033990188}