{"x": 0.14281966877668212, "y": 0.031226815501229594, "r": 0.05832366037059056, "b": -0.08968128347961865}