{"x": 0.14142560978823335, "y": 0.0667721805016551, "r": 0.0825854256185393, "b": -0.012828881958413337}