{"x": 0.05541185950416416, "y": 0.05209303158509402, "r": 0.02880911977739944, "b": 0.07775323200722783}