{"x": 0.10246080797307021, "y": -0.026652205053273186, "r": 0.09290822110792409, "b": -0.03620479191841986}