{"x": -0.038918808445799744, "y": -0.04286063503722996, "r": -0.024958899747879106, "b": -0.023592035717853625}