{"x": 0.08990850855343348, "y": -0.10479950716081511, "r": 0.040953962301916155, "b": -0.07611768984102787}