{"x": 0.0898717402967687, "y": 0.11145976962183406, "r": 0.03741250143362072, "b": 0.06692974214895261}