{"x": 0.1312371810911639, "y": 0.06426028607231185, "r": 0.08951206056277276, "b": 0.022535165543920727}