{"x": 0.060434244637184144, "y": 0.0692702273982901, "r": -0.05522473269504456, "b": -0.0463887499339386}