{"x": 0.021799989365112137, "y": -0.11173198685579228, "r": 0.012980920796997392, "b": -0.14241534067608097}