{"x": -0.10603466857486711, "y": -0.00031957812405530243, "r": 0.014647158749942988, "b": 0.1255990801695623}