{"x": 0.14976535500429392, "y": 0.05045928404456293, "r": -0.003126672712099452, "b": -0.07419581126237688}