{"x": -0.05386202624365586, "y": 0.12621211800686444, "r": -0.08038747124546244, "b": 0.08781503209044508}