{"x": 0.043432440531512184, "y": 0.010776658960693583, "r": -0.0974802771571746, "b": -0.08401056706027049}