{"x": -0.15309327829617012, "y": -0.015506140499826362, "r": 0.027397319057459485, "b": 0.0595835106615154}