{"x": 0.11601612130454805, "y": 0.03793997802903385, "r": 0.0508214006041658, "b": 0.009925012755340952}