{"x": 0.05072758284894997, "y": 0.0851343272451076, "r": -0.03938276392263068, "b": -0.000724198716994029}