{"x": -0.07239861126138643, "y": 0.01996064327230052, "r": -0.15274042822933814, "b": -0.07159651739116396}