{"x": 0.09019701465362885, "y": 0.11547800298895501, "r": -0.017668101486213672, "b": -0.07204201349554443}