{"x": -0.08482044727627908, "y": -0.017462771594630073, "r": 0.0778259825314944, "b": 0.16514325357465023}