{"x": -0.0007522229037549473, "y": -0.12062159881388305, "r": 0.03413692980160395, "b": -0.04810011328287474}