{"x": 0.17494221408420363, "y": 0.08965662516167473, "r": 0.05143769204110286, "b": 0.013212263008877278}