{"x": 0.0026352785650177795, "y": 0.05944735917139387, "r": -0.12023315431018522, "b": -0.08335588204755452}