{"x": -0.1345945702072561, "y": -0.005241681814699999, "r": -0.047051941417427016, "b": 0.06903823198988807}