{"x": -0.04820080336122772, "y": 0.07313523307556223, "r": 0.0793754446617852, "b": 0.17804663189208297}