{"x": 0.12023620990568105, "y": 0.13765624581924987, "r": -0.008584366659646278, "b": 0.026172573202871235}