{"x": 0.056440996139499634, "y": 0.1690203426303955, "r": -0.02063918320766213, "b": 0.08068504351917474}