{"x": 0.04414950923136114, "y": 0.008359126276207742, "r": 0.03976114699448951, "b": -0.008170841299237943}