{"x": -0.028617308759919136, "y": -0.13906339236347323, "r": -0.05029337655305766, "b": -0.12237381575634268}