{"x": 0.1671324068444966, "y": 0.0003919633833741641, "r": 0.11072696624416652, "b": -0.04586729915889495}