{"x": 0.15155621516993295, "y": 0.06147664090988444, "r": 0.07525648229786679, "b": 0.03707018147197273}