{"x": -0.039091474853772915, "y": 0.09060846568571554, "r": -0.03910532723450597, "b": -0.012542971427049078}