{"x": 0.04379137643894658, "y": -0.034415497934144536, "r": 0.06035923583814763, "b": -0.04095145352128896}