{"x": -0.005577073878967098, "y": -0.018428190445626467, "r": -0.03520048928472839, "b": 0.03116280921752939}