{"x": -0.023122201730409516, "y": -0.033688019731468184, "r": 0.13350354049579954, "b": 0.09665077380778159}