{"x": 0.14346574313776106, "y": 0.08472013596379409, "r": 0.008850933488151465, "b": -0.03503827556821225}