{"x": -0.06917034295426397, "y": 0.10850120143635612, "r": -0.09123577356932444, "b": 0.06677879455225219}