{"x": 0.06898574892621386, "y": -0.02088081266450152, "r": -0.07422885993326808, "b": -0.11809352132852058}