{"x": -0.019504585657430636, "y": 0.04484562121813337, "r": -0.05335456535740693, "b": -0.0886521184231014}