{"x": 0.0033081378985535693, "y": -0.09632374530871163, "r": -0.0016192751849551201, "b": -0.13919884179157782}