{"x": 0.09525930822447498, "y": 0.0028376494824704454, "r": -0.029191615705104465, "b": -0.10597846951728007}