{"x": -0.10520654752937762, "y": -0.061868132749414245, "r": 0.02233749614638696, "b": 0.07780004042824067}