{"x": -0.026916843740499973, "y": 0.09218131897904158, "r": -0.0902066723780332, "b": 0.07918465390459523}