{"x": -0.12958899504351393, "y": -0.061975668089589764, "r": -0.06287629493281745, "b": 0.023049696400688623}