{"x": 0.0451262870731809, "y": 0.05819578351404809, "r": -0.10463807593625227, "b": -0.08711708401375909}