{"x": -0.080483877738734, "y": 0.003081164462283721, "r": -0.027455014330528677, "b": 0.014228198075844507}