{"x": 0.014479968026209685, "y": 0.02771334865808134, "r": -0.15221255831757127, "b": -0.12096171879583542}