{"x": 0.010445192920765612, "y": 0.07141382265287732, "r": -0.16429237666576355, "b": -0.05901435469668696}