{"x": 0.19105755705126531, "y": 0.05817267681176779, "r": 0.06823799911437299, "b": 0.006959685573904659}