{"x": -0.032566612178878976, "y": 0.03282030480403329, "r": -0.11458666170265029, "b": -0.03093148699881781}