{"x": -0.03254110440441027, "y": -0.08214393850273657, "r": -0.008364006840529232, "b": -0.0704568055432931}