{"x": 0.05254005069832002, "y": 0.06320877825022841, "r": -0.09621820523845595, "b": -0.05169327195676023}