{"x": 0.1428108542659169, "y": 0.02050882078108783, "r": 0.03735809256601693, "b": -0.0958530535810079}