{"x": -0.03608560999675617, "y": -0.0523316483788265, "r": -0.09342560048777536, "b": -0.10967163886984559}