{"x": 0.04885570478556602, "y": 0.07204987708560327, "r": -0.11104307513375616, "b": -0.04274279705757515}