{"x": -0.001915987629909785, "y": -0.12540274074607663, "r": -0.008268955076719103, "b": -0.14387335493134018}