{"x": -0.020376297345492053, "y": -0.08324555827037669, "r": 0.0765144757121986, "b": -0.00761235833395937}