{"x": 0.07527329012063287, "y": -0.06322437316387648, "r": 0.02785383221508956, "b": -0.11596551007553407}