{"x": 0.051633096809977644, "y": -0.06741978752624184, "r": -0.0882332393277269, "b": -0.12304622874959775}