{"x": 0.11699711326538831, "y": -0.0061277219874134765, "r": -0.005648016899479653, "b": -0.1113130537476022}