{"x": 0.013371060383081439, "y": -0.12667156698625348, "r": -0.0207462313070522, "b": -0.18020358648161108}