{"x": -0.004863041080133973, "y": 0.09851174093544045, "r": 0.03528033322479166, "b": 0.1259704399439638}