{"x": -0.08102820692539232, "y": 0.00816646133214676, "r": -0.1336344257667668, "b": -0.08212019198712757}