{"x": 0.04876210246071152, "y": 0.015863313305307842, "r": 0.07521899279012143, "b": 0.029802436679480324}