{"x": 0.08532558502580417, "y": -0.00016159503318338142, "r": -0.049558900401588064, "b": -0.13504608046057573}