{"x": -0.10161847927759217, "y": -0.08191682340040286, "r": 0.12604116076070807, "b": 0.01912321250838591}