{"x": 0.02709903705805531, "y": 0.07898044478242938, "r": -0.034555655594430135, "b": 0.022481495576908858}