{"x": -0.009552974876932994, "y": 0.01020508071062142, "r": -0.0027718093608050105, "b": 0.00470842713508861}