{"x": -0.05948644011779971, "y": -0.015333388142420372, "r": -0.1072584363444928, "b": -0.148125741848873}