{"x": 0.00550743411544694, "y": 0.05005909524261559, "r": -0.06253825354211388, "b": -0.03916737224090976}