{"x": 0.0211051918535877, "y": -0.1371840117324317, "r": -0.0003577153775958569, "b": -0.11450238846276704}