{"x": -0.08353859046949245, "y": -0.01727714494624723, "r": -0.010657343854693718, "b": 0.07695497224794982}