{"x": -0.14047220334311025, "y": -0.0750642248411457, "r": -0.04737450405425225, "b": 0.1250894346873427}