{"x": 0.05385190460794514, "y": -0.08966592374978546, "r": 0.17597990902549376, "b": 0.037705669473452635}