{"x": -0.05722613496203368, "y": -0.09640187735145128, "r": 0.011351351141619002, "b": 0.050658700951903925}