{"x": 0.3035295604087174, "y": 0.15514106513230502, "r": 0.10126518476196018, "b": -0.04274014774328114}