{"x": 0.16556274430693504, "y": 0.3356186387320496, "r": -0.0483866479462892, "b": 0.16790751752275332}