{"x": 0.06941367013805236, "y": 0.10140645421621576, "r": -0.1687593895865989, "b": -0.08751055333546034}